[main] INFO org.pqca.Main - Writing CBOMs to /home/tako/naryun/cbom/cbom-lab/results/action/local-workspace-cwd
[main] INFO org.pqca.indexing.IndexingService - Indexing projects ...
[main] INFO org.pqca.indexing.IndexingService - Found project module 'java-app' [1 .java files]
[main] INFO org.pqca.scanning.ScannerService - Start scanning 1 java projects
[main] INFO org.pqca.scanning.ScannerService - Scanning java project java-app (1/1)
[main] INFO org.sonar.java.JavaFrontend - Server-side caching is not enabled. The Java analyzer will not try to leverage data from a previous analysis.
[main] INFO org.sonar.java.JavaFrontend - Using ECJ batch to parse 1 Main java source files with batch size 8388608 KB.
[main] INFO org.sonar.java.ProgressMonitor - Starting batch processing.
Failed to init Classpath for jar file /home/tako/naryun/.gradle/wrapper/dists/gradle-4.2-all/35kgqhc6h01n0g1he8zslvs9l/gradle-4.2/samples/userguide/artifacts/excludesAndClassifiers/repo/org.gradle.test.excludes/api-1.0.jar
java.util.zip.ZipException: zip file is empty
	at java.base/java.util.zip.ZipFile$Source.zerror(ZipFile.java:1781)
	at java.base/java.util.zip.ZipFile$Source.findEND(ZipFile.java:1562)
	at java.base/java.util.zip.ZipFile$Source.initCEN(ZipFile.java:1657)
	at java.base/java.util.zip.ZipFile$Source.<init>(ZipFile.java:1495)
	at java.base/java.util.zip.ZipFile$Source.get(ZipFile.java:1458)
	at java.base/java.util.zip.ZipFile$CleanableResource.<init>(ZipFile.java:724)
	at java.base/java.util.zip.ZipFile.<init>(ZipFile.java:251)
	at java.base/java.util.zip.ZipFile.<init>(ZipFile.java:180)
	at java.base/java.util.zip.ZipFile.<init>(ZipFile.java:194)
	at org.eclipse.jdt.internal.compiler.batch.ClasspathJar.initialize(ClasspathJar.java:196)
	at org.eclipse.jdt.internal.compiler.batch.FileSystem.<init>(FileSystem.java:233)
	at org.eclipse.jdt.internal.compiler.batch.FileSystem.<init>(FileSystem.java:286)
	at org.eclipse.jdt.core.dom.NameEnvironmentWithProgress.<init>(NameEnvironmentWithProgress.java:38)
	at org.eclipse.jdt.core.dom.CompilationUnitResolver.resolve(CompilationUnitResolver.java:765)
	at org.eclipse.jdt.core.dom.CompilationUnitResolver$ECJCompilationUnitResolver.resolve(CompilationUnitResolver.java:84)
	at org.eclipse.jdt.core.dom.ASTParser.createASTs(ASTParser.java:1109)
	at org.sonar.java.model.JParserConfig$Batch.parse(JParserConfig.java:173)
	at org.sonar.java.JavaFrontend.scanBatch(JavaFrontend.java:238)
	at org.sonar.java.JavaFrontend.scanInBatches(JavaFrontend.java:228)
	at org.sonar.java.JavaFrontend.scanAsBatch(JavaFrontend.java:195)
	at org.sonar.java.JavaFrontend.scan(JavaFrontend.java:160)
	at org.pqca.scanning.java.JavaScannerService.scan(JavaScannerService.java:185)
	at org.pqca.BomGenerator.generateBom(BomGenerator.java:83)
	at org.pqca.Main.main(Main.java:135)
Failed to init Classpath for jar file /home/tako/naryun/.gradle/wrapper/dists/gradle-4.2-all/35kgqhc6h01n0g1he8zslvs9l/gradle-4.2/samples/userguide/artifacts/excludesAndClassifiers/repo/org.gradle.test.excludes/reports-1.0.jar
java.util.zip.ZipException: zip file is empty
	at java.base/java.util.zip.ZipFile$Source.zerror(ZipFile.java:1781)
	at java.base/java.util.zip.ZipFile$Source.findEND(ZipFile.java:1562)
	at java.base/java.util.zip.ZipFile$Source.initCEN(ZipFile.java:1657)
	at java.base/java.util.zip.ZipFile$Source.<init>(ZipFile.java:1495)
	at java.base/java.util.zip.ZipFile$Source.get(ZipFile.java:1458)
	at java.base/java.util.zip.ZipFile$CleanableResource.<init>(ZipFile.java:724)
	at java.base/java.util.zip.ZipFile.<init>(ZipFile.java:251)
	at java.base/java.util.zip.ZipFile.<init>(ZipFile.java:180)
	at java.base/java.util.zip.ZipFile.<init>(ZipFile.java:194)
	at org.eclipse.jdt.internal.compiler.batch.ClasspathJar.initialize(ClasspathJar.java:196)
	at org.eclipse.jdt.internal.compiler.batch.FileSystem.<init>(FileSystem.java:233)
	at org.eclipse.jdt.internal.compiler.batch.FileSystem.<init>(FileSystem.java:286)
	at org.eclipse.jdt.core.dom.NameEnvironmentWithProgress.<init>(NameEnvironmentWithProgress.java:38)
	at org.eclipse.jdt.core.dom.CompilationUnitResolver.resolve(CompilationUnitResolver.java:765)
	at org.eclipse.jdt.core.dom.CompilationUnitResolver$ECJCompilationUnitResolver.resolve(CompilationUnitResolver.java:84)
	at org.eclipse.jdt.core.dom.ASTParser.createASTs(ASTParser.java:1109)
	at org.sonar.java.model.JParserConfig$Batch.parse(JParserConfig.java:173)
	at org.sonar.java.JavaFrontend.scanBatch(JavaFrontend.java:238)
	at org.sonar.java.JavaFrontend.scanInBatches(JavaFrontend.java:228)
	at org.sonar.java.JavaFrontend.scanAsBatch(JavaFrontend.java:195)
	at org.sonar.java.JavaFrontend.scan(JavaFrontend.java:160)
	at org.pqca.scanning.java.JavaScannerService.scan(JavaScannerService.java:185)
	at org.pqca.BomGenerator.generateBom(BomGenerator.java:83)
	at org.pqca.Main.main(Main.java:135)
Failed to init Classpath for jar file /home/tako/naryun/.gradle/wrapper/dists/gradle-4.2-all/35kgqhc6h01n0g1he8zslvs9l/gradle-4.2/samples/userguide/artifacts/excludesAndClassifiers/repo/org.gradle.test.excludes/shared-1.0.jar
java.util.zip.ZipException: zip file is empty
	at java.base/java.util.zip.ZipFile$Source.zerror(ZipFile.java:1781)
	at java.base/java.util.zip.ZipFile$Source.findEND(ZipFile.java:1562)
	at java.base/java.util.zip.ZipFile$Source.initCEN(ZipFile.java:1657)
	at java.base/java.util.zip.ZipFile$Source.<init>(ZipFile.java:1495)
	at java.base/java.util.zip.ZipFile$Source.get(ZipFile.java:1458)
	at java.base/java.util.zip.ZipFile$CleanableResource.<init>(ZipFile.java:724)
	at java.base/java.util.zip.ZipFile.<init>(ZipFile.java:251)
	at java.base/java.util.zip.ZipFile.<init>(ZipFile.java:180)
	at java.base/java.util.zip.ZipFile.<init>(ZipFile.java:194)
	at org.eclipse.jdt.internal.compiler.batch.ClasspathJar.initialize(ClasspathJar.java:196)
	at org.eclipse.jdt.internal.compiler.batch.FileSystem.<init>(FileSystem.java:233)
	at org.eclipse.jdt.internal.compiler.batch.FileSystem.<init>(FileSystem.java:286)
	at org.eclipse.jdt.core.dom.NameEnvironmentWithProgress.<init>(NameEnvironmentWithProgress.java:38)
	at org.eclipse.jdt.core.dom.CompilationUnitResolver.resolve(CompilationUnitResolver.java:765)
	at org.eclipse.jdt.core.dom.CompilationUnitResolver$ECJCompilationUnitResolver.resolve(CompilationUnitResolver.java:84)
	at org.eclipse.jdt.core.dom.ASTParser.createASTs(ASTParser.java:1109)
	at org.sonar.java.model.JParserConfig$Batch.parse(JParserConfig.java:173)
	at org.sonar.java.JavaFrontend.scanBatch(JavaFrontend.java:238)
	at org.sonar.java.JavaFrontend.scanInBatches(JavaFrontend.java:228)
	at org.sonar.java.JavaFrontend.scanAsBatch(JavaFrontend.java:195)
	at org.sonar.java.JavaFrontend.scan(JavaFrontend.java:160)
	at org.pqca.scanning.java.JavaScannerService.scan(JavaScannerService.java:185)
	at org.pqca.BomGenerator.generateBom(BomGenerator.java:83)
	at org.pqca.Main.main(Main.java:135)
Failed to init Classpath for jar file /home/tako/naryun/.gradle/wrapper/dists/gradle-4.2-all/35kgqhc6h01n0g1he8zslvs9l/gradle-4.2/samples/userguide/artifacts/excludesAndClassifiers/repo/org.gradle.test.excludes/commons-1.0.jar
java.util.zip.ZipException: zip file is empty
	at java.base/java.util.zip.ZipFile$Source.zerror(ZipFile.java:1781)
	at java.base/java.util.zip.ZipFile$Source.findEND(ZipFile.java:1562)
	at java.base/java.util.zip.ZipFile$Source.initCEN(ZipFile.java:1657)
	at java.base/java.util.zip.ZipFile$Source.<init>(ZipFile.java:1495)
	at java.base/java.util.zip.ZipFile$Source.get(ZipFile.java:1458)
	at java.base/java.util.zip.ZipFile$CleanableResource.<init>(ZipFile.java:724)
	at java.base/java.util.zip.ZipFile.<init>(ZipFile.java:251)
	at java.base/java.util.zip.ZipFile.<init>(ZipFile.java:180)
	at java.base/java.util.zip.ZipFile.<init>(ZipFile.java:194)
	at org.eclipse.jdt.internal.compiler.batch.ClasspathJar.initialize(ClasspathJar.java:196)
	at org.eclipse.jdt.internal.compiler.batch.FileSystem.<init>(FileSystem.java:233)
	at org.eclipse.jdt.internal.compiler.batch.FileSystem.<init>(FileSystem.java:286)
	at org.eclipse.jdt.core.dom.NameEnvironmentWithProgress.<init>(NameEnvironmentWithProgress.java:38)
	at org.eclipse.jdt.core.dom.CompilationUnitResolver.resolve(CompilationUnitResolver.java:765)
	at org.eclipse.jdt.core.dom.CompilationUnitResolver$ECJCompilationUnitResolver.resolve(CompilationUnitResolver.java:84)
	at org.eclipse.jdt.core.dom.ASTParser.createASTs(ASTParser.java:1109)
	at org.sonar.java.model.JParserConfig$Batch.parse(JParserConfig.java:173)
	at org.sonar.java.JavaFrontend.scanBatch(JavaFrontend.java:238)
	at org.sonar.java.JavaFrontend.scanInBatches(JavaFrontend.java:228)
	at org.sonar.java.JavaFrontend.scanAsBatch(JavaFrontend.java:195)
	at org.sonar.java.JavaFrontend.scan(JavaFrontend.java:160)
	at org.pqca.scanning.java.JavaScannerService.scan(JavaScannerService.java:185)
	at org.pqca.BomGenerator.generateBom(BomGenerator.java:83)
	at org.pqca.Main.main(Main.java:135)
Failed to init Classpath for jar file /home/tako/naryun/.gradle/wrapper/dists/gradle-4.2-all/35kgqhc6h01n0g1he8zslvs9l/gradle-4.2/samples/userguide/artifacts/excludesAndClassifiers/repo/org.gradle.test.excludes/other-api-1.0.jar
java.util.zip.ZipException: zip file is empty
	at java.base/java.util.zip.ZipFile$Source.zerror(ZipFile.java:1781)
	at java.base/java.util.zip.ZipFile$Source.findEND(ZipFile.java:1562)
	at java.base/java.util.zip.ZipFile$Source.initCEN(ZipFile.java:1657)
	at java.base/java.util.zip.ZipFile$Source.<init>(ZipFile.java:1495)
	at java.base/java.util.zip.ZipFile$Source.get(ZipFile.java:1458)
	at java.base/java.util.zip.ZipFile$CleanableResource.<init>(ZipFile.java:724)
	at java.base/java.util.zip.ZipFile.<init>(ZipFile.java:251)
	at java.base/java.util.zip.ZipFile.<init>(ZipFile.java:180)
	at java.base/java.util.zip.ZipFile.<init>(ZipFile.java:194)
	at org.eclipse.jdt.internal.compiler.batch.ClasspathJar.initialize(ClasspathJar.java:196)
	at org.eclipse.jdt.internal.compiler.batch.FileSystem.<init>(FileSystem.java:233)
	at org.eclipse.jdt.internal.compiler.batch.FileSystem.<init>(FileSystem.java:286)
	at org.eclipse.jdt.core.dom.NameEnvironmentWithProgress.<init>(NameEnvironmentWithProgress.java:38)
	at org.eclipse.jdt.core.dom.CompilationUnitResolver.resolve(CompilationUnitResolver.java:765)
	at org.eclipse.jdt.core.dom.CompilationUnitResolver$ECJCompilationUnitResolver.resolve(CompilationUnitResolver.java:84)
	at org.eclipse.jdt.core.dom.ASTParser.createASTs(ASTParser.java:1109)
	at org.sonar.java.model.JParserConfig$Batch.parse(JParserConfig.java:173)
	at org.sonar.java.JavaFrontend.scanBatch(JavaFrontend.java:238)
	at org.sonar.java.JavaFrontend.scanInBatches(JavaFrontend.java:228)
	at org.sonar.java.JavaFrontend.scanAsBatch(JavaFrontend.java:195)
	at org.sonar.java.JavaFrontend.scan(JavaFrontend.java:160)
	at org.pqca.scanning.java.JavaScannerService.scan(JavaScannerService.java:185)
	at org.pqca.BomGenerator.generateBom(BomGenerator.java:83)
	at org.pqca.Main.main(Main.java:135)
Failed to init Classpath for jar file /home/tako/naryun/.gradle/wrapper/dists/gradle-4.2-all/35kgqhc6h01n0g1he8zslvs9l/gradle-4.2/samples/userguide/artifacts/excludesAndClassifiers/repo/org.gradle.test.classifiers/service-1.0-jdk14.jar
java.util.zip.ZipException: zip file is empty
	at java.base/java.util.zip.ZipFile$Source.zerror(ZipFile.java:1781)
	at java.base/java.util.zip.ZipFile$Source.findEND(ZipFile.java:1562)
	at java.base/java.util.zip.ZipFile$Source.initCEN(ZipFile.java:1657)
	at java.base/java.util.zip.ZipFile$Source.<init>(ZipFile.java:1495)
	at java.base/java.util.zip.ZipFile$Source.get(ZipFile.java:1458)
	at java.base/java.util.zip.ZipFile$CleanableResource.<init>(ZipFile.java:724)
	at java.base/java.util.zip.ZipFile.<init>(ZipFile.java:251)
	at java.base/java.util.zip.ZipFile.<init>(ZipFile.java:180)
	at java.base/java.util.zip.ZipFile.<init>(ZipFile.java:194)
	at org.eclipse.jdt.internal.compiler.batch.ClasspathJar.initialize(ClasspathJar.java:196)
	at org.eclipse.jdt.internal.compiler.batch.FileSystem.<init>(FileSystem.java:233)
	at org.eclipse.jdt.internal.compiler.batch.FileSystem.<init>(FileSystem.java:286)
	at org.eclipse.jdt.core.dom.NameEnvironmentWithProgress.<init>(NameEnvironmentWithProgress.java:38)
	at org.eclipse.jdt.core.dom.CompilationUnitResolver.resolve(CompilationUnitResolver.java:765)
	at org.eclipse.jdt.core.dom.CompilationUnitResolver$ECJCompilationUnitResolver.resolve(CompilationUnitResolver.java:84)
	at org.eclipse.jdt.core.dom.ASTParser.createASTs(ASTParser.java:1109)
	at org.sonar.java.model.JParserConfig$Batch.parse(JParserConfig.java:173)
	at org.sonar.java.JavaFrontend.scanBatch(JavaFrontend.java:238)
	at org.sonar.java.JavaFrontend.scanInBatches(JavaFrontend.java:228)
	at org.sonar.java.JavaFrontend.scanAsBatch(JavaFrontend.java:195)
	at org.sonar.java.JavaFrontend.scan(JavaFrontend.java:160)
	at org.pqca.scanning.java.JavaScannerService.scan(JavaScannerService.java:185)
	at org.pqca.BomGenerator.generateBom(BomGenerator.java:83)
	at org.pqca.Main.main(Main.java:135)
Failed to init Classpath for jar file /home/tako/naryun/.gradle/wrapper/dists/gradle-4.2-all/35kgqhc6h01n0g1he8zslvs9l/gradle-4.2/samples/userguide/artifacts/excludesAndClassifiers/repo/org.gradle.test.classifiers/service-1.0-jdk15.jar
java.util.zip.ZipException: zip file is empty
	at java.base/java.util.zip.ZipFile$Source.zerror(ZipFile.java:1781)
	at java.base/java.util.zip.ZipFile$Source.findEND(ZipFile.java:1562)
	at java.base/java.util.zip.ZipFile$Source.initCEN(ZipFile.java:1657)
	at java.base/java.util.zip.ZipFile$Source.<init>(ZipFile.java:1495)
	at java.base/java.util.zip.ZipFile$Source.get(ZipFile.java:1458)
	at java.base/java.util.zip.ZipFile$CleanableResource.<init>(ZipFile.java:724)
	at java.base/java.util.zip.ZipFile.<init>(ZipFile.java:251)
	at java.base/java.util.zip.ZipFile.<init>(ZipFile.java:180)
	at java.base/java.util.zip.ZipFile.<init>(ZipFile.java:194)
	at org.eclipse.jdt.internal.compiler.batch.ClasspathJar.initialize(ClasspathJar.java:196)
	at org.eclipse.jdt.internal.compiler.batch.FileSystem.<init>(FileSystem.java:233)
	at org.eclipse.jdt.internal.compiler.batch.FileSystem.<init>(FileSystem.java:286)
	at org.eclipse.jdt.core.dom.NameEnvironmentWithProgress.<init>(NameEnvironmentWithProgress.java:38)
	at org.eclipse.jdt.core.dom.CompilationUnitResolver.resolve(CompilationUnitResolver.java:765)
	at org.eclipse.jdt.core.dom.CompilationUnitResolver$ECJCompilationUnitResolver.resolve(CompilationUnitResolver.java:84)
	at org.eclipse.jdt.core.dom.ASTParser.createASTs(ASTParser.java:1109)
	at org.sonar.java.model.JParserConfig$Batch.parse(JParserConfig.java:173)
	at org.sonar.java.JavaFrontend.scanBatch(JavaFrontend.java:238)
	at org.sonar.java.JavaFrontend.scanInBatches(JavaFrontend.java:228)
	at org.sonar.java.JavaFrontend.scanAsBatch(JavaFrontend.java:195)
	at org.sonar.java.JavaFrontend.scan(JavaFrontend.java:160)
	at org.pqca.scanning.java.JavaScannerService.scan(JavaScannerService.java:185)
	at org.pqca.BomGenerator.generateBom(BomGenerator.java:83)
	at org.pqca.Main.main(Main.java:135)
Failed to init Classpath for jar file /home/tako/naryun/.gradle/wrapper/dists/gradle-4.2-all/35kgqhc6h01n0g1he8zslvs9l/gradle-4.2/samples/userguide/artifacts/configurationHandling/repo/sea.fish/tuna-1.0.jar
java.util.zip.ZipException: zip file is empty
	at java.base/java.util.zip.ZipFile$Source.zerror(ZipFile.java:1781)
	at java.base/java.util.zip.ZipFile$Source.findEND(ZipFile.java:1562)
	at java.base/java.util.zip.ZipFile$Source.initCEN(ZipFile.java:1657)
	at java.base/java.util.zip.ZipFile$Source.<init>(ZipFile.java:1495)
	at java.base/java.util.zip.ZipFile$Source.get(ZipFile.java:1458)
	at java.base/java.util.zip.ZipFile$CleanableResource.<init>(ZipFile.java:724)
	at java.base/java.util.zip.ZipFile.<init>(ZipFile.java:251)
	at java.base/java.util.zip.ZipFile.<init>(ZipFile.java:180)
	at java.base/java.util.zip.ZipFile.<init>(ZipFile.java:194)
	at org.eclipse.jdt.internal.compiler.batch.ClasspathJar.initialize(ClasspathJar.java:196)
	at org.eclipse.jdt.internal.compiler.batch.FileSystem.<init>(FileSystem.java:233)
	at org.eclipse.jdt.internal.compiler.batch.FileSystem.<init>(FileSystem.java:286)
	at org.eclipse.jdt.core.dom.NameEnvironmentWithProgress.<init>(NameEnvironmentWithProgress.java:38)
	at org.eclipse.jdt.core.dom.CompilationUnitResolver.resolve(CompilationUnitResolver.java:765)
	at org.eclipse.jdt.core.dom.CompilationUnitResolver$ECJCompilationUnitResolver.resolve(CompilationUnitResolver.java:84)
	at org.eclipse.jdt.core.dom.ASTParser.createASTs(ASTParser.java:1109)
	at org.sonar.java.model.JParserConfig$Batch.parse(JParserConfig.java:173)
	at org.sonar.java.JavaFrontend.scanBatch(JavaFrontend.java:238)
	at org.sonar.java.JavaFrontend.scanInBatches(JavaFrontend.java:228)
	at org.sonar.java.JavaFrontend.scanAsBatch(JavaFrontend.java:195)
	at org.sonar.java.JavaFrontend.scan(JavaFrontend.java:160)
	at org.pqca.scanning.java.JavaScannerService.scan(JavaScannerService.java:185)
	at org.pqca.BomGenerator.generateBom(BomGenerator.java:83)
	at org.pqca.Main.main(Main.java:135)
Failed to init Classpath for jar file /home/tako/naryun/.gradle/wrapper/dists/gradle-4.2-all/35kgqhc6h01n0g1he8zslvs9l/gradle-4.2/samples/userguide/artifacts/configurationHandling/repo/sea.fish/shark-1.0.jar
java.util.zip.ZipException: zip file is empty
	at java.base/java.util.zip.ZipFile$Source.zerror(ZipFile.java:1781)
	at java.base/java.util.zip.ZipFile$Source.findEND(ZipFile.java:1562)
	at java.base/java.util.zip.ZipFile$Source.initCEN(ZipFile.java:1657)
	at java.base/java.util.zip.ZipFile$Source.<init>(ZipFile.java:1495)
	at java.base/java.util.zip.ZipFile$Source.get(ZipFile.java:1458)
	at java.base/java.util.zip.ZipFile$CleanableResource.<init>(ZipFile.java:724)
	at java.base/java.util.zip.ZipFile.<init>(ZipFile.java:251)
	at java.base/java.util.zip.ZipFile.<init>(ZipFile.java:180)
	at java.base/java.util.zip.ZipFile.<init>(ZipFile.java:194)
	at org.eclipse.jdt.internal.compiler.batch.ClasspathJar.initialize(ClasspathJar.java:196)
	at org.eclipse.jdt.internal.compiler.batch.FileSystem.<init>(FileSystem.java:233)
	at org.eclipse.jdt.internal.compiler.batch.FileSystem.<init>(FileSystem.java:286)
	at org.eclipse.jdt.core.dom.NameEnvironmentWithProgress.<init>(NameEnvironmentWithProgress.java:38)
	at org.eclipse.jdt.core.dom.CompilationUnitResolver.resolve(CompilationUnitResolver.java:765)
	at org.eclipse.jdt.core.dom.CompilationUnitResolver$ECJCompilationUnitResolver.resolve(CompilationUnitResolver.java:84)
	at org.eclipse.jdt.core.dom.ASTParser.createASTs(ASTParser.java:1109)
	at org.sonar.java.model.JParserConfig$Batch.parse(JParserConfig.java:173)
	at org.sonar.java.JavaFrontend.scanBatch(JavaFrontend.java:238)
	at org.sonar.java.JavaFrontend.scanInBatches(JavaFrontend.java:228)
	at org.sonar.java.JavaFrontend.scanAsBatch(JavaFrontend.java:195)
	at org.sonar.java.JavaFrontend.scan(JavaFrontend.java:160)
	at org.pqca.scanning.java.JavaScannerService.scan(JavaScannerService.java:185)
	at org.pqca.BomGenerator.generateBom(BomGenerator.java:83)
	at org.pqca.Main.main(Main.java:135)
Failed to init Classpath for jar file /home/tako/naryun/.gradle/wrapper/dists/gradle-4.2-all/35kgqhc6h01n0g1he8zslvs9l/gradle-4.2/samples/userguide/artifacts/configurationHandling/repo/sea.fish/herring-1.0.jar
java.util.zip.ZipException: zip file is empty
	at java.base/java.util.zip.ZipFile$Source.zerror(ZipFile.java:1781)
	at java.base/java.util.zip.ZipFile$Source.findEND(ZipFile.java:1562)
	at java.base/java.util.zip.ZipFile$Source.initCEN(ZipFile.java:1657)
	at java.base/java.util.zip.ZipFile$Source.<init>(ZipFile.java:1495)
	at java.base/java.util.zip.ZipFile$Source.get(ZipFile.java:1458)
	at java.base/java.util.zip.ZipFile$CleanableResource.<init>(ZipFile.java:724)
	at java.base/java.util.zip.ZipFile.<init>(ZipFile.java:251)
	at java.base/java.util.zip.ZipFile.<init>(ZipFile.java:180)
	at java.base/java.util.zip.ZipFile.<init>(ZipFile.java:194)
	at org.eclipse.jdt.internal.compiler.batch.ClasspathJar.initialize(ClasspathJar.java:196)
	at org.eclipse.jdt.internal.compiler.batch.FileSystem.<init>(FileSystem.java:233)
	at org.eclipse.jdt.internal.compiler.batch.FileSystem.<init>(FileSystem.java:286)
	at org.eclipse.jdt.core.dom.NameEnvironmentWithProgress.<init>(NameEnvironmentWithProgress.java:38)
	at org.eclipse.jdt.core.dom.CompilationUnitResolver.resolve(CompilationUnitResolver.java:765)
	at org.eclipse.jdt.core.dom.CompilationUnitResolver$ECJCompilationUnitResolver.resolve(CompilationUnitResolver.java:84)
	at org.eclipse.jdt.core.dom.ASTParser.createASTs(ASTParser.java:1109)
	at org.sonar.java.model.JParserConfig$Batch.parse(JParserConfig.java:173)
	at org.sonar.java.JavaFrontend.scanBatch(JavaFrontend.java:238)
	at org.sonar.java.JavaFrontend.scanInBatches(JavaFrontend.java:228)
	at org.sonar.java.JavaFrontend.scanAsBatch(JavaFrontend.java:195)
	at org.sonar.java.JavaFrontend.scan(JavaFrontend.java:160)
	at org.pqca.scanning.java.JavaScannerService.scan(JavaScannerService.java:185)
	at org.pqca.BomGenerator.generateBom(BomGenerator.java:83)
	at org.pqca.Main.main(Main.java:135)
Failed to init Classpath for jar file /home/tako/naryun/.gradle/wrapper/dists/gradle-4.2-all/35kgqhc6h01n0g1he8zslvs9l/gradle-4.2/samples/userguide/artifacts/configurationHandling/repo/sea.mammals/orca-1.0.jar
java.util.zip.ZipException: zip file is empty
	at java.base/java.util.zip.ZipFile$Source.zerror(ZipFile.java:1781)
	at java.base/java.util.zip.ZipFile$Source.findEND(ZipFile.java:1562)
	at java.base/java.util.zip.ZipFile$Source.initCEN(ZipFile.java:1657)
	at java.base/java.util.zip.ZipFile$Source.<init>(ZipFile.java:1495)
	at java.base/java.util.zip.ZipFile$Source.get(ZipFile.java:1458)
	at java.base/java.util.zip.ZipFile$CleanableResource.<init>(ZipFile.java:724)
	at java.base/java.util.zip.ZipFile.<init>(ZipFile.java:251)
	at java.base/java.util.zip.ZipFile.<init>(ZipFile.java:180)
	at java.base/java.util.zip.ZipFile.<init>(ZipFile.java:194)
	at org.eclipse.jdt.internal.compiler.batch.ClasspathJar.initialize(ClasspathJar.java:196)
	at org.eclipse.jdt.internal.compiler.batch.FileSystem.<init>(FileSystem.java:233)
	at org.eclipse.jdt.internal.compiler.batch.FileSystem.<init>(FileSystem.java:286)
	at org.eclipse.jdt.core.dom.NameEnvironmentWithProgress.<init>(NameEnvironmentWithProgress.java:38)
	at org.eclipse.jdt.core.dom.CompilationUnitResolver.resolve(CompilationUnitResolver.java:765)
	at org.eclipse.jdt.core.dom.CompilationUnitResolver$ECJCompilationUnitResolver.resolve(CompilationUnitResolver.java:84)
	at org.eclipse.jdt.core.dom.ASTParser.createASTs(ASTParser.java:1109)
	at org.sonar.java.model.JParserConfig$Batch.parse(JParserConfig.java:173)
	at org.sonar.java.JavaFrontend.scanBatch(JavaFrontend.java:238)
	at org.sonar.java.JavaFrontend.scanInBatches(JavaFrontend.java:228)
	at org.sonar.java.JavaFrontend.scanAsBatch(JavaFrontend.java:195)
	at org.sonar.java.JavaFrontend.scan(JavaFrontend.java:160)
	at org.pqca.scanning.java.JavaScannerService.scan(JavaScannerService.java:185)
	at org.pqca.BomGenerator.generateBom(BomGenerator.java:83)
	at org.pqca.Main.main(Main.java:135)
Failed to init Classpath for jar file /home/tako/naryun/.gradle/wrapper/dists/gradle-4.2-all/35kgqhc6h01n0g1he8zslvs9l/gradle-4.2/samples/userguide/artifacts/configurationHandling/repo/sea.mammals/seal-2.0.jar
java.util.zip.ZipException: zip file is empty
	at java.base/java.util.zip.ZipFile$Source.zerror(ZipFile.java:1781)
	at java.base/java.util.zip.ZipFile$Source.findEND(ZipFile.java:1562)
	at java.base/java.util.zip.ZipFile$Source.initCEN(ZipFile.java:1657)
	at java.base/java.util.zip.ZipFile$Source.<init>(ZipFile.java:1495)
	at java.base/java.util.zip.ZipFile$Source.get(ZipFile.java:1458)
	at java.base/java.util.zip.ZipFile$CleanableResource.<init>(ZipFile.java:724)
	at java.base/java.util.zip.ZipFile.<init>(ZipFile.java:251)
	at java.base/java.util.zip.ZipFile.<init>(ZipFile.java:180)
	at java.base/java.util.zip.ZipFile.<init>(ZipFile.java:194)
	at org.eclipse.jdt.internal.compiler.batch.ClasspathJar.initialize(ClasspathJar.java:196)
	at org.eclipse.jdt.internal.compiler.batch.FileSystem.<init>(FileSystem.java:233)
	at org.eclipse.jdt.internal.compiler.batch.FileSystem.<init>(FileSystem.java:286)
	at org.eclipse.jdt.core.dom.NameEnvironmentWithProgress.<init>(NameEnvironmentWithProgress.java:38)
	at org.eclipse.jdt.core.dom.CompilationUnitResolver.resolve(CompilationUnitResolver.java:765)
	at org.eclipse.jdt.core.dom.CompilationUnitResolver$ECJCompilationUnitResolver.resolve(CompilationUnitResolver.java:84)
	at org.eclipse.jdt.core.dom.ASTParser.createASTs(ASTParser.java:1109)
	at org.sonar.java.model.JParserConfig$Batch.parse(JParserConfig.java:173)
	at org.sonar.java.JavaFrontend.scanBatch(JavaFrontend.java:238)
	at org.sonar.java.JavaFrontend.scanInBatches(JavaFrontend.java:228)
	at org.sonar.java.JavaFrontend.scanAsBatch(JavaFrontend.java:195)
	at org.sonar.java.JavaFrontend.scan(JavaFrontend.java:160)
	at org.pqca.scanning.java.JavaScannerService.scan(JavaScannerService.java:185)
	at org.pqca.BomGenerator.generateBom(BomGenerator.java:83)
	at org.pqca.Main.main(Main.java:135)
Failed to init Classpath for jar file /home/tako/naryun/.gradle/wrapper/dists/gradle-4.2-all/35kgqhc6h01n0g1he8zslvs9l/gradle-4.2/samples/userguide/artifacts/configurationHandling/repo/sea.mammals/seal-1.0.jar
java.util.zip.ZipException: zip file is empty
	at java.base/java.util.zip.ZipFile$Source.zerror(ZipFile.java:1781)
	at java.base/java.util.zip.ZipFile$Source.findEND(ZipFile.java:1562)
	at java.base/java.util.zip.ZipFile$Source.initCEN(ZipFile.java:1657)
	at java.base/java.util.zip.ZipFile$Source.<init>(ZipFile.java:1495)
	at java.base/java.util.zip.ZipFile$Source.get(ZipFile.java:1458)
	at java.base/java.util.zip.ZipFile$CleanableResource.<init>(ZipFile.java:724)
	at java.base/java.util.zip.ZipFile.<init>(ZipFile.java:251)
	at java.base/java.util.zip.ZipFile.<init>(ZipFile.java:180)
	at java.base/java.util.zip.ZipFile.<init>(ZipFile.java:194)
	at org.eclipse.jdt.internal.compiler.batch.ClasspathJar.initialize(ClasspathJar.java:196)
	at org.eclipse.jdt.internal.compiler.batch.FileSystem.<init>(FileSystem.java:233)
	at org.eclipse.jdt.internal.compiler.batch.FileSystem.<init>(FileSystem.java:286)
	at org.eclipse.jdt.core.dom.NameEnvironmentWithProgress.<init>(NameEnvironmentWithProgress.java:38)
	at org.eclipse.jdt.core.dom.CompilationUnitResolver.resolve(CompilationUnitResolver.java:765)
	at org.eclipse.jdt.core.dom.CompilationUnitResolver$ECJCompilationUnitResolver.resolve(CompilationUnitResolver.java:84)
	at org.eclipse.jdt.core.dom.ASTParser.createASTs(ASTParser.java:1109)
	at org.sonar.java.model.JParserConfig$Batch.parse(JParserConfig.java:173)
	at org.sonar.java.JavaFrontend.scanBatch(JavaFrontend.java:238)
	at org.sonar.java.JavaFrontend.scanInBatches(JavaFrontend.java:228)
	at org.sonar.java.JavaFrontend.scanAsBatch(JavaFrontend.java:195)
	at org.sonar.java.JavaFrontend.scan(JavaFrontend.java:160)
	at org.pqca.scanning.java.JavaScannerService.scan(JavaScannerService.java:185)
	at org.pqca.BomGenerator.generateBom(BomGenerator.java:83)
	at org.pqca.Main.main(Main.java:135)
Failed to init Classpath for jar file /home/tako/naryun/.gradle/wrapper/dists/gradle-4.2-all/35kgqhc6h01n0g1he8zslvs9l/gradle-4.2/samples/userguide/artifacts/configurationHandling/repo/air.birds/albatross-1.0.jar
java.util.zip.ZipException: zip file is empty
	at java.base/java.util.zip.ZipFile$Source.zerror(ZipFile.java:1781)
	at java.base/java.util.zip.ZipFile$Source.findEND(ZipFile.java:1562)
	at java.base/java.util.zip.ZipFile$Source.initCEN(ZipFile.java:1657)
	at java.base/java.util.zip.ZipFile$Source.<init>(ZipFile.java:1495)
	at java.base/java.util.zip.ZipFile$Source.get(ZipFile.java:1458)
	at java.base/java.util.zip.ZipFile$CleanableResource.<init>(ZipFile.java:724)
	at java.base/java.util.zip.ZipFile.<init>(ZipFile.java:251)
	at java.base/java.util.zip.ZipFile.<init>(ZipFile.java:180)
	at java.base/java.util.zip.ZipFile.<init>(ZipFile.java:194)
	at org.eclipse.jdt.internal.compiler.batch.ClasspathJar.initialize(ClasspathJar.java:196)
	at org.eclipse.jdt.internal.compiler.batch.FileSystem.<init>(FileSystem.java:233)
	at org.eclipse.jdt.internal.compiler.batch.FileSystem.<init>(FileSystem.java:286)
	at org.eclipse.jdt.core.dom.NameEnvironmentWithProgress.<init>(NameEnvironmentWithProgress.java:38)
	at org.eclipse.jdt.core.dom.CompilationUnitResolver.resolve(CompilationUnitResolver.java:765)
	at org.eclipse.jdt.core.dom.CompilationUnitResolver$ECJCompilationUnitResolver.resolve(CompilationUnitResolver.java:84)
	at org.eclipse.jdt.core.dom.ASTParser.createASTs(ASTParser.java:1109)
	at org.sonar.java.model.JParserConfig$Batch.parse(JParserConfig.java:173)
	at org.sonar.java.JavaFrontend.scanBatch(JavaFrontend.java:238)
	at org.sonar.java.JavaFrontend.scanInBatches(JavaFrontend.java:228)
	at org.sonar.java.JavaFrontend.scanAsBatch(JavaFrontend.java:195)
	at org.sonar.java.JavaFrontend.scan(JavaFrontend.java:160)
	at org.pqca.scanning.java.JavaScannerService.scan(JavaScannerService.java:185)
	at org.pqca.BomGenerator.generateBom(BomGenerator.java:83)
	at org.pqca.Main.main(Main.java:135)
Failed to init Classpath for jar file /home/tako/naryun/.gradle/wrapper/dists/gradle-4.2-all/35kgqhc6h01n0g1he8zslvs9l/gradle-4.2/samples/userguide/ant/useAntType/libs/test.jar
java.util.zip.ZipException: zip file is empty
	at java.base/java.util.zip.ZipFile$Source.zerror(ZipFile.java:1781)
	at java.base/java.util.zip.ZipFile$Source.findEND(ZipFile.java:1562)
	at java.base/java.util.zip.ZipFile$Source.initCEN(ZipFile.java:1657)
	at java.base/java.util.zip.ZipFile$Source.<init>(ZipFile.java:1495)
	at java.base/java.util.zip.ZipFile$Source.get(ZipFile.java:1458)
	at java.base/java.util.zip.ZipFile$CleanableResource.<init>(ZipFile.java:724)
	at java.base/java.util.zip.ZipFile.<init>(ZipFile.java:251)
	at java.base/java.util.zip.ZipFile.<init>(ZipFile.java:180)
	at java.base/java.util.zip.ZipFile.<init>(ZipFile.java:194)
	at org.eclipse.jdt.internal.compiler.batch.ClasspathJar.initialize(ClasspathJar.java:196)
	at org.eclipse.jdt.internal.compiler.batch.FileSystem.<init>(FileSystem.java:233)
	at org.eclipse.jdt.internal.compiler.batch.FileSystem.<init>(FileSystem.java:286)
	at org.eclipse.jdt.core.dom.NameEnvironmentWithProgress.<init>(NameEnvironmentWithProgress.java:38)
	at org.eclipse.jdt.core.dom.CompilationUnitResolver.resolve(CompilationUnitResolver.java:765)
	at org.eclipse.jdt.core.dom.CompilationUnitResolver$ECJCompilationUnitResolver.resolve(CompilationUnitResolver.java:84)
	at org.eclipse.jdt.core.dom.ASTParser.createASTs(ASTParser.java:1109)
	at org.sonar.java.model.JParserConfig$Batch.parse(JParserConfig.java:173)
	at org.sonar.java.JavaFrontend.scanBatch(JavaFrontend.java:238)
	at org.sonar.java.JavaFrontend.scanInBatches(JavaFrontend.java:228)
	at org.sonar.java.JavaFrontend.scanAsBatch(JavaFrontend.java:195)
	at org.sonar.java.JavaFrontend.scan(JavaFrontend.java:160)
	at org.pqca.scanning.java.JavaScannerService.scan(JavaScannerService.java:185)
	at org.pqca.BomGenerator.generateBom(BomGenerator.java:83)
	at org.pqca.Main.main(Main.java:135)
Failed to init Classpath for jar file /home/tako/naryun/.gradle/wrapper/dists/gradle-4.2-all/35kgqhc6h01n0g1he8zslvs9l/gradle-4.2/samples/componentSelectionRules/repo/org.sample/api/1.5/api-1.5.jar
java.util.zip.ZipException: zip file is empty
	at java.base/java.util.zip.ZipFile$Source.zerror(ZipFile.java:1781)
	at java.base/java.util.zip.ZipFile$Source.findEND(ZipFile.java:1562)
	at java.base/java.util.zip.ZipFile$Source.initCEN(ZipFile.java:1657)
	at java.base/java.util.zip.ZipFile$Source.<init>(ZipFile.java:1495)
	at java.base/java.util.zip.ZipFile$Source.get(ZipFile.java:1458)
	at java.base/java.util.zip.ZipFile$CleanableResource.<init>(ZipFile.java:724)
	at java.base/java.util.zip.ZipFile.<init>(ZipFile.java:251)
	at java.base/java.util.zip.ZipFile.<init>(ZipFile.java:180)
	at java.base/java.util.zip.ZipFile.<init>(ZipFile.java:194)
	at org.eclipse.jdt.internal.compiler.batch.ClasspathJar.initialize(ClasspathJar.java:196)
	at org.eclipse.jdt.internal.compiler.batch.FileSystem.<init>(FileSystem.java:233)
	at org.eclipse.jdt.internal.compiler.batch.FileSystem.<init>(FileSystem.java:286)
	at org.eclipse.jdt.core.dom.NameEnvironmentWithProgress.<init>(NameEnvironmentWithProgress.java:38)
	at org.eclipse.jdt.core.dom.CompilationUnitResolver.resolve(CompilationUnitResolver.java:765)
	at org.eclipse.jdt.core.dom.CompilationUnitResolver$ECJCompilationUnitResolver.resolve(CompilationUnitResolver.java:84)
	at org.eclipse.jdt.core.dom.ASTParser.createASTs(ASTParser.java:1109)
	at org.sonar.java.model.JParserConfig$Batch.parse(JParserConfig.java:173)
	at org.sonar.java.JavaFrontend.scanBatch(JavaFrontend.java:238)
	at org.sonar.java.JavaFrontend.scanInBatches(JavaFrontend.java:228)
	at org.sonar.java.JavaFrontend.scanAsBatch(JavaFrontend.java:195)
	at org.sonar.java.JavaFrontend.scan(JavaFrontend.java:160)
	at org.pqca.scanning.java.JavaScannerService.scan(JavaScannerService.java:185)
	at org.pqca.BomGenerator.generateBom(BomGenerator.java:83)
	at org.pqca.Main.main(Main.java:135)
Failed to init Classpath for jar file /home/tako/naryun/.gradle/wrapper/dists/gradle-4.2-all/35kgqhc6h01n0g1he8zslvs9l/gradle-4.2/samples/componentSelectionRules/repo/org.sample/api/1.3.0/api-1.3.0.jar
java.util.zip.ZipException: zip file is empty
	at java.base/java.util.zip.ZipFile$Source.zerror(ZipFile.java:1781)
	at java.base/java.util.zip.ZipFile$Source.findEND(ZipFile.java:1562)
	at java.base/java.util.zip.ZipFile$Source.initCEN(ZipFile.java:1657)
	at java.base/java.util.zip.ZipFile$Source.<init>(ZipFile.java:1495)
	at java.base/java.util.zip.ZipFile$Source.get(ZipFile.java:1458)
	at java.base/java.util.zip.ZipFile$CleanableResource.<init>(ZipFile.java:724)
	at java.base/java.util.zip.ZipFile.<init>(ZipFile.java:251)
	at java.base/java.util.zip.ZipFile.<init>(ZipFile.java:180)
	at java.base/java.util.zip.ZipFile.<init>(ZipFile.java:194)
	at org.eclipse.jdt.internal.compiler.batch.ClasspathJar.initialize(ClasspathJar.java:196)
	at org.eclipse.jdt.internal.compiler.batch.FileSystem.<init>(FileSystem.java:233)
	at org.eclipse.jdt.internal.compiler.batch.FileSystem.<init>(FileSystem.java:286)
	at org.eclipse.jdt.core.dom.NameEnvironmentWithProgress.<init>(NameEnvironmentWithProgress.java:38)
	at org.eclipse.jdt.core.dom.CompilationUnitResolver.resolve(CompilationUnitResolver.java:765)
	at org.eclipse.jdt.core.dom.CompilationUnitResolver$ECJCompilationUnitResolver.resolve(CompilationUnitResolver.java:84)
	at org.eclipse.jdt.core.dom.ASTParser.createASTs(ASTParser.java:1109)
	at org.sonar.java.model.JParserConfig$Batch.parse(JParserConfig.java:173)
	at org.sonar.java.JavaFrontend.scanBatch(JavaFrontend.java:238)
	at org.sonar.java.JavaFrontend.scanInBatches(JavaFrontend.java:228)
	at org.sonar.java.JavaFrontend.scanAsBatch(JavaFrontend.java:195)
	at org.sonar.java.JavaFrontend.scan(JavaFrontend.java:160)
	at org.pqca.scanning.java.JavaScannerService.scan(JavaScannerService.java:185)
	at org.pqca.BomGenerator.generateBom(BomGenerator.java:83)
	at org.pqca.Main.main(Main.java:135)
Failed to init Classpath for jar file /home/tako/naryun/.gradle/wrapper/dists/gradle-4.2-all/35kgqhc6h01n0g1he8zslvs9l/gradle-4.2/samples/componentSelectionRules/repo/org.sample/api/1.4/api-1.4.jar
java.util.zip.ZipException: zip file is empty
	at java.base/java.util.zip.ZipFile$Source.zerror(ZipFile.java:1781)
	at java.base/java.util.zip.ZipFile$Source.findEND(ZipFile.java:1562)
	at java.base/java.util.zip.ZipFile$Source.initCEN(ZipFile.java:1657)
	at java.base/java.util.zip.ZipFile$Source.<init>(ZipFile.java:1495)
	at java.base/java.util.zip.ZipFile$Source.get(ZipFile.java:1458)
	at java.base/java.util.zip.ZipFile$CleanableResource.<init>(ZipFile.java:724)
	at java.base/java.util.zip.ZipFile.<init>(ZipFile.java:251)
	at java.base/java.util.zip.ZipFile.<init>(ZipFile.java:180)
	at java.base/java.util.zip.ZipFile.<init>(ZipFile.java:194)
	at org.eclipse.jdt.internal.compiler.batch.ClasspathJar.initialize(ClasspathJar.java:196)
	at org.eclipse.jdt.internal.compiler.batch.FileSystem.<init>(FileSystem.java:233)
	at org.eclipse.jdt.internal.compiler.batch.FileSystem.<init>(FileSystem.java:286)
	at org.eclipse.jdt.core.dom.NameEnvironmentWithProgress.<init>(NameEnvironmentWithProgress.java:38)
	at org.eclipse.jdt.core.dom.CompilationUnitResolver.resolve(CompilationUnitResolver.java:765)
	at org.eclipse.jdt.core.dom.CompilationUnitResolver$ECJCompilationUnitResolver.resolve(CompilationUnitResolver.java:84)
	at org.eclipse.jdt.core.dom.ASTParser.createASTs(ASTParser.java:1109)
	at org.sonar.java.model.JParserConfig$Batch.parse(JParserConfig.java:173)
	at org.sonar.java.JavaFrontend.scanBatch(JavaFrontend.java:238)
	at org.sonar.java.JavaFrontend.scanInBatches(JavaFrontend.java:228)
	at org.sonar.java.JavaFrontend.scanAsBatch(JavaFrontend.java:195)
	at org.sonar.java.JavaFrontend.scan(JavaFrontend.java:160)
	at org.pqca.scanning.java.JavaScannerService.scan(JavaScannerService.java:185)
	at org.pqca.BomGenerator.generateBom(BomGenerator.java:83)
	at org.pqca.Main.main(Main.java:135)
Failed to init Classpath for jar file /home/tako/naryun/.gradle/wrapper/dists/gradle-4.2-all/35kgqhc6h01n0g1he8zslvs9l/gradle-4.2/samples/componentSelectionRules/repo/org.sample/lib/2.0/lib-2.0.jar
java.util.zip.ZipException: zip file is empty
	at java.base/java.util.zip.ZipFile$Source.zerror(ZipFile.java:1781)
	at java.base/java.util.zip.ZipFile$Source.findEND(ZipFile.java:1562)
	at java.base/java.util.zip.ZipFile$Source.initCEN(ZipFile.java:1657)
	at java.base/java.util.zip.ZipFile$Source.<init>(ZipFile.java:1495)
	at java.base/java.util.zip.ZipFile$Source.get(ZipFile.java:1458)
	at java.base/java.util.zip.ZipFile$CleanableResource.<init>(ZipFile.java:724)
	at java.base/java.util.zip.ZipFile.<init>(ZipFile.java:251)
	at java.base/java.util.zip.ZipFile.<init>(ZipFile.java:180)
	at java.base/java.util.zip.ZipFile.<init>(ZipFile.java:194)
	at org.eclipse.jdt.internal.compiler.batch.ClasspathJar.initialize(ClasspathJar.java:196)
	at org.eclipse.jdt.internal.compiler.batch.FileSystem.<init>(FileSystem.java:233)
	at org.eclipse.jdt.internal.compiler.batch.FileSystem.<init>(FileSystem.java:286)
	at org.eclipse.jdt.core.dom.NameEnvironmentWithProgress.<init>(NameEnvironmentWithProgress.java:38)
	at org.eclipse.jdt.core.dom.CompilationUnitResolver.resolve(CompilationUnitResolver.java:765)
	at org.eclipse.jdt.core.dom.CompilationUnitResolver$ECJCompilationUnitResolver.resolve(CompilationUnitResolver.java:84)
	at org.eclipse.jdt.core.dom.ASTParser.createASTs(ASTParser.java:1109)
	at org.sonar.java.model.JParserConfig$Batch.parse(JParserConfig.java:173)
	at org.sonar.java.JavaFrontend.scanBatch(JavaFrontend.java:238)
	at org.sonar.java.JavaFrontend.scanInBatches(JavaFrontend.java:228)
	at org.sonar.java.JavaFrontend.scanAsBatch(JavaFrontend.java:195)
	at org.sonar.java.JavaFrontend.scan(JavaFrontend.java:160)
	at org.pqca.scanning.java.JavaScannerService.scan(JavaScannerService.java:185)
	at org.pqca.BomGenerator.generateBom(BomGenerator.java:83)
	at org.pqca.Main.main(Main.java:135)
Failed to init Classpath for jar file /home/tako/naryun/.gradle/wrapper/dists/gradle-4.2-all/35kgqhc6h01n0g1he8zslvs9l/gradle-4.2/samples/componentSelectionRules/repo/org.sample/lib/1.9/lib-1.9.jar
java.util.zip.ZipException: zip file is empty
	at java.base/java.util.zip.ZipFile$Source.zerror(ZipFile.java:1781)
	at java.base/java.util.zip.ZipFile$Source.findEND(ZipFile.java:1562)
	at java.base/java.util.zip.ZipFile$Source.initCEN(ZipFile.java:1657)
	at java.base/java.util.zip.ZipFile$Source.<init>(ZipFile.java:1495)
	at java.base/java.util.zip.ZipFile$Source.get(ZipFile.java:1458)
	at java.base/java.util.zip.ZipFile$CleanableResource.<init>(ZipFile.java:724)
	at java.base/java.util.zip.ZipFile.<init>(ZipFile.java:251)
	at java.base/java.util.zip.ZipFile.<init>(ZipFile.java:180)
	at java.base/java.util.zip.ZipFile.<init>(ZipFile.java:194)
	at org.eclipse.jdt.internal.compiler.batch.ClasspathJar.initialize(ClasspathJar.java:196)
	at org.eclipse.jdt.internal.compiler.batch.FileSystem.<init>(FileSystem.java:233)
	at org.eclipse.jdt.internal.compiler.batch.FileSystem.<init>(FileSystem.java:286)
	at org.eclipse.jdt.core.dom.NameEnvironmentWithProgress.<init>(NameEnvironmentWithProgress.java:38)
	at org.eclipse.jdt.core.dom.CompilationUnitResolver.resolve(CompilationUnitResolver.java:765)
	at org.eclipse.jdt.core.dom.CompilationUnitResolver$ECJCompilationUnitResolver.resolve(CompilationUnitResolver.java:84)
	at org.eclipse.jdt.core.dom.ASTParser.createASTs(ASTParser.java:1109)
	at org.sonar.java.model.JParserConfig$Batch.parse(JParserConfig.java:173)
	at org.sonar.java.JavaFrontend.scanBatch(JavaFrontend.java:238)
	at org.sonar.java.JavaFrontend.scanInBatches(JavaFrontend.java:228)
	at org.sonar.java.JavaFrontend.scanAsBatch(JavaFrontend.java:195)
	at org.sonar.java.JavaFrontend.scan(JavaFrontend.java:160)
	at org.pqca.scanning.java.JavaScannerService.scan(JavaScannerService.java:185)
	at org.pqca.BomGenerator.generateBom(BomGenerator.java:83)
	at org.pqca.Main.main(Main.java:135)
Failed to init Classpath for jar file /home/tako/naryun/.gradle/wrapper/dists/gradle-4.2-all/35kgqhc6h01n0g1he8zslvs9l/gradle-4.2/samples/componentMetadataRules/repo/org.sample/api/2.0/api-2.0.jar
java.util.zip.ZipException: zip file is empty
	at java.base/java.util.zip.ZipFile$Source.zerror(ZipFile.java:1781)
	at java.base/java.util.zip.ZipFile$Source.findEND(ZipFile.java:1562)
	at java.base/java.util.zip.ZipFile$Source.initCEN(ZipFile.java:1657)
	at java.base/java.util.zip.ZipFile$Source.<init>(ZipFile.java:1495)
	at java.base/java.util.zip.ZipFile$Source.get(ZipFile.java:1458)
	at java.base/java.util.zip.ZipFile$CleanableResource.<init>(ZipFile.java:724)
	at java.base/java.util.zip.ZipFile.<init>(ZipFile.java:251)
	at java.base/java.util.zip.ZipFile.<init>(ZipFile.java:180)
	at java.base/java.util.zip.ZipFile.<init>(ZipFile.java:194)
	at org.eclipse.jdt.internal.compiler.batch.ClasspathJar.initialize(ClasspathJar.java:196)
	at org.eclipse.jdt.internal.compiler.batch.FileSystem.<init>(FileSystem.java:233)
	at org.eclipse.jdt.internal.compiler.batch.FileSystem.<init>(FileSystem.java:286)
	at org.eclipse.jdt.core.dom.NameEnvironmentWithProgress.<init>(NameEnvironmentWithProgress.java:38)
	at org.eclipse.jdt.core.dom.CompilationUnitResolver.resolve(CompilationUnitResolver.java:765)
	at org.eclipse.jdt.core.dom.CompilationUnitResolver$ECJCompilationUnitResolver.resolve(CompilationUnitResolver.java:84)
	at org.eclipse.jdt.core.dom.ASTParser.createASTs(ASTParser.java:1109)
	at org.sonar.java.model.JParserConfig$Batch.parse(JParserConfig.java:173)
	at org.sonar.java.JavaFrontend.scanBatch(JavaFrontend.java:238)
	at org.sonar.java.JavaFrontend.scanInBatches(JavaFrontend.java:228)
	at org.sonar.java.JavaFrontend.scanAsBatch(JavaFrontend.java:195)
	at org.sonar.java.JavaFrontend.scan(JavaFrontend.java:160)
	at org.pqca.scanning.java.JavaScannerService.scan(JavaScannerService.java:185)
	at org.pqca.BomGenerator.generateBom(BomGenerator.java:83)
	at org.pqca.Main.main(Main.java:135)
Failed to init Classpath for jar file /home/tako/naryun/.gradle/wrapper/dists/gradle-4.2-all/35kgqhc6h01n0g1he8zslvs9l/gradle-4.2/samples/componentMetadataRules/repo/org.sample/api/1.9/api-1.9.jar
java.util.zip.ZipException: zip file is empty
	at java.base/java.util.zip.ZipFile$Source.zerror(ZipFile.java:1781)
	at java.base/java.util.zip.ZipFile$Source.findEND(ZipFile.java:1562)
	at java.base/java.util.zip.ZipFile$Source.initCEN(ZipFile.java:1657)
	at java.base/java.util.zip.ZipFile$Source.<init>(ZipFile.java:1495)
	at java.base/java.util.zip.ZipFile$Source.get(ZipFile.java:1458)
	at java.base/java.util.zip.ZipFile$CleanableResource.<init>(ZipFile.java:724)
	at java.base/java.util.zip.ZipFile.<init>(ZipFile.java:251)
	at java.base/java.util.zip.ZipFile.<init>(ZipFile.java:180)
	at java.base/java.util.zip.ZipFile.<init>(ZipFile.java:194)
	at org.eclipse.jdt.internal.compiler.batch.ClasspathJar.initialize(ClasspathJar.java:196)
	at org.eclipse.jdt.internal.compiler.batch.FileSystem.<init>(FileSystem.java:233)
	at org.eclipse.jdt.internal.compiler.batch.FileSystem.<init>(FileSystem.java:286)
	at org.eclipse.jdt.core.dom.NameEnvironmentWithProgress.<init>(NameEnvironmentWithProgress.java:38)
	at org.eclipse.jdt.core.dom.CompilationUnitResolver.resolve(CompilationUnitResolver.java:765)
	at org.eclipse.jdt.core.dom.CompilationUnitResolver$ECJCompilationUnitResolver.resolve(CompilationUnitResolver.java:84)
	at org.eclipse.jdt.core.dom.ASTParser.createASTs(ASTParser.java:1109)
	at org.sonar.java.model.JParserConfig$Batch.parse(JParserConfig.java:173)
	at org.sonar.java.JavaFrontend.scanBatch(JavaFrontend.java:238)
	at org.sonar.java.JavaFrontend.scanInBatches(JavaFrontend.java:228)
	at org.sonar.java.JavaFrontend.scanAsBatch(JavaFrontend.java:195)
	at org.sonar.java.JavaFrontend.scan(JavaFrontend.java:160)
	at org.pqca.scanning.java.JavaScannerService.scan(JavaScannerService.java:185)
	at org.pqca.BomGenerator.generateBom(BomGenerator.java:83)
	at org.pqca.Main.main(Main.java:135)
Failed to init Classpath for jar file /home/tako/naryun/.gradle/wrapper/dists/gradle-4.2-all/35kgqhc6h01n0g1he8zslvs9l/gradle-4.2/samples/componentMetadataRules/repo/org.sample/client/1.5/client-1.5.jar
java.util.zip.ZipException: zip file is empty
	at java.base/java.util.zip.ZipFile$Source.zerror(ZipFile.java:1781)
	at java.base/java.util.zip.ZipFile$Source.findEND(ZipFile.java:1562)
	at java.base/java.util.zip.ZipFile$Source.initCEN(ZipFile.java:1657)
	at java.base/java.util.zip.ZipFile$Source.<init>(ZipFile.java:1495)
	at java.base/java.util.zip.ZipFile$Source.get(ZipFile.java:1458)
	at java.base/java.util.zip.ZipFile$CleanableResource.<init>(ZipFile.java:724)
	at java.base/java.util.zip.ZipFile.<init>(ZipFile.java:251)
	at java.base/java.util.zip.ZipFile.<init>(ZipFile.java:180)
	at java.base/java.util.zip.ZipFile.<init>(ZipFile.java:194)
	at org.eclipse.jdt.internal.compiler.batch.ClasspathJar.initialize(ClasspathJar.java:196)
	at org.eclipse.jdt.internal.compiler.batch.FileSystem.<init>(FileSystem.java:233)
	at org.eclipse.jdt.internal.compiler.batch.FileSystem.<init>(FileSystem.java:286)
	at org.eclipse.jdt.core.dom.NameEnvironmentWithProgress.<init>(NameEnvironmentWithProgress.java:38)
	at org.eclipse.jdt.core.dom.CompilationUnitResolver.resolve(CompilationUnitResolver.java:765)
	at org.eclipse.jdt.core.dom.CompilationUnitResolver$ECJCompilationUnitResolver.resolve(CompilationUnitResolver.java:84)
	at org.eclipse.jdt.core.dom.ASTParser.createASTs(ASTParser.java:1109)
	at org.sonar.java.model.JParserConfig$Batch.parse(JParserConfig.java:173)
	at org.sonar.java.JavaFrontend.scanBatch(JavaFrontend.java:238)
	at org.sonar.java.JavaFrontend.scanInBatches(JavaFrontend.java:228)
	at org.sonar.java.JavaFrontend.scanAsBatch(JavaFrontend.java:195)
	at org.sonar.java.JavaFrontend.scan(JavaFrontend.java:160)
	at org.pqca.scanning.java.JavaScannerService.scan(JavaScannerService.java:185)
	at org.pqca.BomGenerator.generateBom(BomGenerator.java:83)
	at org.pqca.Main.main(Main.java:135)
Failed to init Classpath for jar file /home/tako/naryun/.gradle/wrapper/dists/gradle-4.2-all/35kgqhc6h01n0g1he8zslvs9l/gradle-4.2/samples/componentMetadataRules/repo/org.sample/client/1.3/client-1.3.jar
java.util.zip.ZipException: zip file is empty
	at java.base/java.util.zip.ZipFile$Source.zerror(ZipFile.java:1781)
	at java.base/java.util.zip.ZipFile$Source.findEND(ZipFile.java:1562)
	at java.base/java.util.zip.ZipFile$Source.initCEN(ZipFile.java:1657)
	at java.base/java.util.zip.ZipFile$Source.<init>(ZipFile.java:1495)
	at java.base/java.util.zip.ZipFile$Source.get(ZipFile.java:1458)
	at java.base/java.util.zip.ZipFile$CleanableResource.<init>(ZipFile.java:724)
	at java.base/java.util.zip.ZipFile.<init>(ZipFile.java:251)
	at java.base/java.util.zip.ZipFile.<init>(ZipFile.java:180)
	at java.base/java.util.zip.ZipFile.<init>(ZipFile.java:194)
	at org.eclipse.jdt.internal.compiler.batch.ClasspathJar.initialize(ClasspathJar.java:196)
	at org.eclipse.jdt.internal.compiler.batch.FileSystem.<init>(FileSystem.java:233)
	at org.eclipse.jdt.internal.compiler.batch.FileSystem.<init>(FileSystem.java:286)
	at org.eclipse.jdt.core.dom.NameEnvironmentWithProgress.<init>(NameEnvironmentWithProgress.java:38)
	at org.eclipse.jdt.core.dom.CompilationUnitResolver.resolve(CompilationUnitResolver.java:765)
	at org.eclipse.jdt.core.dom.CompilationUnitResolver$ECJCompilationUnitResolver.resolve(CompilationUnitResolver.java:84)
	at org.eclipse.jdt.core.dom.ASTParser.createASTs(ASTParser.java:1109)
	at org.sonar.java.model.JParserConfig$Batch.parse(JParserConfig.java:173)
	at org.sonar.java.JavaFrontend.scanBatch(JavaFrontend.java:238)
	at org.sonar.java.JavaFrontend.scanInBatches(JavaFrontend.java:228)
	at org.sonar.java.JavaFrontend.scanAsBatch(JavaFrontend.java:195)
	at org.sonar.java.JavaFrontend.scan(JavaFrontend.java:160)
	at org.pqca.scanning.java.JavaScannerService.scan(JavaScannerService.java:185)
	at org.pqca.BomGenerator.generateBom(BomGenerator.java:83)
	at org.pqca.Main.main(Main.java:135)
Failed to init Classpath for jar file /home/tako/naryun/.gradle/wrapper/dists/gradle-4.2-all/35kgqhc6h01n0g1he8zslvs9l/gradle-4.2/samples/componentMetadataRules/repo/org.sample/client/1.4/client-1.4.jar
java.util.zip.ZipException: zip file is empty
	at java.base/java.util.zip.ZipFile$Source.zerror(ZipFile.java:1781)
	at java.base/java.util.zip.ZipFile$Source.findEND(ZipFile.java:1562)
	at java.base/java.util.zip.ZipFile$Source.initCEN(ZipFile.java:1657)
	at java.base/java.util.zip.ZipFile$Source.<init>(ZipFile.java:1495)
	at java.base/java.util.zip.ZipFile$Source.get(ZipFile.java:1458)
	at java.base/java.util.zip.ZipFile$CleanableResource.<init>(ZipFile.java:724)
	at java.base/java.util.zip.ZipFile.<init>(ZipFile.java:251)
	at java.base/java.util.zip.ZipFile.<init>(ZipFile.java:180)
	at java.base/java.util.zip.ZipFile.<init>(ZipFile.java:194)
	at org.eclipse.jdt.internal.compiler.batch.ClasspathJar.initialize(ClasspathJar.java:196)
	at org.eclipse.jdt.internal.compiler.batch.FileSystem.<init>(FileSystem.java:233)
	at org.eclipse.jdt.internal.compiler.batch.FileSystem.<init>(FileSystem.java:286)
	at org.eclipse.jdt.core.dom.NameEnvironmentWithProgress.<init>(NameEnvironmentWithProgress.java:38)
	at org.eclipse.jdt.core.dom.CompilationUnitResolver.resolve(CompilationUnitResolver.java:765)
	at org.eclipse.jdt.core.dom.CompilationUnitResolver$ECJCompilationUnitResolver.resolve(CompilationUnitResolver.java:84)
	at org.eclipse.jdt.core.dom.ASTParser.createASTs(ASTParser.java:1109)
	at org.sonar.java.model.JParserConfig$Batch.parse(JParserConfig.java:173)
	at org.sonar.java.JavaFrontend.scanBatch(JavaFrontend.java:238)
	at org.sonar.java.JavaFrontend.scanInBatches(JavaFrontend.java:228)
	at org.sonar.java.JavaFrontend.scanAsBatch(JavaFrontend.java:195)
	at org.sonar.java.JavaFrontend.scan(JavaFrontend.java:160)
	at org.pqca.scanning.java.JavaScannerService.scan(JavaScannerService.java:185)
	at org.pqca.BomGenerator.generateBom(BomGenerator.java:83)
	at org.pqca.Main.main(Main.java:135)
Failed to init Classpath for jar file /home/tako/naryun/.gradle/wrapper/dists/gradle-4.2-all/35kgqhc6h01n0g1he8zslvs9l/gradle-4.2/samples/componentMetadataRules/repo/org.sample/lib/2.0/lib-2.0.jar
java.util.zip.ZipException: zip file is empty
	at java.base/java.util.zip.ZipFile$Source.zerror(ZipFile.java:1781)
	at java.base/java.util.zip.ZipFile$Source.findEND(ZipFile.java:1562)
	at java.base/java.util.zip.ZipFile$Source.initCEN(ZipFile.java:1657)
	at java.base/java.util.zip.ZipFile$Source.<init>(ZipFile.java:1495)
	at java.base/java.util.zip.ZipFile$Source.get(ZipFile.java:1458)
	at java.base/java.util.zip.ZipFile$CleanableResource.<init>(ZipFile.java:724)
	at java.base/java.util.zip.ZipFile.<init>(ZipFile.java:251)
	at java.base/java.util.zip.ZipFile.<init>(ZipFile.java:180)
	at java.base/java.util.zip.ZipFile.<init>(ZipFile.java:194)
	at org.eclipse.jdt.internal.compiler.batch.ClasspathJar.initialize(ClasspathJar.java:196)
	at org.eclipse.jdt.internal.compiler.batch.FileSystem.<init>(FileSystem.java:233)
	at org.eclipse.jdt.internal.compiler.batch.FileSystem.<init>(FileSystem.java:286)
	at org.eclipse.jdt.core.dom.NameEnvironmentWithProgress.<init>(NameEnvironmentWithProgress.java:38)
	at org.eclipse.jdt.core.dom.CompilationUnitResolver.resolve(CompilationUnitResolver.java:765)
	at org.eclipse.jdt.core.dom.CompilationUnitResolver$ECJCompilationUnitResolver.resolve(CompilationUnitResolver.java:84)
	at org.eclipse.jdt.core.dom.ASTParser.createASTs(ASTParser.java:1109)
	at org.sonar.java.model.JParserConfig$Batch.parse(JParserConfig.java:173)
	at org.sonar.java.JavaFrontend.scanBatch(JavaFrontend.java:238)
	at org.sonar.java.JavaFrontend.scanInBatches(JavaFrontend.java:228)
	at org.sonar.java.JavaFrontend.scanAsBatch(JavaFrontend.java:195)
	at org.sonar.java.JavaFrontend.scan(JavaFrontend.java:160)
	at org.pqca.scanning.java.JavaScannerService.scan(JavaScannerService.java:185)
	at org.pqca.BomGenerator.generateBom(BomGenerator.java:83)
	at org.pqca.Main.main(Main.java:135)
Failed to init Classpath for jar file /home/tako/naryun/.gradle/wrapper/dists/gradle-4.2-all/35kgqhc6h01n0g1he8zslvs9l/gradle-4.2/samples/componentMetadataRules/repo/org.sample/lib/1.9/lib-1.9.jar
java.util.zip.ZipException: zip file is empty
	at java.base/java.util.zip.ZipFile$Source.zerror(ZipFile.java:1781)
	at java.base/java.util.zip.ZipFile$Source.findEND(ZipFile.java:1562)
	at java.base/java.util.zip.ZipFile$Source.initCEN(ZipFile.java:1657)
	at java.base/java.util.zip.ZipFile$Source.<init>(ZipFile.java:1495)
	at java.base/java.util.zip.ZipFile$Source.get(ZipFile.java:1458)
	at java.base/java.util.zip.ZipFile$CleanableResource.<init>(ZipFile.java:724)
	at java.base/java.util.zip.ZipFile.<init>(ZipFile.java:251)
	at java.base/java.util.zip.ZipFile.<init>(ZipFile.java:180)
	at java.base/java.util.zip.ZipFile.<init>(ZipFile.java:194)
	at org.eclipse.jdt.internal.compiler.batch.ClasspathJar.initialize(ClasspathJar.java:196)
	at org.eclipse.jdt.internal.compiler.batch.FileSystem.<init>(FileSystem.java:233)
	at org.eclipse.jdt.internal.compiler.batch.FileSystem.<init>(FileSystem.java:286)
	at org.eclipse.jdt.core.dom.NameEnvironmentWithProgress.<init>(NameEnvironmentWithProgress.java:38)
	at org.eclipse.jdt.core.dom.CompilationUnitResolver.resolve(CompilationUnitResolver.java:765)
	at org.eclipse.jdt.core.dom.CompilationUnitResolver$ECJCompilationUnitResolver.resolve(CompilationUnitResolver.java:84)
	at org.eclipse.jdt.core.dom.ASTParser.createASTs(ASTParser.java:1109)
	at org.sonar.java.model.JParserConfig$Batch.parse(JParserConfig.java:173)
	at org.sonar.java.JavaFrontend.scanBatch(JavaFrontend.java:238)
	at org.sonar.java.JavaFrontend.scanInBatches(JavaFrontend.java:228)
	at org.sonar.java.JavaFrontend.scanAsBatch(JavaFrontend.java:195)
	at org.sonar.java.JavaFrontend.scan(JavaFrontend.java:160)
	at org.pqca.scanning.java.JavaScannerService.scan(JavaScannerService.java:185)
	at org.pqca.BomGenerator.generateBom(BomGenerator.java:83)
	at org.pqca.Main.main(Main.java:135)
[main] INFO org.sonar.java.SonarComponents - The Java analyzer cannot skip unchanged files in this context. A full analysis is performed for all files.
[main] INFO com.ibm.output.IAggregator - Detected (SecretKey) AES
[main] INFO com.ibm.engine.language.java.JavaDetectionEngine - Detected constructor definition has more then one argument to resolve. Redefine the rule to explicitly define the param to resolve
[main] INFO com.ibm.engine.language.java.JavaDetectionEngine - Detected constructor definition has more then one argument to resolve. Redefine the rule to explicitly define the param to resolve
[main] INFO com.ibm.engine.language.java.JavaDetectionEngine - Detected constructor definition has more then one argument to resolve. Redefine the rule to explicitly define the param to resolve
[main] INFO com.ibm.engine.language.java.JavaDetectionEngine - Detected constructor definition has more then one argument to resolve. Redefine the rule to explicitly define the param to resolve
[main] INFO com.ibm.engine.language.java.JavaDetectionEngine - Detected constructor definition has more then one argument to resolve. Redefine the rule to explicitly define the param to resolve
[main] INFO com.ibm.engine.language.java.JavaDetectionEngine - Detected constructor definition has more then one argument to resolve. Redefine the rule to explicitly define the param to resolve
[main] INFO com.ibm.engine.language.java.JavaDetectionEngine - Detected constructor definition has more then one argument to resolve. Redefine the rule to explicitly define the param to resolve
[main] INFO com.ibm.engine.language.java.JavaDetectionEngine - Detected constructor definition has more then one argument to resolve. Redefine the rule to explicitly define the param to resolve
[main] INFO com.ibm.engine.language.java.JavaDetectionEngine - Detected constructor definition has more then one argument to resolve. Redefine the rule to explicitly define the param to resolve
[main] INFO com.ibm.engine.language.java.JavaDetectionEngine - Detected constructor definition has more then one argument to resolve. Redefine the rule to explicitly define the param to resolve
[main] INFO com.ibm.engine.language.java.JavaDetectionEngine - Detected constructor definition has more then one argument to resolve. Redefine the rule to explicitly define the param to resolve
[main] INFO com.ibm.engine.language.java.JavaDetectionEngine - Detected constructor definition has more then one argument to resolve. Redefine the rule to explicitly define the param to resolve
[main] INFO com.ibm.engine.language.java.JavaDetectionEngine - Detected constructor definition has more then one argument to resolve. Redefine the rule to explicitly define the param to resolve
[main] INFO com.ibm.engine.language.java.JavaDetectionEngine - Detected constructor definition has more then one argument to resolve. Redefine the rule to explicitly define the param to resolve
[main] INFO com.ibm.engine.language.java.JavaDetectionEngine - Detected constructor definition has more then one argument to resolve. Redefine the rule to explicitly define the param to resolve
[main] INFO com.ibm.engine.language.java.JavaDetectionEngine - Detected constructor definition has more then one argument to resolve. Redefine the rule to explicitly define the param to resolve
[main] INFO com.ibm.engine.language.java.JavaDetectionEngine - Detected constructor definition has more then one argument to resolve. Redefine the rule to explicitly define the param to resolve
[main] INFO com.ibm.engine.language.java.JavaDetectionEngine - Detected constructor definition has more then one argument to resolve. Redefine the rule to explicitly define the param to resolve
[main] INFO com.ibm.engine.language.java.JavaDetectionEngine - Detected constructor definition has more then one argument to resolve. Redefine the rule to explicitly define the param to resolve
[main] INFO com.ibm.engine.language.java.JavaDetectionEngine - Detected constructor definition has more then one argument to resolve. Redefine the rule to explicitly define the param to resolve
[main] INFO com.ibm.engine.language.java.JavaDetectionEngine - Detected constructor definition has more then one argument to resolve. Redefine the rule to explicitly define the param to resolve
[main] INFO com.ibm.engine.language.java.JavaDetectionEngine - Detected constructor definition has more then one argument to resolve. Redefine the rule to explicitly define the param to resolve
[main] INFO com.ibm.engine.language.java.JavaDetectionEngine - Detected constructor definition has more then one argument to resolve. Redefine the rule to explicitly define the param to resolve
[main] INFO com.ibm.engine.language.java.JavaDetectionEngine - Detected constructor definition has more then one argument to resolve. Redefine the rule to explicitly define the param to resolve
[main] INFO com.ibm.engine.language.java.JavaDetectionEngine - Detected constructor definition has more then one argument to resolve. Redefine the rule to explicitly define the param to resolve
[main] INFO com.ibm.engine.language.java.JavaDetectionEngine - Detected constructor definition has more then one argument to resolve. Redefine the rule to explicitly define the param to resolve
[main] INFO com.ibm.engine.language.java.JavaDetectionEngine - Detected constructor definition has more then one argument to resolve. Redefine the rule to explicitly define the param to resolve
[main] INFO com.ibm.engine.language.java.JavaDetectionEngine - Detected constructor definition has more then one argument to resolve. Redefine the rule to explicitly define the param to resolve
[main] INFO com.ibm.engine.language.java.JavaDetectionEngine - Detected constructor definition has more then one argument to resolve. Redefine the rule to explicitly define the param to resolve
[main] INFO com.ibm.engine.language.java.JavaDetectionEngine - Detected constructor definition has more then one argument to resolve. Redefine the rule to explicitly define the param to resolve
[main] INFO com.ibm.engine.language.java.JavaDetectionEngine - Detected constructor definition has more then one argument to resolve. Redefine the rule to explicitly define the param to resolve
[main] INFO com.ibm.engine.language.java.JavaDetectionEngine - Detected constructor definition has more then one argument to resolve. Redefine the rule to explicitly define the param to resolve
[main] INFO com.ibm.engine.language.java.JavaDetectionEngine - Detected constructor definition has more then one argument to resolve. Redefine the rule to explicitly define the param to resolve
[main] INFO com.ibm.engine.language.java.JavaDetectionEngine - Detected constructor definition has more then one argument to resolve. Redefine the rule to explicitly define the param to resolve
[main] INFO com.ibm.engine.language.java.JavaDetectionEngine - Detected constructor definition has more then one argument to resolve. Redefine the rule to explicitly define the param to resolve
[main] INFO com.ibm.engine.language.java.JavaDetectionEngine - Detected constructor definition has more then one argument to resolve. Redefine the rule to explicitly define the param to resolve
[main] INFO com.ibm.engine.language.java.JavaDetectionEngine - Detected constructor definition has more then one argument to resolve. Redefine the rule to explicitly define the param to resolve
[main] INFO com.ibm.engine.language.java.JavaDetectionEngine - Detected constructor definition has more then one argument to resolve. Redefine the rule to explicitly define the param to resolve
[main] INFO com.ibm.engine.language.java.JavaDetectionEngine - Detected constructor definition has more then one argument to resolve. Redefine the rule to explicitly define the param to resolve
[main] INFO com.ibm.engine.language.java.JavaDetectionEngine - Detected constructor definition has more then one argument to resolve. Redefine the rule to explicitly define the param to resolve
[main] INFO com.ibm.engine.language.java.JavaDetectionEngine - Detected constructor definition has more then one argument to resolve. Redefine the rule to explicitly define the param to resolve
[main] INFO com.ibm.engine.language.java.JavaDetectionEngine - Detected constructor definition has more then one argument to resolve. Redefine the rule to explicitly define the param to resolve
[main] INFO com.ibm.engine.language.java.JavaDetectionEngine - Detected constructor definition has more then one argument to resolve. Redefine the rule to explicitly define the param to resolve
[main] INFO com.ibm.engine.language.java.JavaDetectionEngine - Detected constructor definition has more then one argument to resolve. Redefine the rule to explicitly define the param to resolve
[main] INFO com.ibm.engine.language.java.JavaDetectionEngine - Detected constructor definition has more then one argument to resolve. Redefine the rule to explicitly define the param to resolve
[main] INFO com.ibm.engine.language.java.JavaDetectionEngine - Detected constructor definition has more then one argument to resolve. Redefine the rule to explicitly define the param to resolve
[main] INFO com.ibm.engine.language.java.JavaDetectionEngine - Detected constructor definition has more then one argument to resolve. Redefine the rule to explicitly define the param to resolve
[main] INFO com.ibm.engine.language.java.JavaDetectionEngine - Detected constructor definition has more then one argument to resolve. Redefine the rule to explicitly define the param to resolve
[main] INFO com.ibm.engine.language.java.JavaDetectionEngine - Detected constructor definition has more then one argument to resolve. Redefine the rule to explicitly define the param to resolve
[main] INFO com.ibm.engine.language.java.JavaDetectionEngine - Detected constructor definition has more then one argument to resolve. Redefine the rule to explicitly define the param to resolve
[main] INFO com.ibm.engine.language.java.JavaDetectionEngine - Detected constructor definition has more then one argument to resolve. Redefine the rule to explicitly define the param to resolve
[main] INFO com.ibm.engine.language.java.JavaDetectionEngine - Detected constructor definition has more then one argument to resolve. Redefine the rule to explicitly define the param to resolve
[main] INFO com.ibm.engine.language.java.JavaDetectionEngine - Detected constructor definition has more then one argument to resolve. Redefine the rule to explicitly define the param to resolve
[main] INFO com.ibm.engine.language.java.JavaDetectionEngine - Detected constructor definition has more then one argument to resolve. Redefine the rule to explicitly define the param to resolve
[main] INFO com.ibm.engine.language.java.JavaDetectionEngine - Detected constructor definition has more then one argument to resolve. Redefine the rule to explicitly define the param to resolve
[main] INFO com.ibm.engine.language.java.JavaDetectionEngine - Detected constructor definition has more then one argument to resolve. Redefine the rule to explicitly define the param to resolve
[main] INFO com.ibm.engine.language.java.JavaDetectionEngine - Detected constructor definition has more then one argument to resolve. Redefine the rule to explicitly define the param to resolve
[main] INFO com.ibm.engine.language.java.JavaDetectionEngine - Detected constructor definition has more then one argument to resolve. Redefine the rule to explicitly define the param to resolve
[main] INFO com.ibm.engine.language.java.JavaDetectionEngine - Detected constructor definition has more then one argument to resolve. Redefine the rule to explicitly define the param to resolve
[main] INFO com.ibm.engine.language.java.JavaDetectionEngine - Detected constructor definition has more then one argument to resolve. Redefine the rule to explicitly define the param to resolve
[main] INFO com.ibm.engine.language.java.JavaDetectionEngine - Detected constructor definition has more then one argument to resolve. Redefine the rule to explicitly define the param to resolve
[main] INFO com.ibm.engine.language.java.JavaDetectionEngine - Detected constructor definition has more then one argument to resolve. Redefine the rule to explicitly define the param to resolve
[main] INFO com.ibm.engine.language.java.JavaDetectionEngine - Detected constructor definition has more then one argument to resolve. Redefine the rule to explicitly define the param to resolve
[main] INFO com.ibm.engine.language.java.JavaDetectionEngine - Detected constructor definition has more then one argument to resolve. Redefine the rule to explicitly define the param to resolve
[main] INFO com.ibm.output.IAggregator - Detected (SecretKey) AES
[main] INFO com.ibm.engine.language.java.JavaDetectionEngine - Detected constructor definition has more then one argument to resolve. Redefine the rule to explicitly define the param to resolve
[main] INFO com.ibm.engine.language.java.JavaDetectionEngine - Detected constructor definition has more then one argument to resolve. Redefine the rule to explicitly define the param to resolve
[main] INFO com.ibm.engine.language.java.JavaDetectionEngine - Detected constructor definition has more then one argument to resolve. Redefine the rule to explicitly define the param to resolve
[main] INFO com.ibm.engine.language.java.JavaDetectionEngine - Detected constructor definition has more then one argument to resolve. Redefine the rule to explicitly define the param to resolve
[main] INFO com.ibm.engine.language.java.JavaDetectionEngine - Detected constructor definition has more then one argument to resolve. Redefine the rule to explicitly define the param to resolve
[main] INFO com.ibm.engine.language.java.JavaDetectionEngine - Detected constructor definition has more then one argument to resolve. Redefine the rule to explicitly define the param to resolve
[main] INFO com.ibm.engine.language.java.JavaDetectionEngine - Detected constructor definition has more then one argument to resolve. Redefine the rule to explicitly define the param to resolve
[main] INFO com.ibm.engine.language.java.JavaDetectionEngine - Detected constructor definition has more then one argument to resolve. Redefine the rule to explicitly define the param to resolve
[main] INFO com.ibm.engine.language.java.JavaDetectionEngine - Detected constructor definition has more then one argument to resolve. Redefine the rule to explicitly define the param to resolve
[main] INFO com.ibm.engine.language.java.JavaDetectionEngine - Detected constructor definition has more then one argument to resolve. Redefine the rule to explicitly define the param to resolve
[main] INFO com.ibm.engine.language.java.JavaDetectionEngine - Detected constructor definition has more then one argument to resolve. Redefine the rule to explicitly define the param to resolve
[main] INFO com.ibm.engine.language.java.JavaDetectionEngine - Detected constructor definition has more then one argument to resolve. Redefine the rule to explicitly define the param to resolve
[main] INFO com.ibm.engine.language.java.JavaDetectionEngine - Detected constructor definition has more then one argument to resolve. Redefine the rule to explicitly define the param to resolve
[main] INFO com.ibm.engine.language.java.JavaDetectionEngine - Detected constructor definition has more then one argument to resolve. Redefine the rule to explicitly define the param to resolve
[main] INFO com.ibm.engine.language.java.JavaDetectionEngine - Detected constructor definition has more then one argument to resolve. Redefine the rule to explicitly define the param to resolve
[main] INFO com.ibm.engine.language.java.JavaDetectionEngine - Detected constructor definition has more then one argument to resolve. Redefine the rule to explicitly define the param to resolve
[main] INFO com.ibm.engine.language.java.JavaDetectionEngine - Detected constructor definition has more then one argument to resolve. Redefine the rule to explicitly define the param to resolve
[main] INFO com.ibm.engine.language.java.JavaDetectionEngine - Detected constructor definition has more then one argument to resolve. Redefine the rule to explicitly define the param to resolve
[main] INFO com.ibm.engine.language.java.JavaDetectionEngine - Detected constructor definition has more then one argument to resolve. Redefine the rule to explicitly define the param to resolve
[main] INFO com.ibm.engine.language.java.JavaDetectionEngine - Detected constructor definition has more then one argument to resolve. Redefine the rule to explicitly define the param to resolve
[main] INFO com.ibm.engine.language.java.JavaDetectionEngine - Detected constructor definition has more then one argument to resolve. Redefine the rule to explicitly define the param to resolve
[main] INFO com.ibm.engine.language.java.JavaDetectionEngine - Detected constructor definition has more then one argument to resolve. Redefine the rule to explicitly define the param to resolve
[main] INFO com.ibm.engine.language.java.JavaDetectionEngine - Detected constructor definition has more then one argument to resolve. Redefine the rule to explicitly define the param to resolve
[main] INFO com.ibm.engine.language.java.JavaDetectionEngine - Detected constructor definition has more then one argument to resolve. Redefine the rule to explicitly define the param to resolve
[main] INFO com.ibm.engine.language.java.JavaDetectionEngine - Detected constructor definition has more then one argument to resolve. Redefine the rule to explicitly define the param to resolve
[main] INFO com.ibm.engine.language.java.JavaDetectionEngine - Detected constructor definition has more then one argument to resolve. Redefine the rule to explicitly define the param to resolve
[main] INFO com.ibm.engine.language.java.JavaDetectionEngine - Detected constructor definition has more then one argument to resolve. Redefine the rule to explicitly define the param to resolve
[main] INFO com.ibm.engine.language.java.JavaDetectionEngine - Detected constructor definition has more then one argument to resolve. Redefine the rule to explicitly define the param to resolve
[main] INFO com.ibm.engine.language.java.JavaDetectionEngine - Detected constructor definition has more then one argument to resolve. Redefine the rule to explicitly define the param to resolve
[main] INFO com.ibm.engine.language.java.JavaDetectionEngine - Detected constructor definition has more then one argument to resolve. Redefine the rule to explicitly define the param to resolve
[main] INFO com.ibm.engine.language.java.JavaDetectionEngine - Detected constructor definition has more then one argument to resolve. Redefine the rule to explicitly define the param to resolve
[main] INFO com.ibm.engine.language.java.JavaDetectionEngine - Detected constructor definition has more then one argument to resolve. Redefine the rule to explicitly define the param to resolve
[main] INFO com.ibm.engine.language.java.JavaDetectionEngine - Detected constructor definition has more then one argument to resolve. Redefine the rule to explicitly define the param to resolve
[main] INFO com.ibm.engine.language.java.JavaDetectionEngine - Detected constructor definition has more then one argument to resolve. Redefine the rule to explicitly define the param to resolve
[main] INFO com.ibm.engine.language.java.JavaDetectionEngine - Detected constructor definition has more then one argument to resolve. Redefine the rule to explicitly define the param to resolve
[main] INFO com.ibm.engine.language.java.JavaDetectionEngine - Detected constructor definition has more then one argument to resolve. Redefine the rule to explicitly define the param to resolve
[main] INFO com.ibm.engine.language.java.JavaDetectionEngine - Detected constructor definition has more then one argument to resolve. Redefine the rule to explicitly define the param to resolve
[main] INFO com.ibm.engine.language.java.JavaDetectionEngine - Detected constructor definition has more then one argument to resolve. Redefine the rule to explicitly define the param to resolve
[main] INFO com.ibm.engine.language.java.JavaDetectionEngine - Detected constructor definition has more then one argument to resolve. Redefine the rule to explicitly define the param to resolve
[main] INFO com.ibm.engine.language.java.JavaDetectionEngine - Detected constructor definition has more then one argument to resolve. Redefine the rule to explicitly define the param to resolve
[main] INFO com.ibm.engine.language.java.JavaDetectionEngine - Detected constructor definition has more then one argument to resolve. Redefine the rule to explicitly define the param to resolve
[main] INFO com.ibm.engine.language.java.JavaDetectionEngine - Detected constructor definition has more then one argument to resolve. Redefine the rule to explicitly define the param to resolve
[main] INFO com.ibm.engine.language.java.JavaDetectionEngine - Detected constructor definition has more then one argument to resolve. Redefine the rule to explicitly define the param to resolve
[main] INFO com.ibm.engine.language.java.JavaDetectionEngine - Detected constructor definition has more then one argument to resolve. Redefine the rule to explicitly define the param to resolve
[main] INFO com.ibm.engine.language.java.JavaDetectionEngine - Detected constructor definition has more then one argument to resolve. Redefine the rule to explicitly define the param to resolve
[main] INFO com.ibm.engine.language.java.JavaDetectionEngine - Detected constructor definition has more then one argument to resolve. Redefine the rule to explicitly define the param to resolve
[main] INFO com.ibm.engine.language.java.JavaDetectionEngine - Detected constructor definition has more then one argument to resolve. Redefine the rule to explicitly define the param to resolve
[main] INFO com.ibm.engine.language.java.JavaDetectionEngine - Detected constructor definition has more then one argument to resolve. Redefine the rule to explicitly define the param to resolve
[main] INFO com.ibm.engine.language.java.JavaDetectionEngine - Detected constructor definition has more then one argument to resolve. Redefine the rule to explicitly define the param to resolve
[main] INFO com.ibm.engine.language.java.JavaDetectionEngine - Detected constructor definition has more then one argument to resolve. Redefine the rule to explicitly define the param to resolve
[main] INFO com.ibm.engine.language.java.JavaDetectionEngine - Detected constructor definition has more then one argument to resolve. Redefine the rule to explicitly define the param to resolve
[main] INFO com.ibm.engine.language.java.JavaDetectionEngine - Detected constructor definition has more then one argument to resolve. Redefine the rule to explicitly define the param to resolve
[main] INFO com.ibm.engine.language.java.JavaDetectionEngine - Detected constructor definition has more then one argument to resolve. Redefine the rule to explicitly define the param to resolve
[main] INFO com.ibm.engine.language.java.JavaDetectionEngine - Detected constructor definition has more then one argument to resolve. Redefine the rule to explicitly define the param to resolve
[main] INFO com.ibm.engine.language.java.JavaDetectionEngine - Detected constructor definition has more then one argument to resolve. Redefine the rule to explicitly define the param to resolve
[main] INFO com.ibm.engine.language.java.JavaDetectionEngine - Detected constructor definition has more then one argument to resolve. Redefine the rule to explicitly define the param to resolve
[main] INFO com.ibm.engine.language.java.JavaDetectionEngine - Detected constructor definition has more then one argument to resolve. Redefine the rule to explicitly define the param to resolve
[main] INFO com.ibm.engine.language.java.JavaDetectionEngine - Detected constructor definition has more then one argument to resolve. Redefine the rule to explicitly define the param to resolve
[main] INFO com.ibm.engine.language.java.JavaDetectionEngine - Detected constructor definition has more then one argument to resolve. Redefine the rule to explicitly define the param to resolve
[main] INFO com.ibm.engine.language.java.JavaDetectionEngine - Detected constructor definition has more then one argument to resolve. Redefine the rule to explicitly define the param to resolve
[main] INFO com.ibm.engine.language.java.JavaDetectionEngine - Detected constructor definition has more then one argument to resolve. Redefine the rule to explicitly define the param to resolve
[main] INFO com.ibm.engine.language.java.JavaDetectionEngine - Detected constructor definition has more then one argument to resolve. Redefine the rule to explicitly define the param to resolve
[main] INFO com.ibm.engine.language.java.JavaDetectionEngine - Detected constructor definition has more then one argument to resolve. Redefine the rule to explicitly define the param to resolve
[main] INFO com.ibm.engine.language.java.JavaDetectionEngine - Detected constructor definition has more then one argument to resolve. Redefine the rule to explicitly define the param to resolve
[main] INFO com.ibm.engine.language.java.JavaDetectionEngine - Detected constructor definition has more then one argument to resolve. Redefine the rule to explicitly define the param to resolve
[main] INFO com.ibm.engine.language.java.JavaDetectionEngine - Detected constructor definition has more then one argument to resolve. Redefine the rule to explicitly define the param to resolve
[main] INFO com.ibm.engine.language.java.JavaDetectionEngine - Detected constructor definition has more then one argument to resolve. Redefine the rule to explicitly define the param to resolve
[main] INFO com.ibm.engine.language.java.JavaDetectionEngine - Detected constructor definition has more then one argument to resolve. Redefine the rule to explicitly define the param to resolve
[main] INFO com.ibm.engine.language.java.JavaDetectionEngine - Detected constructor definition has more then one argument to resolve. Redefine the rule to explicitly define the param to resolve
[main] INFO com.ibm.engine.language.java.JavaDetectionEngine - Detected constructor definition has more then one argument to resolve. Redefine the rule to explicitly define the param to resolve
[main] INFO com.ibm.engine.language.java.JavaDetectionEngine - Detected constructor definition has more then one argument to resolve. Redefine the rule to explicitly define the param to resolve
[main] INFO com.ibm.engine.language.java.JavaDetectionEngine - Detected constructor definition has more then one argument to resolve. Redefine the rule to explicitly define the param to resolve
[main] INFO com.ibm.engine.language.java.JavaDetectionEngine - Detected constructor definition has more then one argument to resolve. Redefine the rule to explicitly define the param to resolve
[main] INFO com.ibm.engine.language.java.JavaDetectionEngine - Detected constructor definition has more then one argument to resolve. Redefine the rule to explicitly define the param to resolve
[main] INFO com.ibm.engine.language.java.JavaDetectionEngine - Detected constructor definition has more then one argument to resolve. Redefine the rule to explicitly define the param to resolve
[main] INFO com.ibm.engine.language.java.JavaDetectionEngine - Detected constructor definition has more then one argument to resolve. Redefine the rule to explicitly define the param to resolve
[main] INFO com.ibm.engine.language.java.JavaDetectionEngine - Detected constructor definition has more then one argument to resolve. Redefine the rule to explicitly define the param to resolve
[main] INFO com.ibm.engine.language.java.JavaDetectionEngine - Detected constructor definition has more then one argument to resolve. Redefine the rule to explicitly define the param to resolve
[main] INFO com.ibm.engine.language.java.JavaDetectionEngine - Detected constructor definition has more then one argument to resolve. Redefine the rule to explicitly define the param to resolve
[main] INFO com.ibm.engine.language.java.JavaDetectionEngine - Detected constructor definition has more then one argument to resolve. Redefine the rule to explicitly define the param to resolve
[main] INFO com.ibm.engine.language.java.JavaDetectionEngine - Detected constructor definition has more then one argument to resolve. Redefine the rule to explicitly define the param to resolve
[main] INFO com.ibm.engine.language.java.JavaDetectionEngine - Detected constructor definition has more then one argument to resolve. Redefine the rule to explicitly define the param to resolve
[main] INFO com.ibm.engine.language.java.JavaDetectionEngine - Detected constructor definition has more then one argument to resolve. Redefine the rule to explicitly define the param to resolve
[main] INFO com.ibm.engine.language.java.JavaDetectionEngine - Detected constructor definition has more then one argument to resolve. Redefine the rule to explicitly define the param to resolve
[main] INFO com.ibm.engine.language.java.JavaDetectionEngine - Detected constructor definition has more then one argument to resolve. Redefine the rule to explicitly define the param to resolve
[main] INFO com.ibm.engine.language.java.JavaDetectionEngine - Detected constructor definition has more then one argument to resolve. Redefine the rule to explicitly define the param to resolve
[main] INFO com.ibm.engine.language.java.JavaDetectionEngine - Detected constructor definition has more then one argument to resolve. Redefine the rule to explicitly define the param to resolve
[main] INFO com.ibm.engine.language.java.JavaDetectionEngine - Detected constructor definition has more then one argument to resolve. Redefine the rule to explicitly define the param to resolve
[main] INFO com.ibm.engine.language.java.JavaDetectionEngine - Detected constructor definition has more then one argument to resolve. Redefine the rule to explicitly define the param to resolve
[main] INFO com.ibm.engine.language.java.JavaDetectionEngine - Detected constructor definition has more then one argument to resolve. Redefine the rule to explicitly define the param to resolve
[main] INFO com.ibm.engine.language.java.JavaDetectionEngine - Detected constructor definition has more then one argument to resolve. Redefine the rule to explicitly define the param to resolve
[main] INFO com.ibm.engine.language.java.JavaDetectionEngine - Detected constructor definition has more then one argument to resolve. Redefine the rule to explicitly define the param to resolve
[main] INFO com.ibm.engine.language.java.JavaDetectionEngine - Detected constructor definition has more then one argument to resolve. Redefine the rule to explicitly define the param to resolve
[main] INFO com.ibm.engine.language.java.JavaDetectionEngine - Detected constructor definition has more then one argument to resolve. Redefine the rule to explicitly define the param to resolve
[main] INFO com.ibm.engine.language.java.JavaDetectionEngine - Detected constructor definition has more then one argument to resolve. Redefine the rule to explicitly define the param to resolve
[main] INFO com.ibm.engine.language.java.JavaDetectionEngine - Detected constructor definition has more then one argument to resolve. Redefine the rule to explicitly define the param to resolve
[main] INFO com.ibm.engine.language.java.JavaDetectionEngine - Detected constructor definition has more then one argument to resolve. Redefine the rule to explicitly define the param to resolve
[main] INFO com.ibm.engine.language.java.JavaDetectionEngine - Detected constructor definition has more then one argument to resolve. Redefine the rule to explicitly define the param to resolve
[main] INFO com.ibm.engine.language.java.JavaDetectionEngine - Detected constructor definition has more then one argument to resolve. Redefine the rule to explicitly define the param to resolve
[main] INFO com.ibm.engine.language.java.JavaDetectionEngine - Detected constructor definition has more then one argument to resolve. Redefine the rule to explicitly define the param to resolve
[main] INFO com.ibm.engine.language.java.JavaDetectionEngine - Detected constructor definition has more then one argument to resolve. Redefine the rule to explicitly define the param to resolve
[main] INFO com.ibm.engine.language.java.JavaDetectionEngine - Detected constructor definition has more then one argument to resolve. Redefine the rule to explicitly define the param to resolve
[main] INFO com.ibm.engine.language.java.JavaDetectionEngine - Detected constructor definition has more then one argument to resolve. Redefine the rule to explicitly define the param to resolve
[main] INFO com.ibm.engine.language.java.JavaDetectionEngine - Detected constructor definition has more then one argument to resolve. Redefine the rule to explicitly define the param to resolve
[main] INFO com.ibm.engine.language.java.JavaDetectionEngine - Detected constructor definition has more then one argument to resolve. Redefine the rule to explicitly define the param to resolve
[main] INFO com.ibm.engine.language.java.JavaDetectionEngine - Detected constructor definition has more then one argument to resolve. Redefine the rule to explicitly define the param to resolve
[main] INFO com.ibm.engine.language.java.JavaDetectionEngine - Detected constructor definition has more then one argument to resolve. Redefine the rule to explicitly define the param to resolve
[main] INFO com.ibm.engine.language.java.JavaDetectionEngine - Detected constructor definition has more then one argument to resolve. Redefine the rule to explicitly define the param to resolve
[main] INFO com.ibm.engine.language.java.JavaDetectionEngine - Detected constructor definition has more then one argument to resolve. Redefine the rule to explicitly define the param to resolve
[main] INFO com.ibm.engine.language.java.JavaDetectionEngine - Detected constructor definition has more then one argument to resolve. Redefine the rule to explicitly define the param to resolve
[main] INFO com.ibm.engine.language.java.JavaDetectionEngine - Detected constructor definition has more then one argument to resolve. Redefine the rule to explicitly define the param to resolve
[main] INFO com.ibm.engine.language.java.JavaDetectionEngine - Detected constructor definition has more then one argument to resolve. Redefine the rule to explicitly define the param to resolve
[main] INFO com.ibm.engine.language.java.JavaDetectionEngine - Detected constructor definition has more then one argument to resolve. Redefine the rule to explicitly define the param to resolve
[main] INFO com.ibm.engine.language.java.JavaDetectionEngine - Detected constructor definition has more then one argument to resolve. Redefine the rule to explicitly define the param to resolve
[main] INFO com.ibm.engine.language.java.JavaDetectionEngine - Detected constructor definition has more then one argument to resolve. Redefine the rule to explicitly define the param to resolve
[main] INFO com.ibm.engine.language.java.JavaDetectionEngine - Detected constructor definition has more then one argument to resolve. Redefine the rule to explicitly define the param to resolve
[main] INFO com.ibm.engine.language.java.JavaDetectionEngine - Detected constructor definition has more then one argument to resolve. Redefine the rule to explicitly define the param to resolve
[main] INFO com.ibm.engine.language.java.JavaDetectionEngine - Detected constructor definition has more then one argument to resolve. Redefine the rule to explicitly define the param to resolve
[main] INFO com.ibm.engine.language.java.JavaDetectionEngine - Detected constructor definition has more then one argument to resolve. Redefine the rule to explicitly define the param to resolve
[main] INFO com.ibm.engine.language.java.JavaDetectionEngine - Detected constructor definition has more then one argument to resolve. Redefine the rule to explicitly define the param to resolve
[main] INFO com.ibm.engine.language.java.JavaDetectionEngine - Detected constructor definition has more then one argument to resolve. Redefine the rule to explicitly define the param to resolve
[main] INFO com.ibm.engine.language.java.JavaDetectionEngine - Detected constructor definition has more then one argument to resolve. Redefine the rule to explicitly define the param to resolve
[main] INFO com.ibm.engine.language.java.JavaDetectionEngine - Detected constructor definition has more then one argument to resolve. Redefine the rule to explicitly define the param to resolve
[main] INFO com.ibm.engine.language.java.JavaDetectionEngine - Detected constructor definition has more then one argument to resolve. Redefine the rule to explicitly define the param to resolve
[main] INFO com.ibm.engine.language.java.JavaDetectionEngine - Detected constructor definition has more then one argument to resolve. Redefine the rule to explicitly define the param to resolve
[main] INFO com.ibm.engine.language.java.JavaDetectionEngine - Detected constructor definition has more then one argument to resolve. Redefine the rule to explicitly define the param to resolve
[main] INFO com.ibm.engine.language.java.JavaDetectionEngine - Detected constructor definition has more then one argument to resolve. Redefine the rule to explicitly define the param to resolve
[main] INFO com.ibm.engine.language.java.JavaDetectionEngine - Detected constructor definition has more then one argument to resolve. Redefine the rule to explicitly define the param to resolve
[main] INFO com.ibm.engine.language.java.JavaDetectionEngine - Detected constructor definition has more then one argument to resolve. Redefine the rule to explicitly define the param to resolve
[main] INFO com.ibm.engine.language.java.JavaDetectionEngine - Detected constructor definition has more then one argument to resolve. Redefine the rule to explicitly define the param to resolve
[main] INFO com.ibm.engine.language.java.JavaDetectionEngine - Detected constructor definition has more then one argument to resolve. Redefine the rule to explicitly define the param to resolve
[main] INFO com.ibm.engine.language.java.JavaDetectionEngine - Detected constructor definition has more then one argument to resolve. Redefine the rule to explicitly define the param to resolve
[main] INFO com.ibm.engine.language.java.JavaDetectionEngine - Detected constructor definition has more then one argument to resolve. Redefine the rule to explicitly define the param to resolve
[main] INFO com.ibm.engine.language.java.JavaDetectionEngine - Detected constructor definition has more then one argument to resolve. Redefine the rule to explicitly define the param to resolve
[main] INFO com.ibm.engine.language.java.JavaDetectionEngine - Detected constructor definition has more then one argument to resolve. Redefine the rule to explicitly define the param to resolve
[main] INFO com.ibm.engine.language.java.JavaDetectionEngine - Detected constructor definition has more then one argument to resolve. Redefine the rule to explicitly define the param to resolve
[main] INFO com.ibm.engine.language.java.JavaDetectionEngine - Detected constructor definition has more then one argument to resolve. Redefine the rule to explicitly define the param to resolve
[main] INFO com.ibm.engine.language.java.JavaDetectionEngine - Detected constructor definition has more then one argument to resolve. Redefine the rule to explicitly define the param to resolve
[main] INFO com.ibm.engine.language.java.JavaDetectionEngine - Detected constructor definition has more then one argument to resolve. Redefine the rule to explicitly define the param to resolve
[main] INFO com.ibm.engine.language.java.JavaDetectionEngine - Detected constructor definition has more then one argument to resolve. Redefine the rule to explicitly define the param to resolve
[main] INFO com.ibm.engine.language.java.JavaDetectionEngine - Detected constructor definition has more then one argument to resolve. Redefine the rule to explicitly define the param to resolve
[main] INFO com.ibm.engine.language.java.JavaDetectionEngine - Detected constructor definition has more then one argument to resolve. Redefine the rule to explicitly define the param to resolve
[main] INFO com.ibm.engine.language.java.JavaDetectionEngine - Detected constructor definition has more then one argument to resolve. Redefine the rule to explicitly define the param to resolve
[main] INFO com.ibm.engine.language.java.JavaDetectionEngine - Detected constructor definition has more then one argument to resolve. Redefine the rule to explicitly define the param to resolve
[main] INFO com.ibm.engine.language.java.JavaDetectionEngine - Detected constructor definition has more then one argument to resolve. Redefine the rule to explicitly define the param to resolve
[main] INFO com.ibm.engine.language.java.JavaDetectionEngine - Detected constructor definition has more then one argument to resolve. Redefine the rule to explicitly define the param to resolve
[main] INFO com.ibm.engine.language.java.JavaDetectionEngine - Detected constructor definition has more then one argument to resolve. Redefine the rule to explicitly define the param to resolve
[main] INFO com.ibm.engine.language.java.JavaDetectionEngine - Detected constructor definition has more then one argument to resolve. Redefine the rule to explicitly define the param to resolve
[main] INFO com.ibm.engine.language.java.JavaDetectionEngine - Detected constructor definition has more then one argument to resolve. Redefine the rule to explicitly define the param to resolve
[main] INFO com.ibm.engine.language.java.JavaDetectionEngine - Detected constructor definition has more then one argument to resolve. Redefine the rule to explicitly define the param to resolve
[main] INFO com.ibm.engine.language.java.JavaDetectionEngine - Detected constructor definition has more then one argument to resolve. Redefine the rule to explicitly define the param to resolve
[main] INFO com.ibm.engine.language.java.JavaDetectionEngine - Detected constructor definition has more then one argument to resolve. Redefine the rule to explicitly define the param to resolve
[main] INFO com.ibm.engine.language.java.JavaDetectionEngine - Detected constructor definition has more then one argument to resolve. Redefine the rule to explicitly define the param to resolve
[main] INFO com.ibm.engine.language.java.JavaDetectionEngine - Detected constructor definition has more then one argument to resolve. Redefine the rule to explicitly define the param to resolve
[main] INFO com.ibm.engine.language.java.JavaDetectionEngine - Detected constructor definition has more then one argument to resolve. Redefine the rule to explicitly define the param to resolve
[main] INFO com.ibm.engine.language.java.JavaDetectionEngine - Detected constructor definition has more then one argument to resolve. Redefine the rule to explicitly define the param to resolve
[main] INFO com.ibm.engine.language.java.JavaDetectionEngine - Detected constructor definition has more then one argument to resolve. Redefine the rule to explicitly define the param to resolve
[main] INFO com.ibm.engine.language.java.JavaDetectionEngine - Detected constructor definition has more then one argument to resolve. Redefine the rule to explicitly define the param to resolve
[main] INFO com.ibm.engine.language.java.JavaDetectionEngine - Detected constructor definition has more then one argument to resolve. Redefine the rule to explicitly define the param to resolve
[main] INFO com.ibm.engine.language.java.JavaDetectionEngine - Detected constructor definition has more then one argument to resolve. Redefine the rule to explicitly define the param to resolve
[main] INFO com.ibm.engine.language.java.JavaDetectionEngine - Detected constructor definition has more then one argument to resolve. Redefine the rule to explicitly define the param to resolve
[main] INFO com.ibm.engine.language.java.JavaDetectionEngine - Detected constructor definition has more then one argument to resolve. Redefine the rule to explicitly define the param to resolve
[main] INFO com.ibm.engine.language.java.JavaDetectionEngine - Detected constructor definition has more then one argument to resolve. Redefine the rule to explicitly define the param to resolve
[main] INFO com.ibm.engine.language.java.JavaDetectionEngine - Detected constructor definition has more then one argument to resolve. Redefine the rule to explicitly define the param to resolve
[main] INFO com.ibm.engine.language.java.JavaDetectionEngine - Detected constructor definition has more then one argument to resolve. Redefine the rule to explicitly define the param to resolve
[main] INFO com.ibm.engine.language.java.JavaDetectionEngine - Detected constructor definition has more then one argument to resolve. Redefine the rule to explicitly define the param to resolve
[main] INFO com.ibm.engine.language.java.JavaDetectionEngine - Detected constructor definition has more then one argument to resolve. Redefine the rule to explicitly define the param to resolve
[main] INFO com.ibm.engine.language.java.JavaDetectionEngine - Detected constructor definition has more then one argument to resolve. Redefine the rule to explicitly define the param to resolve
[main] INFO com.ibm.engine.language.java.JavaDetectionEngine - Detected constructor definition has more then one argument to resolve. Redefine the rule to explicitly define the param to resolve
[main] INFO com.ibm.engine.language.java.JavaDetectionEngine - Detected constructor definition has more then one argument to resolve. Redefine the rule to explicitly define the param to resolve
[main] INFO com.ibm.engine.language.java.JavaDetectionEngine - Detected constructor definition has more then one argument to resolve. Redefine the rule to explicitly define the param to resolve
[main] INFO com.ibm.engine.language.java.JavaDetectionEngine - Detected constructor definition has more then one argument to resolve. Redefine the rule to explicitly define the param to resolve
[main] INFO com.ibm.engine.language.java.JavaDetectionEngine - Detected constructor definition has more then one argument to resolve. Redefine the rule to explicitly define the param to resolve
[main] INFO com.ibm.engine.language.java.JavaDetectionEngine - Detected constructor definition has more then one argument to resolve. Redefine the rule to explicitly define the param to resolve
[main] INFO com.ibm.engine.language.java.JavaDetectionEngine - Detected constructor definition has more then one argument to resolve. Redefine the rule to explicitly define the param to resolve
[main] INFO com.ibm.engine.language.java.JavaDetectionEngine - Detected constructor definition has more then one argument to resolve. Redefine the rule to explicitly define the param to resolve
[main] INFO com.ibm.engine.language.java.JavaDetectionEngine - Detected constructor definition has more then one argument to resolve. Redefine the rule to explicitly define the param to resolve
[main] INFO com.ibm.engine.language.java.JavaDetectionEngine - Detected constructor definition has more then one argument to resolve. Redefine the rule to explicitly define the param to resolve
[main] INFO com.ibm.engine.language.java.JavaDetectionEngine - Detected constructor definition has more then one argument to resolve. Redefine the rule to explicitly define the param to resolve
[main] INFO com.ibm.engine.language.java.JavaDetectionEngine - Detected constructor definition has more then one argument to resolve. Redefine the rule to explicitly define the param to resolve
[main] INFO com.ibm.engine.language.java.JavaDetectionEngine - Detected constructor definition has more then one argument to resolve. Redefine the rule to explicitly define the param to resolve
[main] INFO com.ibm.engine.language.java.JavaDetectionEngine - Detected constructor definition has more then one argument to resolve. Redefine the rule to explicitly define the param to resolve
[main] INFO com.ibm.engine.language.java.JavaDetectionEngine - Detected constructor definition has more then one argument to resolve. Redefine the rule to explicitly define the param to resolve
[main] INFO com.ibm.engine.language.java.JavaDetectionEngine - Detected constructor definition has more then one argument to resolve. Redefine the rule to explicitly define the param to resolve
[main] INFO com.ibm.engine.language.java.JavaDetectionEngine - Detected constructor definition has more then one argument to resolve. Redefine the rule to explicitly define the param to resolve
[main] INFO com.ibm.engine.language.java.JavaDetectionEngine - Detected constructor definition has more then one argument to resolve. Redefine the rule to explicitly define the param to resolve
[main] INFO com.ibm.engine.language.java.JavaDetectionEngine - Detected constructor definition has more then one argument to resolve. Redefine the rule to explicitly define the param to resolve
[main] INFO com.ibm.engine.language.java.JavaDetectionEngine - Detected constructor definition has more then one argument to resolve. Redefine the rule to explicitly define the param to resolve
[main] INFO com.ibm.engine.language.java.JavaDetectionEngine - Detected constructor definition has more then one argument to resolve. Redefine the rule to explicitly define the param to resolve
[main] INFO com.ibm.engine.language.java.JavaDetectionEngine - Detected constructor definition has more then one argument to resolve. Redefine the rule to explicitly define the param to resolve
[main] INFO com.ibm.engine.language.java.JavaDetectionEngine - Detected constructor definition has more then one argument to resolve. Redefine the rule to explicitly define the param to resolve
[main] INFO com.ibm.engine.language.java.JavaDetectionEngine - Detected constructor definition has more then one argument to resolve. Redefine the rule to explicitly define the param to resolve
[main] INFO com.ibm.engine.language.java.JavaDetectionEngine - Detected constructor definition has more then one argument to resolve. Redefine the rule to explicitly define the param to resolve
[main] INFO com.ibm.engine.language.java.JavaDetectionEngine - Detected constructor definition has more then one argument to resolve. Redefine the rule to explicitly define the param to resolve
[main] INFO com.ibm.engine.language.java.JavaDetectionEngine - Detected constructor definition has more then one argument to resolve. Redefine the rule to explicitly define the param to resolve
[main] INFO com.ibm.engine.language.java.JavaDetectionEngine - Detected constructor definition has more then one argument to resolve. Redefine the rule to explicitly define the param to resolve
[main] INFO com.ibm.engine.language.java.JavaDetectionEngine - Detected constructor definition has more then one argument to resolve. Redefine the rule to explicitly define the param to resolve
[main] INFO com.ibm.engine.language.java.JavaDetectionEngine - Detected constructor definition has more then one argument to resolve. Redefine the rule to explicitly define the param to resolve
[main] INFO com.ibm.engine.language.java.JavaDetectionEngine - Detected constructor definition has more then one argument to resolve. Redefine the rule to explicitly define the param to resolve
[main] INFO com.ibm.engine.language.java.JavaDetectionEngine - Detected constructor definition has more then one argument to resolve. Redefine the rule to explicitly define the param to resolve
[main] INFO com.ibm.engine.language.java.JavaDetectionEngine - Detected constructor definition has more then one argument to resolve. Redefine the rule to explicitly define the param to resolve
[main] INFO com.ibm.engine.language.java.JavaDetectionEngine - Detected constructor definition has more then one argument to resolve. Redefine the rule to explicitly define the param to resolve
[main] INFO com.ibm.engine.language.java.JavaDetectionEngine - Detected constructor definition has more then one argument to resolve. Redefine the rule to explicitly define the param to resolve
[main] INFO com.ibm.engine.language.java.JavaDetectionEngine - Detected constructor definition has more then one argument to resolve. Redefine the rule to explicitly define the param to resolve
[main] INFO com.ibm.engine.language.java.JavaDetectionEngine - Detected constructor definition has more then one argument to resolve. Redefine the rule to explicitly define the param to resolve
[main] INFO com.ibm.engine.language.java.JavaDetectionEngine - Detected constructor definition has more then one argument to resolve. Redefine the rule to explicitly define the param to resolve
[main] INFO com.ibm.engine.language.java.JavaDetectionEngine - Detected constructor definition has more then one argument to resolve. Redefine the rule to explicitly define the param to resolve
[main] INFO com.ibm.engine.language.java.JavaDetectionEngine - Detected constructor definition has more then one argument to resolve. Redefine the rule to explicitly define the param to resolve
[main] INFO com.ibm.engine.language.java.JavaDetectionEngine - Detected constructor definition has more then one argument to resolve. Redefine the rule to explicitly define the param to resolve
[main] INFO com.ibm.engine.language.java.JavaDetectionEngine - Detected constructor definition has more then one argument to resolve. Redefine the rule to explicitly define the param to resolve
[main] INFO com.ibm.engine.language.java.JavaDetectionEngine - Detected constructor definition has more then one argument to resolve. Redefine the rule to explicitly define the param to resolve
[main] INFO com.ibm.engine.language.java.JavaDetectionEngine - Detected constructor definition has more then one argument to resolve. Redefine the rule to explicitly define the param to resolve
[main] INFO com.ibm.engine.language.java.JavaDetectionEngine - Detected constructor definition has more then one argument to resolve. Redefine the rule to explicitly define the param to resolve
[main] INFO com.ibm.engine.language.java.JavaDetectionEngine - Detected constructor definition has more then one argument to resolve. Redefine the rule to explicitly define the param to resolve
[main] INFO com.ibm.engine.language.java.JavaDetectionEngine - Detected constructor definition has more then one argument to resolve. Redefine the rule to explicitly define the param to resolve
[main] INFO com.ibm.engine.language.java.JavaDetectionEngine - Detected constructor definition has more then one argument to resolve. Redefine the rule to explicitly define the param to resolve
[main] INFO com.ibm.engine.language.java.JavaDetectionEngine - Detected constructor definition has more then one argument to resolve. Redefine the rule to explicitly define the param to resolve
[main] INFO com.ibm.engine.language.java.JavaDetectionEngine - Detected constructor definition has more then one argument to resolve. Redefine the rule to explicitly define the param to resolve
[main] INFO com.ibm.engine.language.java.JavaDetectionEngine - Detected constructor definition has more then one argument to resolve. Redefine the rule to explicitly define the param to resolve
[main] INFO com.ibm.engine.language.java.JavaDetectionEngine - Detected constructor definition has more then one argument to resolve. Redefine the rule to explicitly define the param to resolve
[main] INFO com.ibm.engine.language.java.JavaDetectionEngine - Detected constructor definition has more then one argument to resolve. Redefine the rule to explicitly define the param to resolve
[main] INFO com.ibm.engine.language.java.JavaDetectionEngine - Detected constructor definition has more then one argument to resolve. Redefine the rule to explicitly define the param to resolve
[main] INFO com.ibm.engine.language.java.JavaDetectionEngine - Detected constructor definition has more then one argument to resolve. Redefine the rule to explicitly define the param to resolve
[main] INFO com.ibm.engine.language.java.JavaDetectionEngine - Detected constructor definition has more then one argument to resolve. Redefine the rule to explicitly define the param to resolve
[main] INFO com.ibm.engine.language.java.JavaDetectionEngine - Detected constructor definition has more then one argument to resolve. Redefine the rule to explicitly define the param to resolve
[main] INFO com.ibm.engine.language.java.JavaDetectionEngine - Detected constructor definition has more then one argument to resolve. Redefine the rule to explicitly define the param to resolve
[main] INFO com.ibm.engine.language.java.JavaDetectionEngine - Detected constructor definition has more then one argument to resolve. Redefine the rule to explicitly define the param to resolve
[main] INFO com.ibm.engine.language.java.JavaDetectionEngine - Detected constructor definition has more then one argument to resolve. Redefine the rule to explicitly define the param to resolve
[main] INFO com.ibm.engine.language.java.JavaDetectionEngine - Detected constructor definition has more then one argument to resolve. Redefine the rule to explicitly define the param to resolve
[main] INFO com.ibm.engine.language.java.JavaDetectionEngine - Detected constructor definition has more then one argument to resolve. Redefine the rule to explicitly define the param to resolve
[main] INFO com.ibm.engine.language.java.JavaDetectionEngine - Detected constructor definition has more then one argument to resolve. Redefine the rule to explicitly define the param to resolve
[main] INFO com.ibm.engine.language.java.JavaDetectionEngine - Detected constructor definition has more then one argument to resolve. Redefine the rule to explicitly define the param to resolve
[main] INFO com.ibm.engine.language.java.JavaDetectionEngine - Detected constructor definition has more then one argument to resolve. Redefine the rule to explicitly define the param to resolve
[main] INFO com.ibm.engine.language.java.JavaDetectionEngine - Detected constructor definition has more then one argument to resolve. Redefine the rule to explicitly define the param to resolve
[main] INFO com.ibm.engine.language.java.JavaDetectionEngine - Detected constructor definition has more then one argument to resolve. Redefine the rule to explicitly define the param to resolve
[main] INFO com.ibm.engine.language.java.JavaDetectionEngine - Detected constructor definition has more then one argument to resolve. Redefine the rule to explicitly define the param to resolve
[main] INFO com.ibm.engine.language.java.JavaDetectionEngine - Detected constructor definition has more then one argument to resolve. Redefine the rule to explicitly define the param to resolve
[main] INFO com.ibm.engine.language.java.JavaDetectionEngine - Detected constructor definition has more then one argument to resolve. Redefine the rule to explicitly define the param to resolve
[main] INFO com.ibm.engine.language.java.JavaDetectionEngine - Detected constructor definition has more then one argument to resolve. Redefine the rule to explicitly define the param to resolve
[main] INFO com.ibm.engine.language.java.JavaDetectionEngine - Detected constructor definition has more then one argument to resolve. Redefine the rule to explicitly define the param to resolve
[main] INFO com.ibm.engine.language.java.JavaDetectionEngine - Detected constructor definition has more then one argument to resolve. Redefine the rule to explicitly define the param to resolve
[main] INFO com.ibm.engine.language.java.JavaDetectionEngine - Detected constructor definition has more then one argument to resolve. Redefine the rule to explicitly define the param to resolve
[main] INFO com.ibm.engine.language.java.JavaDetectionEngine - Detected constructor definition has more then one argument to resolve. Redefine the rule to explicitly define the param to resolve
[main] INFO com.ibm.engine.language.java.JavaDetectionEngine - Detected constructor definition has more then one argument to resolve. Redefine the rule to explicitly define the param to resolve
[main] INFO com.ibm.engine.language.java.JavaDetectionEngine - Detected constructor definition has more then one argument to resolve. Redefine the rule to explicitly define the param to resolve
[main] INFO com.ibm.engine.language.java.JavaDetectionEngine - Detected constructor definition has more then one argument to resolve. Redefine the rule to explicitly define the param to resolve
[main] INFO com.ibm.engine.language.java.JavaDetectionEngine - Detected constructor definition has more then one argument to resolve. Redefine the rule to explicitly define the param to resolve
[main] INFO com.ibm.engine.language.java.JavaDetectionEngine - Detected constructor definition has more then one argument to resolve. Redefine the rule to explicitly define the param to resolve
[main] INFO com.ibm.engine.language.java.JavaDetectionEngine - Detected constructor definition has more then one argument to resolve. Redefine the rule to explicitly define the param to resolve
[main] INFO com.ibm.engine.language.java.JavaDetectionEngine - Detected constructor definition has more then one argument to resolve. Redefine the rule to explicitly define the param to resolve
[main] INFO com.ibm.engine.language.java.JavaDetectionEngine - Detected constructor definition has more then one argument to resolve. Redefine the rule to explicitly define the param to resolve
[main] INFO com.ibm.engine.language.java.JavaDetectionEngine - Detected constructor definition has more then one argument to resolve. Redefine the rule to explicitly define the param to resolve
[main] INFO com.ibm.engine.language.java.JavaDetectionEngine - Detected constructor definition has more then one argument to resolve. Redefine the rule to explicitly define the param to resolve
[main] INFO com.ibm.engine.language.java.JavaDetectionEngine - Detected constructor definition has more then one argument to resolve. Redefine the rule to explicitly define the param to resolve
[main] INFO com.ibm.engine.language.java.JavaDetectionEngine - Detected constructor definition has more then one argument to resolve. Redefine the rule to explicitly define the param to resolve
[main] INFO com.ibm.engine.language.java.JavaDetectionEngine - Detected constructor definition has more then one argument to resolve. Redefine the rule to explicitly define the param to resolve
[main] INFO com.ibm.engine.language.java.JavaDetectionEngine - Detected constructor definition has more then one argument to resolve. Redefine the rule to explicitly define the param to resolve
[main] INFO com.ibm.engine.language.java.JavaDetectionEngine - Detected constructor definition has more then one argument to resolve. Redefine the rule to explicitly define the param to resolve
[main] INFO com.ibm.engine.language.java.JavaDetectionEngine - Detected constructor definition has more then one argument to resolve. Redefine the rule to explicitly define the param to resolve
[main] INFO com.ibm.engine.language.java.JavaDetectionEngine - Detected constructor definition has more then one argument to resolve. Redefine the rule to explicitly define the param to resolve
[main] INFO com.ibm.engine.language.java.JavaDetectionEngine - Detected constructor definition has more then one argument to resolve. Redefine the rule to explicitly define the param to resolve
[main] INFO com.ibm.engine.language.java.JavaDetectionEngine - Detected constructor definition has more then one argument to resolve. Redefine the rule to explicitly define the param to resolve
[main] INFO com.ibm.engine.language.java.JavaDetectionEngine - Detected constructor definition has more then one argument to resolve. Redefine the rule to explicitly define the param to resolve
[main] INFO com.ibm.engine.language.java.JavaDetectionEngine - Detected constructor definition has more then one argument to resolve. Redefine the rule to explicitly define the param to resolve
[main] INFO com.ibm.engine.language.java.JavaDetectionEngine - Detected constructor definition has more then one argument to resolve. Redefine the rule to explicitly define the param to resolve
[main] INFO com.ibm.engine.language.java.JavaDetectionEngine - Detected constructor definition has more then one argument to resolve. Redefine the rule to explicitly define the param to resolve
[main] INFO com.ibm.engine.language.java.JavaDetectionEngine - Detected constructor definition has more then one argument to resolve. Redefine the rule to explicitly define the param to resolve
[main] INFO com.ibm.engine.language.java.JavaDetectionEngine - Detected constructor definition has more then one argument to resolve. Redefine the rule to explicitly define the param to resolve
[main] INFO com.ibm.engine.language.java.JavaDetectionEngine - Detected constructor definition has more then one argument to resolve. Redefine the rule to explicitly define the param to resolve
[main] INFO com.ibm.engine.language.java.JavaDetectionEngine - Detected constructor definition has more then one argument to resolve. Redefine the rule to explicitly define the param to resolve
[main] INFO com.ibm.engine.language.java.JavaDetectionEngine - Detected constructor definition has more then one argument to resolve. Redefine the rule to explicitly define the param to resolve
[main] INFO com.ibm.engine.language.java.JavaDetectionEngine - Detected constructor definition has more then one argument to resolve. Redefine the rule to explicitly define the param to resolve
[main] INFO com.ibm.engine.language.java.JavaDetectionEngine - Detected constructor definition has more then one argument to resolve. Redefine the rule to explicitly define the param to resolve
[main] INFO com.ibm.engine.language.java.JavaDetectionEngine - Detected constructor definition has more then one argument to resolve. Redefine the rule to explicitly define the param to resolve
[main] INFO com.ibm.engine.language.java.JavaDetectionEngine - Detected constructor definition has more then one argument to resolve. Redefine the rule to explicitly define the param to resolve
[main] INFO com.ibm.engine.language.java.JavaDetectionEngine - Detected constructor definition has more then one argument to resolve. Redefine the rule to explicitly define the param to resolve
[main] INFO com.ibm.engine.language.java.JavaDetectionEngine - Detected constructor definition has more then one argument to resolve. Redefine the rule to explicitly define the param to resolve
[main] INFO com.ibm.engine.language.java.JavaDetectionEngine - Detected constructor definition has more then one argument to resolve. Redefine the rule to explicitly define the param to resolve
[main] INFO com.ibm.engine.language.java.JavaDetectionEngine - Detected constructor definition has more then one argument to resolve. Redefine the rule to explicitly define the param to resolve
[main] INFO com.ibm.engine.language.java.JavaDetectionEngine - Detected constructor definition has more then one argument to resolve. Redefine the rule to explicitly define the param to resolve
[main] INFO com.ibm.engine.language.java.JavaDetectionEngine - Detected constructor definition has more then one argument to resolve. Redefine the rule to explicitly define the param to resolve
[main] INFO com.ibm.engine.language.java.JavaDetectionEngine - Detected constructor definition has more then one argument to resolve. Redefine the rule to explicitly define the param to resolve
[main] INFO com.ibm.engine.language.java.JavaDetectionEngine - Detected constructor definition has more then one argument to resolve. Redefine the rule to explicitly define the param to resolve
[main] INFO com.ibm.engine.language.java.JavaDetectionEngine - Detected constructor definition has more then one argument to resolve. Redefine the rule to explicitly define the param to resolve
[main] INFO com.ibm.engine.language.java.JavaDetectionEngine - Detected constructor definition has more then one argument to resolve. Redefine the rule to explicitly define the param to resolve
[main] INFO com.ibm.engine.language.java.JavaDetectionEngine - Detected constructor definition has more then one argument to resolve. Redefine the rule to explicitly define the param to resolve
[main] INFO com.ibm.engine.language.java.JavaDetectionEngine - Detected constructor definition has more then one argument to resolve. Redefine the rule to explicitly define the param to resolve
[main] INFO com.ibm.engine.language.java.JavaDetectionEngine - Detected constructor definition has more then one argument to resolve. Redefine the rule to explicitly define the param to resolve
[main] INFO com.ibm.engine.language.java.JavaDetectionEngine - Detected constructor definition has more then one argument to resolve. Redefine the rule to explicitly define the param to resolve
[main] INFO com.ibm.engine.language.java.JavaDetectionEngine - Detected constructor definition has more then one argument to resolve. Redefine the rule to explicitly define the param to resolve
[main] INFO com.ibm.engine.language.java.JavaDetectionEngine - Detected constructor definition has more then one argument to resolve. Redefine the rule to explicitly define the param to resolve
[main] INFO com.ibm.engine.language.java.JavaDetectionEngine - Detected constructor definition has more then one argument to resolve. Redefine the rule to explicitly define the param to resolve
[main] INFO com.ibm.engine.language.java.JavaDetectionEngine - Detected constructor definition has more then one argument to resolve. Redefine the rule to explicitly define the param to resolve
[main] INFO com.ibm.engine.language.java.JavaDetectionEngine - Detected constructor definition has more then one argument to resolve. Redefine the rule to explicitly define the param to resolve
[main] INFO com.ibm.engine.language.java.JavaDetectionEngine - Detected constructor definition has more then one argument to resolve. Redefine the rule to explicitly define the param to resolve
[main] INFO com.ibm.engine.language.java.JavaDetectionEngine - Detected constructor definition has more then one argument to resolve. Redefine the rule to explicitly define the param to resolve
[main] INFO com.ibm.engine.language.java.JavaDetectionEngine - Detected constructor definition has more then one argument to resolve. Redefine the rule to explicitly define the param to resolve
[main] INFO com.ibm.engine.language.java.JavaDetectionEngine - Detected constructor definition has more then one argument to resolve. Redefine the rule to explicitly define the param to resolve
[main] INFO com.ibm.engine.language.java.JavaDetectionEngine - Detected constructor definition has more then one argument to resolve. Redefine the rule to explicitly define the param to resolve
[main] INFO com.ibm.engine.language.java.JavaDetectionEngine - Detected constructor definition has more then one argument to resolve. Redefine the rule to explicitly define the param to resolve
[main] INFO com.ibm.engine.language.java.JavaDetectionEngine - Detected constructor definition has more then one argument to resolve. Redefine the rule to explicitly define the param to resolve
[main] INFO com.ibm.engine.language.java.JavaDetectionEngine - Detected constructor definition has more then one argument to resolve. Redefine the rule to explicitly define the param to resolve
[main] INFO com.ibm.engine.language.java.JavaDetectionEngine - Detected constructor definition has more then one argument to resolve. Redefine the rule to explicitly define the param to resolve
[main] INFO com.ibm.engine.language.java.JavaDetectionEngine - Detected constructor definition has more then one argument to resolve. Redefine the rule to explicitly define the param to resolve
[main] INFO com.ibm.engine.language.java.JavaDetectionEngine - Detected constructor definition has more then one argument to resolve. Redefine the rule to explicitly define the param to resolve
[main] INFO com.ibm.engine.language.java.JavaDetectionEngine - Detected constructor definition has more then one argument to resolve. Redefine the rule to explicitly define the param to resolve
[main] INFO com.ibm.engine.language.java.JavaDetectionEngine - Detected constructor definition has more then one argument to resolve. Redefine the rule to explicitly define the param to resolve
[main] INFO com.ibm.engine.language.java.JavaDetectionEngine - Detected constructor definition has more then one argument to resolve. Redefine the rule to explicitly define the param to resolve
[main] INFO com.ibm.engine.language.java.JavaDetectionEngine - Detected constructor definition has more then one argument to resolve. Redefine the rule to explicitly define the param to resolve
[main] INFO com.ibm.engine.language.java.JavaDetectionEngine - Detected constructor definition has more then one argument to resolve. Redefine the rule to explicitly define the param to resolve
[main] INFO com.ibm.engine.language.java.JavaDetectionEngine - Detected constructor definition has more then one argument to resolve. Redefine the rule to explicitly define the param to resolve
[main] INFO com.ibm.engine.language.java.JavaDetectionEngine - Detected constructor definition has more then one argument to resolve. Redefine the rule to explicitly define the param to resolve
[main] INFO com.ibm.engine.language.java.JavaDetectionEngine - Detected constructor definition has more then one argument to resolve. Redefine the rule to explicitly define the param to resolve
[main] INFO com.ibm.engine.language.java.JavaDetectionEngine - Detected constructor definition has more then one argument to resolve. Redefine the rule to explicitly define the param to resolve
[main] INFO com.ibm.engine.language.java.JavaDetectionEngine - Detected constructor definition has more then one argument to resolve. Redefine the rule to explicitly define the param to resolve
[main] INFO com.ibm.engine.language.java.JavaDetectionEngine - Detected constructor definition has more then one argument to resolve. Redefine the rule to explicitly define the param to resolve
[main] INFO com.ibm.engine.language.java.JavaDetectionEngine - Detected constructor definition has more then one argument to resolve. Redefine the rule to explicitly define the param to resolve
[main] INFO com.ibm.engine.language.java.JavaDetectionEngine - Detected constructor definition has more then one argument to resolve. Redefine the rule to explicitly define the param to resolve
[main] INFO com.ibm.engine.language.java.JavaDetectionEngine - Detected constructor definition has more then one argument to resolve. Redefine the rule to explicitly define the param to resolve
[main] INFO com.ibm.engine.language.java.JavaDetectionEngine - Detected constructor definition has more then one argument to resolve. Redefine the rule to explicitly define the param to resolve
[main] INFO com.ibm.engine.language.java.JavaDetectionEngine - Detected constructor definition has more then one argument to resolve. Redefine the rule to explicitly define the param to resolve
[main] INFO com.ibm.engine.language.java.JavaDetectionEngine - Detected constructor definition has more then one argument to resolve. Redefine the rule to explicitly define the param to resolve
[main] INFO com.ibm.engine.language.java.JavaDetectionEngine - Detected constructor definition has more then one argument to resolve. Redefine the rule to explicitly define the param to resolve
[main] INFO com.ibm.engine.language.java.JavaDetectionEngine - Detected constructor definition has more then one argument to resolve. Redefine the rule to explicitly define the param to resolve
[main] INFO com.ibm.engine.language.java.JavaDetectionEngine - Detected constructor definition has more then one argument to resolve. Redefine the rule to explicitly define the param to resolve
[main] INFO com.ibm.engine.language.java.JavaDetectionEngine - Detected constructor definition has more then one argument to resolve. Redefine the rule to explicitly define the param to resolve
[main] INFO com.ibm.engine.language.java.JavaDetectionEngine - Detected constructor definition has more then one argument to resolve. Redefine the rule to explicitly define the param to resolve
[main] INFO com.ibm.engine.language.java.JavaDetectionEngine - Detected constructor definition has more then one argument to resolve. Redefine the rule to explicitly define the param to resolve
[main] INFO com.ibm.engine.language.java.JavaDetectionEngine - Detected constructor definition has more then one argument to resolve. Redefine the rule to explicitly define the param to resolve
[main] INFO com.ibm.engine.language.java.JavaDetectionEngine - Detected constructor definition has more then one argument to resolve. Redefine the rule to explicitly define the param to resolve
[main] INFO com.ibm.engine.language.java.JavaDetectionEngine - Detected constructor definition has more then one argument to resolve. Redefine the rule to explicitly define the param to resolve
[main] INFO com.ibm.engine.language.java.JavaDetectionEngine - Detected constructor definition has more then one argument to resolve. Redefine the rule to explicitly define the param to resolve
[main] INFO com.ibm.engine.language.java.JavaDetectionEngine - Detected constructor definition has more then one argument to resolve. Redefine the rule to explicitly define the param to resolve
[main] INFO com.ibm.engine.language.java.JavaDetectionEngine - Detected constructor definition has more then one argument to resolve. Redefine the rule to explicitly define the param to resolve
[main] INFO com.ibm.engine.language.java.JavaDetectionEngine - Detected constructor definition has more then one argument to resolve. Redefine the rule to explicitly define the param to resolve
[main] INFO com.ibm.engine.language.java.JavaDetectionEngine - Detected constructor definition has more then one argument to resolve. Redefine the rule to explicitly define the param to resolve
[main] INFO com.ibm.engine.language.java.JavaDetectionEngine - Detected constructor definition has more then one argument to resolve. Redefine the rule to explicitly define the param to resolve
[main] INFO com.ibm.engine.language.java.JavaDetectionEngine - Detected constructor definition has more then one argument to resolve. Redefine the rule to explicitly define the param to resolve
[main] INFO com.ibm.engine.language.java.JavaDetectionEngine - Detected constructor definition has more then one argument to resolve. Redefine the rule to explicitly define the param to resolve
[main] INFO com.ibm.engine.language.java.JavaDetectionEngine - Detected constructor definition has more then one argument to resolve. Redefine the rule to explicitly define the param to resolve
[main] INFO com.ibm.engine.language.java.JavaDetectionEngine - Detected constructor definition has more then one argument to resolve. Redefine the rule to explicitly define the param to resolve
[main] INFO com.ibm.engine.language.java.JavaDetectionEngine - Detected constructor definition has more then one argument to resolve. Redefine the rule to explicitly define the param to resolve
[main] INFO com.ibm.engine.language.java.JavaDetectionEngine - Detected constructor definition has more then one argument to resolve. Redefine the rule to explicitly define the param to resolve
[main] INFO com.ibm.engine.language.java.JavaDetectionEngine - Detected constructor definition has more then one argument to resolve. Redefine the rule to explicitly define the param to resolve
[main] INFO com.ibm.engine.language.java.JavaDetectionEngine - Detected constructor definition has more then one argument to resolve. Redefine the rule to explicitly define the param to resolve
[main] INFO com.ibm.engine.language.java.JavaDetectionEngine - Detected constructor definition has more then one argument to resolve. Redefine the rule to explicitly define the param to resolve
[main] INFO com.ibm.engine.language.java.JavaDetectionEngine - Detected constructor definition has more then one argument to resolve. Redefine the rule to explicitly define the param to resolve
[main] INFO com.ibm.engine.language.java.JavaDetectionEngine - Detected constructor definition has more then one argument to resolve. Redefine the rule to explicitly define the param to resolve
[main] INFO com.ibm.engine.language.java.JavaDetectionEngine - Detected constructor definition has more then one argument to resolve. Redefine the rule to explicitly define the param to resolve
[main] INFO com.ibm.engine.language.java.JavaDetectionEngine - Detected constructor definition has more then one argument to resolve. Redefine the rule to explicitly define the param to resolve
[main] INFO com.ibm.engine.language.java.JavaDetectionEngine - Detected constructor definition has more then one argument to resolve. Redefine the rule to explicitly define the param to resolve
[main] INFO com.ibm.engine.language.java.JavaDetectionEngine - Detected constructor definition has more then one argument to resolve. Redefine the rule to explicitly define the param to resolve
[main] INFO com.ibm.engine.language.java.JavaDetectionEngine - Detected constructor definition has more then one argument to resolve. Redefine the rule to explicitly define the param to resolve
[main] INFO com.ibm.engine.language.java.JavaDetectionEngine - Detected constructor definition has more then one argument to resolve. Redefine the rule to explicitly define the param to resolve
[main] INFO com.ibm.engine.language.java.JavaDetectionEngine - Detected constructor definition has more then one argument to resolve. Redefine the rule to explicitly define the param to resolve
[main] INFO com.ibm.engine.language.java.JavaDetectionEngine - Detected constructor definition has more then one argument to resolve. Redefine the rule to explicitly define the param to resolve
[main] INFO com.ibm.engine.language.java.JavaDetectionEngine - Detected constructor definition has more then one argument to resolve. Redefine the rule to explicitly define the param to resolve
[main] INFO com.ibm.engine.language.java.JavaDetectionEngine - Detected constructor definition has more then one argument to resolve. Redefine the rule to explicitly define the param to resolve
[main] INFO com.ibm.engine.language.java.JavaDetectionEngine - Detected constructor definition has more then one argument to resolve. Redefine the rule to explicitly define the param to resolve
[main] INFO com.ibm.engine.language.java.JavaDetectionEngine - Detected constructor definition has more then one argument to resolve. Redefine the rule to explicitly define the param to resolve
[main] INFO com.ibm.engine.language.java.JavaDetectionEngine - Detected constructor definition has more then one argument to resolve. Redefine the rule to explicitly define the param to resolve
[main] INFO com.ibm.engine.language.java.JavaDetectionEngine - Detected constructor definition has more then one argument to resolve. Redefine the rule to explicitly define the param to resolve
[main] INFO com.ibm.engine.language.java.JavaDetectionEngine - Detected constructor definition has more then one argument to resolve. Redefine the rule to explicitly define the param to resolve
[main] INFO com.ibm.engine.language.java.JavaDetectionEngine - Detected constructor definition has more then one argument to resolve. Redefine the rule to explicitly define the param to resolve
[main] INFO com.ibm.engine.language.java.JavaDetectionEngine - Detected constructor definition has more then one argument to resolve. Redefine the rule to explicitly define the param to resolve
[main] INFO com.ibm.engine.language.java.JavaDetectionEngine - Detected constructor definition has more then one argument to resolve. Redefine the rule to explicitly define the param to resolve
[main] INFO com.ibm.engine.language.java.JavaDetectionEngine - Detected constructor definition has more then one argument to resolve. Redefine the rule to explicitly define the param to resolve
[main] INFO com.ibm.engine.language.java.JavaDetectionEngine - Detected constructor definition has more then one argument to resolve. Redefine the rule to explicitly define the param to resolve
[main] INFO com.ibm.engine.language.java.JavaDetectionEngine - Detected constructor definition has more then one argument to resolve. Redefine the rule to explicitly define the param to resolve
[main] INFO com.ibm.engine.language.java.JavaDetectionEngine - Detected constructor definition has more then one argument to resolve. Redefine the rule to explicitly define the param to resolve
[main] INFO com.ibm.engine.language.java.JavaDetectionEngine - Detected constructor definition has more then one argument to resolve. Redefine the rule to explicitly define the param to resolve
[main] INFO com.ibm.engine.language.java.JavaDetectionEngine - Detected constructor definition has more then one argument to resolve. Redefine the rule to explicitly define the param to resolve
[main] INFO com.ibm.engine.language.java.JavaDetectionEngine - Detected constructor definition has more then one argument to resolve. Redefine the rule to explicitly define the param to resolve
[main] INFO com.ibm.engine.language.java.JavaDetectionEngine - Detected constructor definition has more then one argument to resolve. Redefine the rule to explicitly define the param to resolve
[main] INFO com.ibm.engine.language.java.JavaDetectionEngine - Detected constructor definition has more then one argument to resolve. Redefine the rule to explicitly define the param to resolve
[main] INFO com.ibm.engine.language.java.JavaDetectionEngine - Detected constructor definition has more then one argument to resolve. Redefine the rule to explicitly define the param to resolve
[main] INFO com.ibm.engine.language.java.JavaDetectionEngine - Detected constructor definition has more then one argument to resolve. Redefine the rule to explicitly define the param to resolve
[main] INFO com.ibm.engine.language.java.JavaDetectionEngine - Detected constructor definition has more then one argument to resolve. Redefine the rule to explicitly define the param to resolve
[main] INFO com.ibm.engine.language.java.JavaDetectionEngine - Detected constructor definition has more then one argument to resolve. Redefine the rule to explicitly define the param to resolve
[main] INFO com.ibm.engine.language.java.JavaDetectionEngine - Detected constructor definition has more then one argument to resolve. Redefine the rule to explicitly define the param to resolve
[main] INFO com.ibm.engine.language.java.JavaDetectionEngine - Detected constructor definition has more then one argument to resolve. Redefine the rule to explicitly define the param to resolve
[main] INFO com.ibm.engine.language.java.JavaDetectionEngine - Detected constructor definition has more then one argument to resolve. Redefine the rule to explicitly define the param to resolve
[main] INFO com.ibm.engine.language.java.JavaDetectionEngine - Detected constructor definition has more then one argument to resolve. Redefine the rule to explicitly define the param to resolve
[main] INFO com.ibm.engine.language.java.JavaDetectionEngine - Detected constructor definition has more then one argument to resolve. Redefine the rule to explicitly define the param to resolve
[main] INFO com.ibm.engine.language.java.JavaDetectionEngine - Detected constructor definition has more then one argument to resolve. Redefine the rule to explicitly define the param to resolve
[main] INFO com.ibm.engine.language.java.JavaDetectionEngine - Detected constructor definition has more then one argument to resolve. Redefine the rule to explicitly define the param to resolve
[main] INFO com.ibm.engine.language.java.JavaDetectionEngine - Detected constructor definition has more then one argument to resolve. Redefine the rule to explicitly define the param to resolve
[main] INFO com.ibm.engine.language.java.JavaDetectionEngine - Detected constructor definition has more then one argument to resolve. Redefine the rule to explicitly define the param to resolve
[main] INFO com.ibm.engine.language.java.JavaDetectionEngine - Detected constructor definition has more then one argument to resolve. Redefine the rule to explicitly define the param to resolve
[main] INFO com.ibm.engine.language.java.JavaDetectionEngine - Detected constructor definition has more then one argument to resolve. Redefine the rule to explicitly define the param to resolve
[main] INFO com.ibm.engine.language.java.JavaDetectionEngine - Detected constructor definition has more then one argument to resolve. Redefine the rule to explicitly define the param to resolve
[main] INFO com.ibm.engine.language.java.JavaDetectionEngine - Detected constructor definition has more then one argument to resolve. Redefine the rule to explicitly define the param to resolve
[main] INFO com.ibm.engine.language.java.JavaDetectionEngine - Detected constructor definition has more then one argument to resolve. Redefine the rule to explicitly define the param to resolve
[main] INFO com.ibm.engine.language.java.JavaDetectionEngine - Detected constructor definition has more then one argument to resolve. Redefine the rule to explicitly define the param to resolve
[main] INFO com.ibm.engine.language.java.JavaDetectionEngine - Detected constructor definition has more then one argument to resolve. Redefine the rule to explicitly define the param to resolve
[main] INFO com.ibm.engine.language.java.JavaDetectionEngine - Detected constructor definition has more then one argument to resolve. Redefine the rule to explicitly define the param to resolve
[main] INFO com.ibm.engine.language.java.JavaDetectionEngine - Detected constructor definition has more then one argument to resolve. Redefine the rule to explicitly define the param to resolve
[main] INFO com.ibm.engine.language.java.JavaDetectionEngine - Detected constructor definition has more then one argument to resolve. Redefine the rule to explicitly define the param to resolve
[main] INFO com.ibm.engine.language.java.JavaDetectionEngine - Detected constructor definition has more then one argument to resolve. Redefine the rule to explicitly define the param to resolve
[main] INFO com.ibm.engine.language.java.JavaDetectionEngine - Detected constructor definition has more then one argument to resolve. Redefine the rule to explicitly define the param to resolve
[main] INFO com.ibm.engine.language.java.JavaDetectionEngine - Detected constructor definition has more then one argument to resolve. Redefine the rule to explicitly define the param to resolve
[main] INFO com.ibm.engine.language.java.JavaDetectionEngine - Detected constructor definition has more then one argument to resolve. Redefine the rule to explicitly define the param to resolve
[main] INFO com.ibm.engine.language.java.JavaDetectionEngine - Detected constructor definition has more then one argument to resolve. Redefine the rule to explicitly define the param to resolve
[main] INFO com.ibm.engine.language.java.JavaDetectionEngine - Detected constructor definition has more then one argument to resolve. Redefine the rule to explicitly define the param to resolve
[main] INFO com.ibm.engine.language.java.JavaDetectionEngine - Detected constructor definition has more then one argument to resolve. Redefine the rule to explicitly define the param to resolve
[main] INFO com.ibm.engine.language.java.JavaDetectionEngine - Detected constructor definition has more then one argument to resolve. Redefine the rule to explicitly define the param to resolve
[main] INFO com.ibm.engine.language.java.JavaDetectionEngine - Detected constructor definition has more then one argument to resolve. Redefine the rule to explicitly define the param to resolve
[main] INFO com.ibm.engine.language.java.JavaDetectionEngine - Detected constructor definition has more then one argument to resolve. Redefine the rule to explicitly define the param to resolve
[main] INFO com.ibm.engine.language.java.JavaDetectionEngine - Detected constructor definition has more then one argument to resolve. Redefine the rule to explicitly define the param to resolve
[main] INFO com.ibm.engine.language.java.JavaDetectionEngine - Detected constructor definition has more then one argument to resolve. Redefine the rule to explicitly define the param to resolve
[main] INFO com.ibm.engine.language.java.JavaDetectionEngine - Detected constructor definition has more then one argument to resolve. Redefine the rule to explicitly define the param to resolve
[main] INFO com.ibm.engine.language.java.JavaDetectionEngine - Detected constructor definition has more then one argument to resolve. Redefine the rule to explicitly define the param to resolve
[main] INFO com.ibm.engine.language.java.JavaDetectionEngine - Detected constructor definition has more then one argument to resolve. Redefine the rule to explicitly define the param to resolve
[main] INFO com.ibm.engine.language.java.JavaDetectionEngine - Detected constructor definition has more then one argument to resolve. Redefine the rule to explicitly define the param to resolve
[main] INFO com.ibm.engine.language.java.JavaDetectionEngine - Detected constructor definition has more then one argument to resolve. Redefine the rule to explicitly define the param to resolve
[main] INFO com.ibm.engine.language.java.JavaDetectionEngine - Detected constructor definition has more then one argument to resolve. Redefine the rule to explicitly define the param to resolve
[main] INFO com.ibm.engine.language.java.JavaDetectionEngine - Detected constructor definition has more then one argument to resolve. Redefine the rule to explicitly define the param to resolve
[main] INFO com.ibm.engine.language.java.JavaDetectionEngine - Detected constructor definition has more then one argument to resolve. Redefine the rule to explicitly define the param to resolve
[main] INFO com.ibm.engine.language.java.JavaDetectionEngine - Detected constructor definition has more then one argument to resolve. Redefine the rule to explicitly define the param to resolve
[main] INFO com.ibm.engine.language.java.JavaDetectionEngine - Detected constructor definition has more then one argument to resolve. Redefine the rule to explicitly define the param to resolve
[main] INFO com.ibm.engine.language.java.JavaDetectionEngine - Detected constructor definition has more then one argument to resolve. Redefine the rule to explicitly define the param to resolve
[main] INFO com.ibm.engine.language.java.JavaDetectionEngine - Detected constructor definition has more then one argument to resolve. Redefine the rule to explicitly define the param to resolve
[main] INFO com.ibm.engine.language.java.JavaDetectionEngine - Detected constructor definition has more then one argument to resolve. Redefine the rule to explicitly define the param to resolve
[main] INFO com.ibm.engine.language.java.JavaDetectionEngine - Detected constructor definition has more then one argument to resolve. Redefine the rule to explicitly define the param to resolve
[main] INFO com.ibm.engine.language.java.JavaDetectionEngine - Detected constructor definition has more then one argument to resolve. Redefine the rule to explicitly define the param to resolve
[main] INFO com.ibm.engine.language.java.JavaDetectionEngine - Detected constructor definition has more then one argument to resolve. Redefine the rule to explicitly define the param to resolve
[main] INFO com.ibm.engine.language.java.JavaDetectionEngine - Detected constructor definition has more then one argument to resolve. Redefine the rule to explicitly define the param to resolve
[main] INFO com.ibm.engine.language.java.JavaDetectionEngine - Detected constructor definition has more then one argument to resolve. Redefine the rule to explicitly define the param to resolve
[main] INFO com.ibm.engine.language.java.JavaDetectionEngine - Detected constructor definition has more then one argument to resolve. Redefine the rule to explicitly define the param to resolve
[main] INFO com.ibm.engine.language.java.JavaDetectionEngine - Detected constructor definition has more then one argument to resolve. Redefine the rule to explicitly define the param to resolve
[main] INFO com.ibm.engine.language.java.JavaDetectionEngine - Detected constructor definition has more then one argument to resolve. Redefine the rule to explicitly define the param to resolve
[main] INFO com.ibm.engine.language.java.JavaDetectionEngine - Detected constructor definition has more then one argument to resolve. Redefine the rule to explicitly define the param to resolve
[main] INFO com.ibm.engine.language.java.JavaDetectionEngine - Detected constructor definition has more then one argument to resolve. Redefine the rule to explicitly define the param to resolve
[main] INFO com.ibm.engine.language.java.JavaDetectionEngine - Detected constructor definition has more then one argument to resolve. Redefine the rule to explicitly define the param to resolve
[main] INFO com.ibm.engine.language.java.JavaDetectionEngine - Detected constructor definition has more then one argument to resolve. Redefine the rule to explicitly define the param to resolve
[main] INFO com.ibm.engine.language.java.JavaDetectionEngine - Detected constructor definition has more then one argument to resolve. Redefine the rule to explicitly define the param to resolve
[main] INFO com.ibm.engine.language.java.JavaDetectionEngine - Detected constructor definition has more then one argument to resolve. Redefine the rule to explicitly define the param to resolve
[main] INFO com.ibm.engine.language.java.JavaDetectionEngine - Detected constructor definition has more then one argument to resolve. Redefine the rule to explicitly define the param to resolve
[main] INFO com.ibm.engine.language.java.JavaDetectionEngine - Detected constructor definition has more then one argument to resolve. Redefine the rule to explicitly define the param to resolve
[main] INFO com.ibm.engine.language.java.JavaDetectionEngine - Detected constructor definition has more then one argument to resolve. Redefine the rule to explicitly define the param to resolve
[main] INFO com.ibm.engine.language.java.JavaDetectionEngine - Detected constructor definition has more then one argument to resolve. Redefine the rule to explicitly define the param to resolve
[main] INFO com.ibm.engine.language.java.JavaDetectionEngine - Detected constructor definition has more then one argument to resolve. Redefine the rule to explicitly define the param to resolve
[main] INFO com.ibm.engine.language.java.JavaDetectionEngine - Detected constructor definition has more then one argument to resolve. Redefine the rule to explicitly define the param to resolve
[main] INFO com.ibm.engine.language.java.JavaDetectionEngine - Detected constructor definition has more then one argument to resolve. Redefine the rule to explicitly define the param to resolve
[main] INFO com.ibm.engine.language.java.JavaDetectionEngine - Detected constructor definition has more then one argument to resolve. Redefine the rule to explicitly define the param to resolve
[main] INFO com.ibm.engine.language.java.JavaDetectionEngine - Detected constructor definition has more then one argument to resolve. Redefine the rule to explicitly define the param to resolve
[main] INFO com.ibm.engine.language.java.JavaDetectionEngine - Detected constructor definition has more then one argument to resolve. Redefine the rule to explicitly define the param to resolve
[main] INFO com.ibm.engine.language.java.JavaDetectionEngine - Detected constructor definition has more then one argument to resolve. Redefine the rule to explicitly define the param to resolve
[main] INFO com.ibm.engine.language.java.JavaDetectionEngine - Detected constructor definition has more then one argument to resolve. Redefine the rule to explicitly define the param to resolve
[main] INFO com.ibm.engine.language.java.JavaDetectionEngine - Detected constructor definition has more then one argument to resolve. Redefine the rule to explicitly define the param to resolve
[main] INFO com.ibm.engine.language.java.JavaDetectionEngine - Detected constructor definition has more then one argument to resolve. Redefine the rule to explicitly define the param to resolve
[main] INFO com.ibm.engine.language.java.JavaDetectionEngine - Detected constructor definition has more then one argument to resolve. Redefine the rule to explicitly define the param to resolve
[main] INFO com.ibm.engine.language.java.JavaDetectionEngine - Detected constructor definition has more then one argument to resolve. Redefine the rule to explicitly define the param to resolve
[main] INFO com.ibm.engine.language.java.JavaDetectionEngine - Detected constructor definition has more then one argument to resolve. Redefine the rule to explicitly define the param to resolve
[main] INFO com.ibm.engine.language.java.JavaDetectionEngine - Detected constructor definition has more then one argument to resolve. Redefine the rule to explicitly define the param to resolve
[main] INFO com.ibm.engine.language.java.JavaDetectionEngine - Detected constructor definition has more then one argument to resolve. Redefine the rule to explicitly define the param to resolve
[main] INFO com.ibm.engine.language.java.JavaDetectionEngine - Detected constructor definition has more then one argument to resolve. Redefine the rule to explicitly define the param to resolve
[main] INFO com.ibm.engine.language.java.JavaDetectionEngine - Detected constructor definition has more then one argument to resolve. Redefine the rule to explicitly define the param to resolve
[main] INFO com.ibm.engine.language.java.JavaDetectionEngine - Detected constructor definition has more then one argument to resolve. Redefine the rule to explicitly define the param to resolve
[main] INFO com.ibm.engine.language.java.JavaDetectionEngine - Detected constructor definition has more then one argument to resolve. Redefine the rule to explicitly define the param to resolve
[main] INFO com.ibm.engine.language.java.JavaDetectionEngine - Detected constructor definition has more then one argument to resolve. Redefine the rule to explicitly define the param to resolve
[main] INFO com.ibm.engine.language.java.JavaDetectionEngine - Detected constructor definition has more then one argument to resolve. Redefine the rule to explicitly define the param to resolve
[main] INFO com.ibm.engine.language.java.JavaDetectionEngine - Detected constructor definition has more then one argument to resolve. Redefine the rule to explicitly define the param to resolve
[main] INFO com.ibm.engine.language.java.JavaDetectionEngine - Detected constructor definition has more then one argument to resolve. Redefine the rule to explicitly define the param to resolve
[main] INFO com.ibm.engine.language.java.JavaDetectionEngine - Detected constructor definition has more then one argument to resolve. Redefine the rule to explicitly define the param to resolve
[main] INFO com.ibm.engine.language.java.JavaDetectionEngine - Detected constructor definition has more then one argument to resolve. Redefine the rule to explicitly define the param to resolve
[main] INFO com.ibm.engine.language.java.JavaDetectionEngine - Detected constructor definition has more then one argument to resolve. Redefine the rule to explicitly define the param to resolve
[main] INFO com.ibm.engine.language.java.JavaDetectionEngine - Detected constructor definition has more then one argument to resolve. Redefine the rule to explicitly define the param to resolve
[main] INFO com.ibm.engine.language.java.JavaDetectionEngine - Detected constructor definition has more then one argument to resolve. Redefine the rule to explicitly define the param to resolve
[main] INFO com.ibm.engine.language.java.JavaDetectionEngine - Detected constructor definition has more then one argument to resolve. Redefine the rule to explicitly define the param to resolve
[main] INFO com.ibm.engine.language.java.JavaDetectionEngine - Detected constructor definition has more then one argument to resolve. Redefine the rule to explicitly define the param to resolve
[main] INFO com.ibm.engine.language.java.JavaDetectionEngine - Detected constructor definition has more then one argument to resolve. Redefine the rule to explicitly define the param to resolve
[main] INFO com.ibm.engine.language.java.JavaDetectionEngine - Detected constructor definition has more then one argument to resolve. Redefine the rule to explicitly define the param to resolve
[main] INFO com.ibm.engine.language.java.JavaDetectionEngine - Detected constructor definition has more then one argument to resolve. Redefine the rule to explicitly define the param to resolve
[main] INFO com.ibm.engine.language.java.JavaDetectionEngine - Detected constructor definition has more then one argument to resolve. Redefine the rule to explicitly define the param to resolve
[main] INFO com.ibm.engine.language.java.JavaDetectionEngine - Detected constructor definition has more then one argument to resolve. Redefine the rule to explicitly define the param to resolve
[main] INFO com.ibm.engine.language.java.JavaDetectionEngine - Detected constructor definition has more then one argument to resolve. Redefine the rule to explicitly define the param to resolve
[main] INFO com.ibm.engine.language.java.JavaDetectionEngine - Detected constructor definition has more then one argument to resolve. Redefine the rule to explicitly define the param to resolve
[main] INFO com.ibm.engine.language.java.JavaDetectionEngine - Detected constructor definition has more then one argument to resolve. Redefine the rule to explicitly define the param to resolve
[main] INFO com.ibm.engine.language.java.JavaDetectionEngine - Detected constructor definition has more then one argument to resolve. Redefine the rule to explicitly define the param to resolve
[main] INFO com.ibm.engine.language.java.JavaDetectionEngine - Detected constructor definition has more then one argument to resolve. Redefine the rule to explicitly define the param to resolve
[main] INFO com.ibm.engine.language.java.JavaDetectionEngine - Detected constructor definition has more then one argument to resolve. Redefine the rule to explicitly define the param to resolve
[main] INFO com.ibm.engine.language.java.JavaDetectionEngine - Detected constructor definition has more then one argument to resolve. Redefine the rule to explicitly define the param to resolve
[main] INFO com.ibm.engine.language.java.JavaDetectionEngine - Detected constructor definition has more then one argument to resolve. Redefine the rule to explicitly define the param to resolve
[main] INFO com.ibm.engine.language.java.JavaDetectionEngine - Detected constructor definition has more then one argument to resolve. Redefine the rule to explicitly define the param to resolve
[main] INFO com.ibm.engine.language.java.JavaDetectionEngine - Detected constructor definition has more then one argument to resolve. Redefine the rule to explicitly define the param to resolve
[main] INFO com.ibm.engine.language.java.JavaDetectionEngine - Detected constructor definition has more then one argument to resolve. Redefine the rule to explicitly define the param to resolve
[main] INFO com.ibm.engine.language.java.JavaDetectionEngine - Detected constructor definition has more then one argument to resolve. Redefine the rule to explicitly define the param to resolve
[main] INFO com.ibm.engine.language.java.JavaDetectionEngine - Detected constructor definition has more then one argument to resolve. Redefine the rule to explicitly define the param to resolve
[main] INFO com.ibm.engine.language.java.JavaDetectionEngine - Detected constructor definition has more then one argument to resolve. Redefine the rule to explicitly define the param to resolve
[main] INFO com.ibm.engine.language.java.JavaDetectionEngine - Detected constructor definition has more then one argument to resolve. Redefine the rule to explicitly define the param to resolve
[main] INFO com.ibm.engine.language.java.JavaDetectionEngine - Detected constructor definition has more then one argument to resolve. Redefine the rule to explicitly define the param to resolve
[main] INFO com.ibm.engine.language.java.JavaDetectionEngine - Detected constructor definition has more then one argument to resolve. Redefine the rule to explicitly define the param to resolve
[main] INFO com.ibm.engine.language.java.JavaDetectionEngine - Detected constructor definition has more then one argument to resolve. Redefine the rule to explicitly define the param to resolve
[main] INFO com.ibm.engine.language.java.JavaDetectionEngine - Detected constructor definition has more then one argument to resolve. Redefine the rule to explicitly define the param to resolve
[main] INFO com.ibm.engine.language.java.JavaDetectionEngine - Detected constructor definition has more then one argument to resolve. Redefine the rule to explicitly define the param to resolve
[main] INFO com.ibm.engine.language.java.JavaDetectionEngine - Detected constructor definition has more then one argument to resolve. Redefine the rule to explicitly define the param to resolve
[main] INFO com.ibm.engine.language.java.JavaDetectionEngine - Detected constructor definition has more then one argument to resolve. Redefine the rule to explicitly define the param to resolve
[main] INFO com.ibm.engine.language.java.JavaDetectionEngine - Detected constructor definition has more then one argument to resolve. Redefine the rule to explicitly define the param to resolve
[main] INFO com.ibm.engine.language.java.JavaDetectionEngine - Detected constructor definition has more then one argument to resolve. Redefine the rule to explicitly define the param to resolve
[main] INFO com.ibm.engine.language.java.JavaDetectionEngine - Detected constructor definition has more then one argument to resolve. Redefine the rule to explicitly define the param to resolve
[main] INFO com.ibm.engine.language.java.JavaDetectionEngine - Detected constructor definition has more then one argument to resolve. Redefine the rule to explicitly define the param to resolve
[main] INFO com.ibm.engine.language.java.JavaDetectionEngine - Detected constructor definition has more then one argument to resolve. Redefine the rule to explicitly define the param to resolve
[main] INFO com.ibm.engine.language.java.JavaDetectionEngine - Detected constructor definition has more then one argument to resolve. Redefine the rule to explicitly define the param to resolve
[main] INFO com.ibm.engine.language.java.JavaDetectionEngine - Detected constructor definition has more then one argument to resolve. Redefine the rule to explicitly define the param to resolve
[main] INFO com.ibm.engine.language.java.JavaDetectionEngine - Detected constructor definition has more then one argument to resolve. Redefine the rule to explicitly define the param to resolve
[main] INFO com.ibm.engine.language.java.JavaDetectionEngine - Detected constructor definition has more then one argument to resolve. Redefine the rule to explicitly define the param to resolve
[main] INFO com.ibm.engine.language.java.JavaDetectionEngine - Detected constructor definition has more then one argument to resolve. Redefine the rule to explicitly define the param to resolve
[main] INFO com.ibm.engine.language.java.JavaDetectionEngine - Detected constructor definition has more then one argument to resolve. Redefine the rule to explicitly define the param to resolve
[main] INFO com.ibm.engine.language.java.JavaDetectionEngine - Detected constructor definition has more then one argument to resolve. Redefine the rule to explicitly define the param to resolve
[main] INFO com.ibm.engine.language.java.JavaDetectionEngine - Detected constructor definition has more then one argument to resolve. Redefine the rule to explicitly define the param to resolve
[main] INFO com.ibm.engine.language.java.JavaDetectionEngine - Detected constructor definition has more then one argument to resolve. Redefine the rule to explicitly define the param to resolve
[main] INFO com.ibm.engine.language.java.JavaDetectionEngine - Detected constructor definition has more then one argument to resolve. Redefine the rule to explicitly define the param to resolve
[main] INFO com.ibm.engine.language.java.JavaDetectionEngine - Detected constructor definition has more then one argument to resolve. Redefine the rule to explicitly define the param to resolve
[main] INFO com.ibm.engine.language.java.JavaDetectionEngine - Detected constructor definition has more then one argument to resolve. Redefine the rule to explicitly define the param to resolve
[main] INFO com.ibm.engine.language.java.JavaDetectionEngine - Detected constructor definition has more then one argument to resolve. Redefine the rule to explicitly define the param to resolve
[main] INFO com.ibm.engine.language.java.JavaDetectionEngine - Detected constructor definition has more then one argument to resolve. Redefine the rule to explicitly define the param to resolve
[main] INFO com.ibm.engine.language.java.JavaDetectionEngine - Detected constructor definition has more then one argument to resolve. Redefine the rule to explicitly define the param to resolve
[main] INFO com.ibm.engine.language.java.JavaDetectionEngine - Detected constructor definition has more then one argument to resolve. Redefine the rule to explicitly define the param to resolve
[main] INFO com.ibm.engine.language.java.JavaDetectionEngine - Detected constructor definition has more then one argument to resolve. Redefine the rule to explicitly define the param to resolve
[main] INFO com.ibm.engine.language.java.JavaDetectionEngine - Detected constructor definition has more then one argument to resolve. Redefine the rule to explicitly define the param to resolve
[main] INFO com.ibm.engine.language.java.JavaDetectionEngine - Detected constructor definition has more then one argument to resolve. Redefine the rule to explicitly define the param to resolve
[main] INFO com.ibm.engine.language.java.JavaDetectionEngine - Detected constructor definition has more then one argument to resolve. Redefine the rule to explicitly define the param to resolve
[main] INFO com.ibm.engine.language.java.JavaDetectionEngine - Detected constructor definition has more then one argument to resolve. Redefine the rule to explicitly define the param to resolve
[main] INFO com.ibm.engine.language.java.JavaDetectionEngine - Detected constructor definition has more then one argument to resolve. Redefine the rule to explicitly define the param to resolve
[main] INFO com.ibm.engine.language.java.JavaDetectionEngine - Detected constructor definition has more then one argument to resolve. Redefine the rule to explicitly define the param to resolve
[main] INFO com.ibm.engine.language.java.JavaDetectionEngine - Detected constructor definition has more then one argument to resolve. Redefine the rule to explicitly define the param to resolve
[main] INFO com.ibm.engine.language.java.JavaDetectionEngine - Detected constructor definition has more then one argument to resolve. Redefine the rule to explicitly define the param to resolve
[main] INFO com.ibm.engine.language.java.JavaDetectionEngine - Detected constructor definition has more then one argument to resolve. Redefine the rule to explicitly define the param to resolve
[main] INFO com.ibm.engine.language.java.JavaDetectionEngine - Detected constructor definition has more then one argument to resolve. Redefine the rule to explicitly define the param to resolve
[main] INFO com.ibm.engine.language.java.JavaDetectionEngine - Detected constructor definition has more then one argument to resolve. Redefine the rule to explicitly define the param to resolve
[main] INFO com.ibm.engine.language.java.JavaDetectionEngine - Detected constructor definition has more then one argument to resolve. Redefine the rule to explicitly define the param to resolve
[main] INFO com.ibm.engine.language.java.JavaDetectionEngine - Detected constructor definition has more then one argument to resolve. Redefine the rule to explicitly define the param to resolve
[main] INFO com.ibm.engine.language.java.JavaDetectionEngine - Detected constructor definition has more then one argument to resolve. Redefine the rule to explicitly define the param to resolve
[main] INFO com.ibm.engine.language.java.JavaDetectionEngine - Detected constructor definition has more then one argument to resolve. Redefine the rule to explicitly define the param to resolve
[main] INFO com.ibm.engine.language.java.JavaDetectionEngine - Detected constructor definition has more then one argument to resolve. Redefine the rule to explicitly define the param to resolve
[main] INFO com.ibm.engine.language.java.JavaDetectionEngine - Detected constructor definition has more then one argument to resolve. Redefine the rule to explicitly define the param to resolve
[main] INFO com.ibm.engine.language.java.JavaDetectionEngine - Detected constructor definition has more then one argument to resolve. Redefine the rule to explicitly define the param to resolve
[main] INFO com.ibm.engine.language.java.JavaDetectionEngine - Detected constructor definition has more then one argument to resolve. Redefine the rule to explicitly define the param to resolve
[main] INFO com.ibm.engine.language.java.JavaDetectionEngine - Detected constructor definition has more then one argument to resolve. Redefine the rule to explicitly define the param to resolve
[main] INFO com.ibm.engine.language.java.JavaDetectionEngine - Detected constructor definition has more then one argument to resolve. Redefine the rule to explicitly define the param to resolve
[main] INFO com.ibm.engine.language.java.JavaDetectionEngine - Detected constructor definition has more then one argument to resolve. Redefine the rule to explicitly define the param to resolve
[main] INFO com.ibm.engine.language.java.JavaDetectionEngine - Detected constructor definition has more then one argument to resolve. Redefine the rule to explicitly define the param to resolve
[main] INFO com.ibm.engine.language.java.JavaDetectionEngine - Detected constructor definition has more then one argument to resolve. Redefine the rule to explicitly define the param to resolve
[main] INFO com.ibm.engine.language.java.JavaDetectionEngine - Detected constructor definition has more then one argument to resolve. Redefine the rule to explicitly define the param to resolve
[main] INFO com.ibm.engine.language.java.JavaDetectionEngine - Detected constructor definition has more then one argument to resolve. Redefine the rule to explicitly define the param to resolve
[main] INFO com.ibm.engine.language.java.JavaDetectionEngine - Detected constructor definition has more then one argument to resolve. Redefine the rule to explicitly define the param to resolve
[main] INFO com.ibm.engine.language.java.JavaDetectionEngine - Detected constructor definition has more then one argument to resolve. Redefine the rule to explicitly define the param to resolve
[main] INFO com.ibm.engine.language.java.JavaDetectionEngine - Detected constructor definition has more then one argument to resolve. Redefine the rule to explicitly define the param to resolve
[main] INFO com.ibm.engine.language.java.JavaDetectionEngine - Detected constructor definition has more then one argument to resolve. Redefine the rule to explicitly define the param to resolve
[main] INFO com.ibm.engine.language.java.JavaDetectionEngine - Detected constructor definition has more then one argument to resolve. Redefine the rule to explicitly define the param to resolve
[main] INFO com.ibm.engine.language.java.JavaDetectionEngine - Detected constructor definition has more then one argument to resolve. Redefine the rule to explicitly define the param to resolve
[main] INFO com.ibm.engine.language.java.JavaDetectionEngine - Detected constructor definition has more then one argument to resolve. Redefine the rule to explicitly define the param to resolve
[main] INFO com.ibm.engine.language.java.JavaDetectionEngine - Detected constructor definition has more then one argument to resolve. Redefine the rule to explicitly define the param to resolve
[main] INFO com.ibm.engine.language.java.JavaDetectionEngine - Detected constructor definition has more then one argument to resolve. Redefine the rule to explicitly define the param to resolve
[main] INFO com.ibm.engine.language.java.JavaDetectionEngine - Detected constructor definition has more then one argument to resolve. Redefine the rule to explicitly define the param to resolve
[main] INFO com.ibm.engine.language.java.JavaDetectionEngine - Detected constructor definition has more then one argument to resolve. Redefine the rule to explicitly define the param to resolve
[main] INFO com.ibm.engine.language.java.JavaDetectionEngine - Detected constructor definition has more then one argument to resolve. Redefine the rule to explicitly define the param to resolve
[main] INFO com.ibm.engine.language.java.JavaDetectionEngine - Detected constructor definition has more then one argument to resolve. Redefine the rule to explicitly define the param to resolve
[main] INFO com.ibm.engine.language.java.JavaDetectionEngine - Detected constructor definition has more then one argument to resolve. Redefine the rule to explicitly define the param to resolve
[main] INFO com.ibm.engine.language.java.JavaDetectionEngine - Detected constructor definition has more then one argument to resolve. Redefine the rule to explicitly define the param to resolve
[main] INFO com.ibm.engine.language.java.JavaDetectionEngine - Detected constructor definition has more then one argument to resolve. Redefine the rule to explicitly define the param to resolve
[main] INFO com.ibm.engine.language.java.JavaDetectionEngine - Detected constructor definition has more then one argument to resolve. Redefine the rule to explicitly define the param to resolve
[main] INFO com.ibm.engine.language.java.JavaDetectionEngine - Detected constructor definition has more then one argument to resolve. Redefine the rule to explicitly define the param to resolve
[main] INFO com.ibm.engine.language.java.JavaDetectionEngine - Detected constructor definition has more then one argument to resolve. Redefine the rule to explicitly define the param to resolve
[main] INFO com.ibm.engine.language.java.JavaDetectionEngine - Detected constructor definition has more then one argument to resolve. Redefine the rule to explicitly define the param to resolve
[main] INFO com.ibm.engine.language.java.JavaDetectionEngine - Detected constructor definition has more then one argument to resolve. Redefine the rule to explicitly define the param to resolve
[main] INFO com.ibm.engine.language.java.JavaDetectionEngine - Detected constructor definition has more then one argument to resolve. Redefine the rule to explicitly define the param to resolve
[main] INFO com.ibm.engine.language.java.JavaDetectionEngine - Detected constructor definition has more then one argument to resolve. Redefine the rule to explicitly define the param to resolve
[main] INFO com.ibm.engine.language.java.JavaDetectionEngine - Detected constructor definition has more then one argument to resolve. Redefine the rule to explicitly define the param to resolve
[main] INFO com.ibm.engine.language.java.JavaDetectionEngine - Detected constructor definition has more then one argument to resolve. Redefine the rule to explicitly define the param to resolve
[main] INFO com.ibm.engine.language.java.JavaDetectionEngine - Detected constructor definition has more then one argument to resolve. Redefine the rule to explicitly define the param to resolve
[main] INFO com.ibm.engine.language.java.JavaDetectionEngine - Detected constructor definition has more then one argument to resolve. Redefine the rule to explicitly define the param to resolve
[main] INFO com.ibm.engine.language.java.JavaDetectionEngine - Detected constructor definition has more then one argument to resolve. Redefine the rule to explicitly define the param to resolve
[main] INFO com.ibm.engine.language.java.JavaDetectionEngine - Detected constructor definition has more then one argument to resolve. Redefine the rule to explicitly define the param to resolve
[main] INFO com.ibm.engine.language.java.JavaDetectionEngine - Detected constructor definition has more then one argument to resolve. Redefine the rule to explicitly define the param to resolve
[main] INFO com.ibm.engine.language.java.JavaDetectionEngine - Detected constructor definition has more then one argument to resolve. Redefine the rule to explicitly define the param to resolve
[main] INFO com.ibm.engine.language.java.JavaDetectionEngine - Detected constructor definition has more then one argument to resolve. Redefine the rule to explicitly define the param to resolve
[main] INFO com.ibm.engine.language.java.JavaDetectionEngine - Detected constructor definition has more then one argument to resolve. Redefine the rule to explicitly define the param to resolve
[main] INFO com.ibm.engine.language.java.JavaDetectionEngine - Detected constructor definition has more then one argument to resolve. Redefine the rule to explicitly define the param to resolve
[main] INFO com.ibm.engine.language.java.JavaDetectionEngine - Detected constructor definition has more then one argument to resolve. Redefine the rule to explicitly define the param to resolve
[main] INFO com.ibm.engine.language.java.JavaDetectionEngine - Detected constructor definition has more then one argument to resolve. Redefine the rule to explicitly define the param to resolve
[main] INFO com.ibm.engine.language.java.JavaDetectionEngine - Detected constructor definition has more then one argument to resolve. Redefine the rule to explicitly define the param to resolve
[main] INFO com.ibm.engine.language.java.JavaDetectionEngine - Detected constructor definition has more then one argument to resolve. Redefine the rule to explicitly define the param to resolve
[main] INFO com.ibm.engine.language.java.JavaDetectionEngine - Detected constructor definition has more then one argument to resolve. Redefine the rule to explicitly define the param to resolve
[main] INFO com.ibm.engine.language.java.JavaDetectionEngine - Detected constructor definition has more then one argument to resolve. Redefine the rule to explicitly define the param to resolve
[main] INFO com.ibm.engine.language.java.JavaDetectionEngine - Detected constructor definition has more then one argument to resolve. Redefine the rule to explicitly define the param to resolve
[main] INFO com.ibm.engine.language.java.JavaDetectionEngine - Detected constructor definition has more then one argument to resolve. Redefine the rule to explicitly define the param to resolve
[main] INFO com.ibm.engine.language.java.JavaDetectionEngine - Detected constructor definition has more then one argument to resolve. Redefine the rule to explicitly define the param to resolve
[main] INFO com.ibm.engine.language.java.JavaDetectionEngine - Detected constructor definition has more then one argument to resolve. Redefine the rule to explicitly define the param to resolve
[main] INFO com.ibm.engine.language.java.JavaDetectionEngine - Detected constructor definition has more then one argument to resolve. Redefine the rule to explicitly define the param to resolve
[main] INFO com.ibm.engine.language.java.JavaDetectionEngine - Detected constructor definition has more then one argument to resolve. Redefine the rule to explicitly define the param to resolve
[main] INFO com.ibm.engine.language.java.JavaDetectionEngine - Detected constructor definition has more then one argument to resolve. Redefine the rule to explicitly define the param to resolve
[main] INFO com.ibm.engine.language.java.JavaDetectionEngine - Detected constructor definition has more then one argument to resolve. Redefine the rule to explicitly define the param to resolve
[main] INFO com.ibm.engine.language.java.JavaDetectionEngine - Detected constructor definition has more then one argument to resolve. Redefine the rule to explicitly define the param to resolve
[main] INFO com.ibm.engine.language.java.JavaDetectionEngine - Detected constructor definition has more then one argument to resolve. Redefine the rule to explicitly define the param to resolve
[main] INFO com.ibm.engine.language.java.JavaDetectionEngine - Detected constructor definition has more then one argument to resolve. Redefine the rule to explicitly define the param to resolve
[main] INFO com.ibm.engine.language.java.JavaDetectionEngine - Detected constructor definition has more then one argument to resolve. Redefine the rule to explicitly define the param to resolve
[main] INFO com.ibm.engine.language.java.JavaDetectionEngine - Detected constructor definition has more then one argument to resolve. Redefine the rule to explicitly define the param to resolve
[main] INFO com.ibm.engine.language.java.JavaDetectionEngine - Detected constructor definition has more then one argument to resolve. Redefine the rule to explicitly define the param to resolve
[main] INFO com.ibm.engine.language.java.JavaDetectionEngine - Detected constructor definition has more then one argument to resolve. Redefine the rule to explicitly define the param to resolve
[main] INFO com.ibm.engine.language.java.JavaDetectionEngine - Detected constructor definition has more then one argument to resolve. Redefine the rule to explicitly define the param to resolve
[main] INFO com.ibm.engine.language.java.JavaDetectionEngine - Detected constructor definition has more then one argument to resolve. Redefine the rule to explicitly define the param to resolve
[main] INFO com.ibm.engine.language.java.JavaDetectionEngine - Detected constructor definition has more then one argument to resolve. Redefine the rule to explicitly define the param to resolve
[main] INFO com.ibm.engine.language.java.JavaDetectionEngine - Detected constructor definition has more then one argument to resolve. Redefine the rule to explicitly define the param to resolve
[main] INFO com.ibm.engine.language.java.JavaDetectionEngine - Detected constructor definition has more then one argument to resolve. Redefine the rule to explicitly define the param to resolve
[main] INFO com.ibm.engine.language.java.JavaDetectionEngine - Detected constructor definition has more then one argument to resolve. Redefine the rule to explicitly define the param to resolve
[main] INFO com.ibm.engine.language.java.JavaDetectionEngine - Detected constructor definition has more then one argument to resolve. Redefine the rule to explicitly define the param to resolve
[main] INFO com.ibm.engine.language.java.JavaDetectionEngine - Detected constructor definition has more then one argument to resolve. Redefine the rule to explicitly define the param to resolve
[main] INFO com.ibm.engine.language.java.JavaDetectionEngine - Detected constructor definition has more then one argument to resolve. Redefine the rule to explicitly define the param to resolve
[main] INFO com.ibm.engine.language.java.JavaDetectionEngine - Detected constructor definition has more then one argument to resolve. Redefine the rule to explicitly define the param to resolve
[main] INFO com.ibm.engine.language.java.JavaDetectionEngine - Detected constructor definition has more then one argument to resolve. Redefine the rule to explicitly define the param to resolve
[main] INFO com.ibm.engine.language.java.JavaDetectionEngine - Detected constructor definition has more then one argument to resolve. Redefine the rule to explicitly define the param to resolve
[main] INFO com.ibm.engine.language.java.JavaDetectionEngine - Detected constructor definition has more then one argument to resolve. Redefine the rule to explicitly define the param to resolve
[main] INFO com.ibm.engine.language.java.JavaDetectionEngine - Detected constructor definition has more then one argument to resolve. Redefine the rule to explicitly define the param to resolve
[main] INFO com.ibm.engine.language.java.JavaDetectionEngine - Detected constructor definition has more then one argument to resolve. Redefine the rule to explicitly define the param to resolve
[main] INFO com.ibm.engine.language.java.JavaDetectionEngine - Detected constructor definition has more then one argument to resolve. Redefine the rule to explicitly define the param to resolve
[main] INFO com.ibm.engine.language.java.JavaDetectionEngine - Detected constructor definition has more then one argument to resolve. Redefine the rule to explicitly define the param to resolve
[main] INFO com.ibm.engine.language.java.JavaDetectionEngine - Detected constructor definition has more then one argument to resolve. Redefine the rule to explicitly define the param to resolve
[main] INFO com.ibm.engine.language.java.JavaDetectionEngine - Detected constructor definition has more then one argument to resolve. Redefine the rule to explicitly define the param to resolve
[main] INFO com.ibm.engine.language.java.JavaDetectionEngine - Detected constructor definition has more then one argument to resolve. Redefine the rule to explicitly define the param to resolve
[main] INFO com.ibm.engine.language.java.JavaDetectionEngine - Detected constructor definition has more then one argument to resolve. Redefine the rule to explicitly define the param to resolve
[main] INFO com.ibm.engine.language.java.JavaDetectionEngine - Detected constructor definition has more then one argument to resolve. Redefine the rule to explicitly define the param to resolve
[main] INFO com.ibm.engine.language.java.JavaDetectionEngine - Detected constructor definition has more then one argument to resolve. Redefine the rule to explicitly define the param to resolve
[main] INFO com.ibm.engine.language.java.JavaDetectionEngine - Detected constructor definition has more then one argument to resolve. Redefine the rule to explicitly define the param to resolve
[main] INFO com.ibm.engine.language.java.JavaDetectionEngine - Detected constructor definition has more then one argument to resolve. Redefine the rule to explicitly define the param to resolve
[main] INFO com.ibm.engine.language.java.JavaDetectionEngine - Detected constructor definition has more then one argument to resolve. Redefine the rule to explicitly define the param to resolve
[main] INFO com.ibm.engine.language.java.JavaDetectionEngine - Detected constructor definition has more then one argument to resolve. Redefine the rule to explicitly define the param to resolve
[main] INFO com.ibm.engine.language.java.JavaDetectionEngine - Detected constructor definition has more then one argument to resolve. Redefine the rule to explicitly define the param to resolve
[main] INFO com.ibm.engine.language.java.JavaDetectionEngine - Detected constructor definition has more then one argument to resolve. Redefine the rule to explicitly define the param to resolve
[main] INFO com.ibm.engine.language.java.JavaDetectionEngine - Detected constructor definition has more then one argument to resolve. Redefine the rule to explicitly define the param to resolve
[main] INFO com.ibm.engine.language.java.JavaDetectionEngine - Detected constructor definition has more then one argument to resolve. Redefine the rule to explicitly define the param to resolve
[main] INFO com.ibm.engine.language.java.JavaDetectionEngine - Detected constructor definition has more then one argument to resolve. Redefine the rule to explicitly define the param to resolve
[main] INFO com.ibm.engine.language.java.JavaDetectionEngine - Detected constructor definition has more then one argument to resolve. Redefine the rule to explicitly define the param to resolve
[main] INFO com.ibm.engine.language.java.JavaDetectionEngine - Detected constructor definition has more then one argument to resolve. Redefine the rule to explicitly define the param to resolve
[main] INFO com.ibm.engine.language.java.JavaDetectionEngine - Detected constructor definition has more then one argument to resolve. Redefine the rule to explicitly define the param to resolve
[main] INFO com.ibm.engine.language.java.JavaDetectionEngine - Detected constructor definition has more then one argument to resolve. Redefine the rule to explicitly define the param to resolve
[main] INFO com.ibm.engine.language.java.JavaDetectionEngine - Detected constructor definition has more then one argument to resolve. Redefine the rule to explicitly define the param to resolve
[main] INFO com.ibm.engine.language.java.JavaDetectionEngine - Detected constructor definition has more then one argument to resolve. Redefine the rule to explicitly define the param to resolve
[main] INFO com.ibm.engine.language.java.JavaDetectionEngine - Detected constructor definition has more then one argument to resolve. Redefine the rule to explicitly define the param to resolve
[main] INFO com.ibm.engine.language.java.JavaDetectionEngine - Detected constructor definition has more then one argument to resolve. Redefine the rule to explicitly define the param to resolve
[main] INFO com.ibm.engine.language.java.JavaDetectionEngine - Detected constructor definition has more then one argument to resolve. Redefine the rule to explicitly define the param to resolve
[main] INFO com.ibm.engine.language.java.JavaDetectionEngine - Detected constructor definition has more then one argument to resolve. Redefine the rule to explicitly define the param to resolve
[main] INFO com.ibm.engine.language.java.JavaDetectionEngine - Detected constructor definition has more then one argument to resolve. Redefine the rule to explicitly define the param to resolve
[main] INFO com.ibm.engine.language.java.JavaDetectionEngine - Detected constructor definition has more then one argument to resolve. Redefine the rule to explicitly define the param to resolve
[main] INFO com.ibm.engine.language.java.JavaDetectionEngine - Detected constructor definition has more then one argument to resolve. Redefine the rule to explicitly define the param to resolve
[main] INFO com.ibm.engine.language.java.JavaDetectionEngine - Detected constructor definition has more then one argument to resolve. Redefine the rule to explicitly define the param to resolve
[main] INFO com.ibm.engine.language.java.JavaDetectionEngine - Detected constructor definition has more then one argument to resolve. Redefine the rule to explicitly define the param to resolve
[main] INFO com.ibm.engine.language.java.JavaDetectionEngine - Detected constructor definition has more then one argument to resolve. Redefine the rule to explicitly define the param to resolve
[main] INFO com.ibm.engine.language.java.JavaDetectionEngine - Detected constructor definition has more then one argument to resolve. Redefine the rule to explicitly define the param to resolve
[main] INFO com.ibm.engine.language.java.JavaDetectionEngine - Detected constructor definition has more then one argument to resolve. Redefine the rule to explicitly define the param to resolve
[main] INFO com.ibm.engine.language.java.JavaDetectionEngine - Detected constructor definition has more then one argument to resolve. Redefine the rule to explicitly define the param to resolve
[main] INFO com.ibm.engine.language.java.JavaDetectionEngine - Detected constructor definition has more then one argument to resolve. Redefine the rule to explicitly define the param to resolve
[main] INFO com.ibm.engine.language.java.JavaDetectionEngine - Detected constructor definition has more then one argument to resolve. Redefine the rule to explicitly define the param to resolve
[main] INFO com.ibm.engine.language.java.JavaDetectionEngine - Detected constructor definition has more then one argument to resolve. Redefine the rule to explicitly define the param to resolve
[main] INFO com.ibm.engine.language.java.JavaDetectionEngine - Detected constructor definition has more then one argument to resolve. Redefine the rule to explicitly define the param to resolve
[main] INFO com.ibm.engine.language.java.JavaDetectionEngine - Detected constructor definition has more then one argument to resolve. Redefine the rule to explicitly define the param to resolve
[main] INFO com.ibm.engine.language.java.JavaDetectionEngine - Detected constructor definition has more then one argument to resolve. Redefine the rule to explicitly define the param to resolve
[main] INFO com.ibm.engine.language.java.JavaDetectionEngine - Detected constructor definition has more then one argument to resolve. Redefine the rule to explicitly define the param to resolve
[main] INFO com.ibm.engine.language.java.JavaDetectionEngine - Detected constructor definition has more then one argument to resolve. Redefine the rule to explicitly define the param to resolve
[main] INFO com.ibm.engine.language.java.JavaDetectionEngine - Detected constructor definition has more then one argument to resolve. Redefine the rule to explicitly define the param to resolve
[main] INFO com.ibm.engine.language.java.JavaDetectionEngine - Detected constructor definition has more then one argument to resolve. Redefine the rule to explicitly define the param to resolve
[main] INFO com.ibm.engine.language.java.JavaDetectionEngine - Detected constructor definition has more then one argument to resolve. Redefine the rule to explicitly define the param to resolve
[main] INFO com.ibm.engine.language.java.JavaDetectionEngine - Detected constructor definition has more then one argument to resolve. Redefine the rule to explicitly define the param to resolve
[main] INFO com.ibm.engine.language.java.JavaDetectionEngine - Detected constructor definition has more then one argument to resolve. Redefine the rule to explicitly define the param to resolve
[main] INFO com.ibm.engine.language.java.JavaDetectionEngine - Detected constructor definition has more then one argument to resolve. Redefine the rule to explicitly define the param to resolve
[main] INFO com.ibm.engine.language.java.JavaDetectionEngine - Detected constructor definition has more then one argument to resolve. Redefine the rule to explicitly define the param to resolve
[main] INFO com.ibm.engine.language.java.JavaDetectionEngine - Detected constructor definition has more then one argument to resolve. Redefine the rule to explicitly define the param to resolve
[main] INFO com.ibm.engine.language.java.JavaDetectionEngine - Detected constructor definition has more then one argument to resolve. Redefine the rule to explicitly define the param to resolve
[main] INFO com.ibm.engine.language.java.JavaDetectionEngine - Detected constructor definition has more then one argument to resolve. Redefine the rule to explicitly define the param to resolve
[main] INFO com.ibm.engine.language.java.JavaDetectionEngine - Detected constructor definition has more then one argument to resolve. Redefine the rule to explicitly define the param to resolve
[main] INFO com.ibm.engine.language.java.JavaDetectionEngine - Detected constructor definition has more then one argument to resolve. Redefine the rule to explicitly define the param to resolve
[main] INFO com.ibm.engine.language.java.JavaDetectionEngine - Detected constructor definition has more then one argument to resolve. Redefine the rule to explicitly define the param to resolve
[main] INFO com.ibm.engine.language.java.JavaDetectionEngine - Detected constructor definition has more then one argument to resolve. Redefine the rule to explicitly define the param to resolve
[main] INFO com.ibm.engine.language.java.JavaDetectionEngine - Detected constructor definition has more then one argument to resolve. Redefine the rule to explicitly define the param to resolve
[main] INFO com.ibm.engine.language.java.JavaDetectionEngine - Detected constructor definition has more then one argument to resolve. Redefine the rule to explicitly define the param to resolve
[main] INFO com.ibm.engine.language.java.JavaDetectionEngine - Detected constructor definition has more then one argument to resolve. Redefine the rule to explicitly define the param to resolve
[main] INFO com.ibm.engine.language.java.JavaDetectionEngine - Detected constructor definition has more then one argument to resolve. Redefine the rule to explicitly define the param to resolve
[main] INFO com.ibm.engine.language.java.JavaDetectionEngine - Detected constructor definition has more then one argument to resolve. Redefine the rule to explicitly define the param to resolve
[main] INFO com.ibm.engine.language.java.JavaDetectionEngine - Detected constructor definition has more then one argument to resolve. Redefine the rule to explicitly define the param to resolve
[main] INFO com.ibm.engine.language.java.JavaDetectionEngine - Detected constructor definition has more then one argument to resolve. Redefine the rule to explicitly define the param to resolve
[main] INFO com.ibm.engine.language.java.JavaDetectionEngine - Detected constructor definition has more then one argument to resolve. Redefine the rule to explicitly define the param to resolve
[main] INFO com.ibm.engine.language.java.JavaDetectionEngine - Detected constructor definition has more then one argument to resolve. Redefine the rule to explicitly define the param to resolve
[main] INFO com.ibm.engine.language.java.JavaDetectionEngine - Detected constructor definition has more then one argument to resolve. Redefine the rule to explicitly define the param to resolve
[main] INFO com.ibm.engine.language.java.JavaDetectionEngine - Detected constructor definition has more then one argument to resolve. Redefine the rule to explicitly define the param to resolve
[main] INFO com.ibm.engine.language.java.JavaDetectionEngine - Detected constructor definition has more then one argument to resolve. Redefine the rule to explicitly define the param to resolve
[main] INFO com.ibm.engine.language.java.JavaDetectionEngine - Detected constructor definition has more then one argument to resolve. Redefine the rule to explicitly define the param to resolve
[main] INFO com.ibm.engine.language.java.JavaDetectionEngine - Detected constructor definition has more then one argument to resolve. Redefine the rule to explicitly define the param to resolve
[main] INFO com.ibm.engine.language.java.JavaDetectionEngine - Detected constructor definition has more then one argument to resolve. Redefine the rule to explicitly define the param to resolve
[main] INFO com.ibm.engine.language.java.JavaDetectionEngine - Detected constructor definition has more then one argument to resolve. Redefine the rule to explicitly define the param to resolve
[main] INFO com.ibm.engine.language.java.JavaDetectionEngine - Detected constructor definition has more then one argument to resolve. Redefine the rule to explicitly define the param to resolve
[main] INFO com.ibm.engine.language.java.JavaDetectionEngine - Detected constructor definition has more then one argument to resolve. Redefine the rule to explicitly define the param to resolve
[main] INFO com.ibm.engine.language.java.JavaDetectionEngine - Detected constructor definition has more then one argument to resolve. Redefine the rule to explicitly define the param to resolve
[main] INFO com.ibm.engine.language.java.JavaDetectionEngine - Detected constructor definition has more then one argument to resolve. Redefine the rule to explicitly define the param to resolve
[main] INFO com.ibm.engine.language.java.JavaDetectionEngine - Detected constructor definition has more then one argument to resolve. Redefine the rule to explicitly define the param to resolve
[main] INFO com.ibm.engine.language.java.JavaDetectionEngine - Detected constructor definition has more then one argument to resolve. Redefine the rule to explicitly define the param to resolve
[main] INFO com.ibm.engine.language.java.JavaDetectionEngine - Detected constructor definition has more then one argument to resolve. Redefine the rule to explicitly define the param to resolve
[main] INFO com.ibm.engine.language.java.JavaDetectionEngine - Detected constructor definition has more then one argument to resolve. Redefine the rule to explicitly define the param to resolve
[main] INFO com.ibm.engine.language.java.JavaDetectionEngine - Detected constructor definition has more then one argument to resolve. Redefine the rule to explicitly define the param to resolve
[main] INFO com.ibm.engine.language.java.JavaDetectionEngine - Detected constructor definition has more then one argument to resolve. Redefine the rule to explicitly define the param to resolve
[main] INFO com.ibm.engine.language.java.JavaDetectionEngine - Detected constructor definition has more then one argument to resolve. Redefine the rule to explicitly define the param to resolve
[main] INFO com.ibm.engine.language.java.JavaDetectionEngine - Detected constructor definition has more then one argument to resolve. Redefine the rule to explicitly define the param to resolve
[main] INFO com.ibm.output.IAggregator - Detected (SecretKey) AES
[main] INFO com.ibm.output.IAggregator - Detected (SecretKey) AES
[main] INFO com.ibm.output.IAggregator - Detected (Key) RSA
[main] INFO com.ibm.output.IAggregator - Detected (PublicKeyEncryption) RSA-OAEP
[main] INFO com.ibm.output.IAggregator - Detected (MessageDigest) SHA-256
[main] INFO com.ibm.output.IAggregator - Detected (MessageDigest) MD5
[main] INFO com.ibm.engine.language.java.JavaDetectionEngine - Detected constructor definition has more then one argument to resolve. Redefine the rule to explicitly define the param to resolve
[main] INFO com.ibm.engine.language.java.JavaDetectionEngine - Detected constructor definition has more then one argument to resolve. Redefine the rule to explicitly define the param to resolve
[main] INFO com.ibm.engine.language.java.JavaDetectionEngine - Detected constructor definition has more then one argument to resolve. Redefine the rule to explicitly define the param to resolve
[main] INFO com.ibm.engine.language.java.JavaDetectionEngine - Detected constructor definition has more then one argument to resolve. Redefine the rule to explicitly define the param to resolve
[main] INFO com.ibm.engine.language.java.JavaDetectionEngine - Detected constructor definition has more then one argument to resolve. Redefine the rule to explicitly define the param to resolve
[main] INFO com.ibm.engine.language.java.JavaDetectionEngine - Detected constructor definition has more then one argument to resolve. Redefine the rule to explicitly define the param to resolve
[main] INFO com.ibm.engine.language.java.JavaDetectionEngine - Detected constructor definition has more then one argument to resolve. Redefine the rule to explicitly define the param to resolve
[main] INFO com.ibm.engine.language.java.JavaDetectionEngine - Detected constructor definition has more then one argument to resolve. Redefine the rule to explicitly define the param to resolve
[main] INFO com.ibm.engine.language.java.JavaDetectionEngine - Detected constructor definition has more then one argument to resolve. Redefine the rule to explicitly define the param to resolve
[main] INFO com.ibm.engine.language.java.JavaDetectionEngine - Detected constructor definition has more then one argument to resolve. Redefine the rule to explicitly define the param to resolve
[main] INFO com.ibm.engine.language.java.JavaDetectionEngine - Detected constructor definition has more then one argument to resolve. Redefine the rule to explicitly define the param to resolve
[main] INFO com.ibm.engine.language.java.JavaDetectionEngine - Detected constructor definition has more then one argument to resolve. Redefine the rule to explicitly define the param to resolve
[main] INFO com.ibm.engine.language.java.JavaDetectionEngine - Detected constructor definition has more then one argument to resolve. Redefine the rule to explicitly define the param to resolve
[main] INFO com.ibm.engine.language.java.JavaDetectionEngine - Detected constructor definition has more then one argument to resolve. Redefine the rule to explicitly define the param to resolve
[main] INFO com.ibm.engine.language.java.JavaDetectionEngine - Detected constructor definition has more then one argument to resolve. Redefine the rule to explicitly define the param to resolve
[main] INFO com.ibm.engine.language.java.JavaDetectionEngine - Detected constructor definition has more then one argument to resolve. Redefine the rule to explicitly define the param to resolve
[main] INFO com.ibm.engine.language.java.JavaDetectionEngine - Detected constructor definition has more then one argument to resolve. Redefine the rule to explicitly define the param to resolve
[main] INFO com.ibm.engine.language.java.JavaDetectionEngine - Detected constructor definition has more then one argument to resolve. Redefine the rule to explicitly define the param to resolve
[main] INFO com.ibm.engine.language.java.JavaDetectionEngine - Detected constructor definition has more then one argument to resolve. Redefine the rule to explicitly define the param to resolve
[main] INFO com.ibm.engine.language.java.JavaDetectionEngine - Detected constructor definition has more then one argument to resolve. Redefine the rule to explicitly define the param to resolve
[main] INFO com.ibm.engine.language.java.JavaDetectionEngine - Detected constructor definition has more then one argument to resolve. Redefine the rule to explicitly define the param to resolve
[main] INFO com.ibm.engine.language.java.JavaDetectionEngine - Detected constructor definition has more then one argument to resolve. Redefine the rule to explicitly define the param to resolve
[main] INFO com.ibm.engine.language.java.JavaDetectionEngine - Detected constructor definition has more then one argument to resolve. Redefine the rule to explicitly define the param to resolve
[main] INFO com.ibm.engine.language.java.JavaDetectionEngine - Detected constructor definition has more then one argument to resolve. Redefine the rule to explicitly define the param to resolve
[main] INFO com.ibm.engine.language.java.JavaDetectionEngine - Detected constructor definition has more then one argument to resolve. Redefine the rule to explicitly define the param to resolve
[main] INFO com.ibm.engine.language.java.JavaDetectionEngine - Detected constructor definition has more then one argument to resolve. Redefine the rule to explicitly define the param to resolve
[main] INFO com.ibm.engine.language.java.JavaDetectionEngine - Detected constructor definition has more then one argument to resolve. Redefine the rule to explicitly define the param to resolve
[main] INFO com.ibm.engine.language.java.JavaDetectionEngine - Detected constructor definition has more then one argument to resolve. Redefine the rule to explicitly define the param to resolve
[main] INFO com.ibm.engine.language.java.JavaDetectionEngine - Detected constructor definition has more then one argument to resolve. Redefine the rule to explicitly define the param to resolve
[main] INFO com.ibm.engine.language.java.JavaDetectionEngine - Detected constructor definition has more then one argument to resolve. Redefine the rule to explicitly define the param to resolve
[main] INFO com.ibm.engine.language.java.JavaDetectionEngine - Detected constructor definition has more then one argument to resolve. Redefine the rule to explicitly define the param to resolve
[main] INFO com.ibm.engine.language.java.JavaDetectionEngine - Detected constructor definition has more then one argument to resolve. Redefine the rule to explicitly define the param to resolve
[main] INFO com.ibm.engine.language.java.JavaDetectionEngine - Detected constructor definition has more then one argument to resolve. Redefine the rule to explicitly define the param to resolve
[main] INFO com.ibm.engine.language.java.JavaDetectionEngine - Detected constructor definition has more then one argument to resolve. Redefine the rule to explicitly define the param to resolve
[main] INFO com.ibm.engine.language.java.JavaDetectionEngine - Detected constructor definition has more then one argument to resolve. Redefine the rule to explicitly define the param to resolve
[main] INFO com.ibm.engine.language.java.JavaDetectionEngine - Detected constructor definition has more then one argument to resolve. Redefine the rule to explicitly define the param to resolve
[main] INFO com.ibm.engine.language.java.JavaDetectionEngine - Detected constructor definition has more then one argument to resolve. Redefine the rule to explicitly define the param to resolve
[main] INFO com.ibm.engine.language.java.JavaDetectionEngine - Detected constructor definition has more then one argument to resolve. Redefine the rule to explicitly define the param to resolve
[main] INFO com.ibm.engine.language.java.JavaDetectionEngine - Detected constructor definition has more then one argument to resolve. Redefine the rule to explicitly define the param to resolve
[main] INFO com.ibm.engine.language.java.JavaDetectionEngine - Detected constructor definition has more then one argument to resolve. Redefine the rule to explicitly define the param to resolve
[main] INFO com.ibm.engine.language.java.JavaDetectionEngine - Detected constructor definition has more then one argument to resolve. Redefine the rule to explicitly define the param to resolve
[main] INFO com.ibm.engine.language.java.JavaDetectionEngine - Detected constructor definition has more then one argument to resolve. Redefine the rule to explicitly define the param to resolve
[main] INFO com.ibm.engine.language.java.JavaDetectionEngine - Detected constructor definition has more then one argument to resolve. Redefine the rule to explicitly define the param to resolve
[main] INFO com.ibm.engine.language.java.JavaDetectionEngine - Detected constructor definition has more then one argument to resolve. Redefine the rule to explicitly define the param to resolve
[main] INFO com.ibm.engine.language.java.JavaDetectionEngine - Detected constructor definition has more then one argument to resolve. Redefine the rule to explicitly define the param to resolve
[main] INFO com.ibm.engine.language.java.JavaDetectionEngine - Detected constructor definition has more then one argument to resolve. Redefine the rule to explicitly define the param to resolve
[main] INFO com.ibm.engine.language.java.JavaDetectionEngine - Detected constructor definition has more then one argument to resolve. Redefine the rule to explicitly define the param to resolve
[main] INFO com.ibm.engine.language.java.JavaDetectionEngine - Detected constructor definition has more then one argument to resolve. Redefine the rule to explicitly define the param to resolve
[main] INFO com.ibm.engine.language.java.JavaDetectionEngine - Detected constructor definition has more then one argument to resolve. Redefine the rule to explicitly define the param to resolve
[main] INFO com.ibm.engine.language.java.JavaDetectionEngine - Detected constructor definition has more then one argument to resolve. Redefine the rule to explicitly define the param to resolve
[main] INFO com.ibm.engine.language.java.JavaDetectionEngine - Detected constructor definition has more then one argument to resolve. Redefine the rule to explicitly define the param to resolve
[main] INFO com.ibm.engine.language.java.JavaDetectionEngine - Detected constructor definition has more then one argument to resolve. Redefine the rule to explicitly define the param to resolve
[main] INFO com.ibm.engine.language.java.JavaDetectionEngine - Detected constructor definition has more then one argument to resolve. Redefine the rule to explicitly define the param to resolve
[main] INFO com.ibm.engine.language.java.JavaDetectionEngine - Detected constructor definition has more then one argument to resolve. Redefine the rule to explicitly define the param to resolve
[main] INFO com.ibm.engine.language.java.JavaDetectionEngine - Detected constructor definition has more then one argument to resolve. Redefine the rule to explicitly define the param to resolve
[main] INFO com.ibm.engine.language.java.JavaDetectionEngine - Detected constructor definition has more then one argument to resolve. Redefine the rule to explicitly define the param to resolve
[main] INFO com.ibm.engine.language.java.JavaDetectionEngine - Detected constructor definition has more then one argument to resolve. Redefine the rule to explicitly define the param to resolve
[main] INFO com.ibm.engine.language.java.JavaDetectionEngine - Detected constructor definition has more then one argument to resolve. Redefine the rule to explicitly define the param to resolve
[main] INFO com.ibm.engine.language.java.JavaDetectionEngine - Detected constructor definition has more then one argument to resolve. Redefine the rule to explicitly define the param to resolve
[main] INFO com.ibm.engine.language.java.JavaDetectionEngine - Detected constructor definition has more then one argument to resolve. Redefine the rule to explicitly define the param to resolve
[main] INFO com.ibm.engine.language.java.JavaDetectionEngine - Detected constructor definition has more then one argument to resolve. Redefine the rule to explicitly define the param to resolve
[main] INFO com.ibm.engine.language.java.JavaDetectionEngine - Detected constructor definition has more then one argument to resolve. Redefine the rule to explicitly define the param to resolve
[main] INFO com.ibm.engine.language.java.JavaDetectionEngine - Detected constructor definition has more then one argument to resolve. Redefine the rule to explicitly define the param to resolve
[main] INFO com.ibm.engine.language.java.JavaDetectionEngine - Detected constructor definition has more then one argument to resolve. Redefine the rule to explicitly define the param to resolve
[main] INFO com.ibm.engine.language.java.JavaDetectionEngine - Detected constructor definition has more then one argument to resolve. Redefine the rule to explicitly define the param to resolve
[main] INFO com.ibm.engine.language.java.JavaDetectionEngine - Detected constructor definition has more then one argument to resolve. Redefine the rule to explicitly define the param to resolve
[main] INFO com.ibm.engine.language.java.JavaDetectionEngine - Detected constructor definition has more then one argument to resolve. Redefine the rule to explicitly define the param to resolve
[main] INFO com.ibm.engine.language.java.JavaDetectionEngine - Detected constructor definition has more then one argument to resolve. Redefine the rule to explicitly define the param to resolve
[main] INFO com.ibm.engine.language.java.JavaDetectionEngine - Detected constructor definition has more then one argument to resolve. Redefine the rule to explicitly define the param to resolve
[main] INFO com.ibm.engine.language.java.JavaDetectionEngine - Detected constructor definition has more then one argument to resolve. Redefine the rule to explicitly define the param to resolve
[main] INFO com.ibm.engine.language.java.JavaDetectionEngine - Detected constructor definition has more then one argument to resolve. Redefine the rule to explicitly define the param to resolve
[main] INFO com.ibm.engine.language.java.JavaDetectionEngine - Detected constructor definition has more then one argument to resolve. Redefine the rule to explicitly define the param to resolve
[main] INFO com.ibm.engine.language.java.JavaDetectionEngine - Detected constructor definition has more then one argument to resolve. Redefine the rule to explicitly define the param to resolve
[main] INFO com.ibm.engine.language.java.JavaDetectionEngine - Detected constructor definition has more then one argument to resolve. Redefine the rule to explicitly define the param to resolve
[main] INFO com.ibm.engine.language.java.JavaDetectionEngine - Detected constructor definition has more then one argument to resolve. Redefine the rule to explicitly define the param to resolve
[main] INFO com.ibm.engine.language.java.JavaDetectionEngine - Detected constructor definition has more then one argument to resolve. Redefine the rule to explicitly define the param to resolve
[main] INFO com.ibm.engine.language.java.JavaDetectionEngine - Detected constructor definition has more then one argument to resolve. Redefine the rule to explicitly define the param to resolve
[main] INFO com.ibm.engine.language.java.JavaDetectionEngine - Detected constructor definition has more then one argument to resolve. Redefine the rule to explicitly define the param to resolve
[main] INFO com.ibm.engine.language.java.JavaDetectionEngine - Detected constructor definition has more then one argument to resolve. Redefine the rule to explicitly define the param to resolve
[main] INFO com.ibm.engine.language.java.JavaDetectionEngine - Detected constructor definition has more then one argument to resolve. Redefine the rule to explicitly define the param to resolve
[main] INFO com.ibm.engine.language.java.JavaDetectionEngine - Detected constructor definition has more then one argument to resolve. Redefine the rule to explicitly define the param to resolve
[main] INFO com.ibm.engine.language.java.JavaDetectionEngine - Detected constructor definition has more then one argument to resolve. Redefine the rule to explicitly define the param to resolve
[main] INFO com.ibm.engine.language.java.JavaDetectionEngine - Detected constructor definition has more then one argument to resolve. Redefine the rule to explicitly define the param to resolve
[main] INFO com.ibm.engine.language.java.JavaDetectionEngine - Detected constructor definition has more then one argument to resolve. Redefine the rule to explicitly define the param to resolve
[main] INFO com.ibm.engine.language.java.JavaDetectionEngine - Detected constructor definition has more then one argument to resolve. Redefine the rule to explicitly define the param to resolve
[main] INFO com.ibm.engine.language.java.JavaDetectionEngine - Detected constructor definition has more then one argument to resolve. Redefine the rule to explicitly define the param to resolve
[main] INFO com.ibm.engine.language.java.JavaDetectionEngine - Detected constructor definition has more then one argument to resolve. Redefine the rule to explicitly define the param to resolve
[main] INFO com.ibm.engine.language.java.JavaDetectionEngine - Detected constructor definition has more then one argument to resolve. Redefine the rule to explicitly define the param to resolve
[main] INFO com.ibm.engine.language.java.JavaDetectionEngine - Detected constructor definition has more then one argument to resolve. Redefine the rule to explicitly define the param to resolve
[main] INFO com.ibm.engine.language.java.JavaDetectionEngine - Detected constructor definition has more then one argument to resolve. Redefine the rule to explicitly define the param to resolve
[main] INFO com.ibm.engine.language.java.JavaDetectionEngine - Detected constructor definition has more then one argument to resolve. Redefine the rule to explicitly define the param to resolve
[main] INFO com.ibm.engine.language.java.JavaDetectionEngine - Detected constructor definition has more then one argument to resolve. Redefine the rule to explicitly define the param to resolve
[main] INFO com.ibm.engine.language.java.JavaDetectionEngine - Detected constructor definition has more then one argument to resolve. Redefine the rule to explicitly define the param to resolve
[main] INFO com.ibm.engine.language.java.JavaDetectionEngine - Detected constructor definition has more then one argument to resolve. Redefine the rule to explicitly define the param to resolve
[main] INFO com.ibm.engine.language.java.JavaDetectionEngine - Detected constructor definition has more then one argument to resolve. Redefine the rule to explicitly define the param to resolve
[main] INFO com.ibm.engine.language.java.JavaDetectionEngine - Detected constructor definition has more then one argument to resolve. Redefine the rule to explicitly define the param to resolve
[main] INFO com.ibm.engine.language.java.JavaDetectionEngine - Detected constructor definition has more then one argument to resolve. Redefine the rule to explicitly define the param to resolve
[main] INFO com.ibm.engine.language.java.JavaDetectionEngine - Detected constructor definition has more then one argument to resolve. Redefine the rule to explicitly define the param to resolve
[main] INFO com.ibm.engine.language.java.JavaDetectionEngine - Detected constructor definition has more then one argument to resolve. Redefine the rule to explicitly define the param to resolve
[main] INFO com.ibm.engine.language.java.JavaDetectionEngine - Detected constructor definition has more then one argument to resolve. Redefine the rule to explicitly define the param to resolve
[main] INFO com.ibm.engine.language.java.JavaDetectionEngine - Detected constructor definition has more then one argument to resolve. Redefine the rule to explicitly define the param to resolve
[main] INFO com.ibm.engine.language.java.JavaDetectionEngine - Detected constructor definition has more then one argument to resolve. Redefine the rule to explicitly define the param to resolve
[main] INFO com.ibm.engine.language.java.JavaDetectionEngine - Detected constructor definition has more then one argument to resolve. Redefine the rule to explicitly define the param to resolve
[main] INFO com.ibm.engine.language.java.JavaDetectionEngine - Detected constructor definition has more then one argument to resolve. Redefine the rule to explicitly define the param to resolve
[main] INFO com.ibm.engine.language.java.JavaDetectionEngine - Detected constructor definition has more then one argument to resolve. Redefine the rule to explicitly define the param to resolve
[main] INFO com.ibm.engine.language.java.JavaDetectionEngine - Detected constructor definition has more then one argument to resolve. Redefine the rule to explicitly define the param to resolve
[main] INFO com.ibm.engine.language.java.JavaDetectionEngine - Detected constructor definition has more then one argument to resolve. Redefine the rule to explicitly define the param to resolve
[main] INFO com.ibm.engine.language.java.JavaDetectionEngine - Detected constructor definition has more then one argument to resolve. Redefine the rule to explicitly define the param to resolve
[main] INFO com.ibm.engine.language.java.JavaDetectionEngine - Detected constructor definition has more then one argument to resolve. Redefine the rule to explicitly define the param to resolve
[main] INFO com.ibm.engine.language.java.JavaDetectionEngine - Detected constructor definition has more then one argument to resolve. Redefine the rule to explicitly define the param to resolve
[main] INFO com.ibm.engine.language.java.JavaDetectionEngine - Detected constructor definition has more then one argument to resolve. Redefine the rule to explicitly define the param to resolve
[main] INFO com.ibm.engine.language.java.JavaDetectionEngine - Detected constructor definition has more then one argument to resolve. Redefine the rule to explicitly define the param to resolve
[main] INFO com.ibm.engine.language.java.JavaDetectionEngine - Detected constructor definition has more then one argument to resolve. Redefine the rule to explicitly define the param to resolve
[main] INFO com.ibm.engine.language.java.JavaDetectionEngine - Detected constructor definition has more then one argument to resolve. Redefine the rule to explicitly define the param to resolve
[main] INFO com.ibm.engine.language.java.JavaDetectionEngine - Detected constructor definition has more then one argument to resolve. Redefine the rule to explicitly define the param to resolve
[main] INFO com.ibm.engine.language.java.JavaDetectionEngine - Detected constructor definition has more then one argument to resolve. Redefine the rule to explicitly define the param to resolve
[main] INFO com.ibm.engine.language.java.JavaDetectionEngine - Detected constructor definition has more then one argument to resolve. Redefine the rule to explicitly define the param to resolve
[main] INFO com.ibm.engine.language.java.JavaDetectionEngine - Detected constructor definition has more then one argument to resolve. Redefine the rule to explicitly define the param to resolve
[main] INFO com.ibm.engine.language.java.JavaDetectionEngine - Detected constructor definition has more then one argument to resolve. Redefine the rule to explicitly define the param to resolve
[main] INFO com.ibm.engine.language.java.JavaDetectionEngine - Detected constructor definition has more then one argument to resolve. Redefine the rule to explicitly define the param to resolve
[main] INFO com.ibm.engine.language.java.JavaDetectionEngine - Detected constructor definition has more then one argument to resolve. Redefine the rule to explicitly define the param to resolve
[main] INFO com.ibm.engine.language.java.JavaDetectionEngine - Detected constructor definition has more then one argument to resolve. Redefine the rule to explicitly define the param to resolve
[main] INFO com.ibm.engine.language.java.JavaDetectionEngine - Detected constructor definition has more then one argument to resolve. Redefine the rule to explicitly define the param to resolve
[main] INFO com.ibm.engine.language.java.JavaDetectionEngine - Detected constructor definition has more then one argument to resolve. Redefine the rule to explicitly define the param to resolve
[main] INFO com.ibm.engine.language.java.JavaDetectionEngine - Detected constructor definition has more then one argument to resolve. Redefine the rule to explicitly define the param to resolve
[main] INFO com.ibm.engine.language.java.JavaDetectionEngine - Detected constructor definition has more then one argument to resolve. Redefine the rule to explicitly define the param to resolve
[main] INFO com.ibm.engine.language.java.JavaDetectionEngine - Detected constructor definition has more then one argument to resolve. Redefine the rule to explicitly define the param to resolve
[main] INFO com.ibm.engine.language.java.JavaDetectionEngine - Detected constructor definition has more then one argument to resolve. Redefine the rule to explicitly define the param to resolve
[main] INFO com.ibm.engine.language.java.JavaDetectionEngine - Detected constructor definition has more then one argument to resolve. Redefine the rule to explicitly define the param to resolve
[main] INFO com.ibm.engine.language.java.JavaDetectionEngine - Detected constructor definition has more then one argument to resolve. Redefine the rule to explicitly define the param to resolve
[main] INFO com.ibm.engine.language.java.JavaDetectionEngine - Detected constructor definition has more then one argument to resolve. Redefine the rule to explicitly define the param to resolve
[main] INFO com.ibm.engine.language.java.JavaDetectionEngine - Detected constructor definition has more then one argument to resolve. Redefine the rule to explicitly define the param to resolve
[main] INFO com.ibm.engine.language.java.JavaDetectionEngine - Detected constructor definition has more then one argument to resolve. Redefine the rule to explicitly define the param to resolve
[main] INFO com.ibm.engine.language.java.JavaDetectionEngine - Detected constructor definition has more then one argument to resolve. Redefine the rule to explicitly define the param to resolve
[main] INFO com.ibm.engine.language.java.JavaDetectionEngine - Detected constructor definition has more then one argument to resolve. Redefine the rule to explicitly define the param to resolve
[main] INFO com.ibm.engine.language.java.JavaDetectionEngine - Detected constructor definition has more then one argument to resolve. Redefine the rule to explicitly define the param to resolve
[main] INFO com.ibm.engine.language.java.JavaDetectionEngine - Detected constructor definition has more then one argument to resolve. Redefine the rule to explicitly define the param to resolve
[main] INFO com.ibm.engine.language.java.JavaDetectionEngine - Detected constructor definition has more then one argument to resolve. Redefine the rule to explicitly define the param to resolve
[main] INFO com.ibm.engine.language.java.JavaDetectionEngine - Detected constructor definition has more then one argument to resolve. Redefine the rule to explicitly define the param to resolve
[main] INFO com.ibm.engine.language.java.JavaDetectionEngine - Detected constructor definition has more then one argument to resolve. Redefine the rule to explicitly define the param to resolve
[main] INFO com.ibm.engine.language.java.JavaDetectionEngine - Detected constructor definition has more then one argument to resolve. Redefine the rule to explicitly define the param to resolve
[main] INFO com.ibm.engine.language.java.JavaDetectionEngine - Detected constructor definition has more then one argument to resolve. Redefine the rule to explicitly define the param to resolve
[main] INFO com.ibm.engine.language.java.JavaDetectionEngine - Detected constructor definition has more then one argument to resolve. Redefine the rule to explicitly define the param to resolve
[main] INFO com.ibm.engine.language.java.JavaDetectionEngine - Detected constructor definition has more then one argument to resolve. Redefine the rule to explicitly define the param to resolve
[main] INFO com.ibm.engine.language.java.JavaDetectionEngine - Detected constructor definition has more then one argument to resolve. Redefine the rule to explicitly define the param to resolve
[main] INFO com.ibm.engine.language.java.JavaDetectionEngine - Detected constructor definition has more then one argument to resolve. Redefine the rule to explicitly define the param to resolve
[main] INFO com.ibm.engine.language.java.JavaDetectionEngine - Detected constructor definition has more then one argument to resolve. Redefine the rule to explicitly define the param to resolve
[main] INFO com.ibm.engine.language.java.JavaDetectionEngine - Detected constructor definition has more then one argument to resolve. Redefine the rule to explicitly define the param to resolve
[main] INFO com.ibm.engine.language.java.JavaDetectionEngine - Detected constructor definition has more then one argument to resolve. Redefine the rule to explicitly define the param to resolve
[main] INFO com.ibm.engine.language.java.JavaDetectionEngine - Detected constructor definition has more then one argument to resolve. Redefine the rule to explicitly define the param to resolve
[main] INFO com.ibm.engine.language.java.JavaDetectionEngine - Detected constructor definition has more then one argument to resolve. Redefine the rule to explicitly define the param to resolve
[main] INFO com.ibm.engine.language.java.JavaDetectionEngine - Detected constructor definition has more then one argument to resolve. Redefine the rule to explicitly define the param to resolve
[main] INFO com.ibm.engine.language.java.JavaDetectionEngine - Detected constructor definition has more then one argument to resolve. Redefine the rule to explicitly define the param to resolve
[main] INFO com.ibm.engine.language.java.JavaDetectionEngine - Detected constructor definition has more then one argument to resolve. Redefine the rule to explicitly define the param to resolve
[main] INFO com.ibm.engine.language.java.JavaDetectionEngine - Detected constructor definition has more then one argument to resolve. Redefine the rule to explicitly define the param to resolve
[main] INFO com.ibm.engine.language.java.JavaDetectionEngine - Detected constructor definition has more then one argument to resolve. Redefine the rule to explicitly define the param to resolve
[main] INFO com.ibm.engine.language.java.JavaDetectionEngine - Detected constructor definition has more then one argument to resolve. Redefine the rule to explicitly define the param to resolve
[main] INFO com.ibm.engine.language.java.JavaDetectionEngine - Detected constructor definition has more then one argument to resolve. Redefine the rule to explicitly define the param to resolve
[main] INFO com.ibm.engine.language.java.JavaDetectionEngine - Detected constructor definition has more then one argument to resolve. Redefine the rule to explicitly define the param to resolve
[main] INFO com.ibm.engine.language.java.JavaDetectionEngine - Detected constructor definition has more then one argument to resolve. Redefine the rule to explicitly define the param to resolve
[main] INFO com.ibm.engine.language.java.JavaDetectionEngine - Detected constructor definition has more then one argument to resolve. Redefine the rule to explicitly define the param to resolve
[main] INFO com.ibm.engine.language.java.JavaDetectionEngine - Detected constructor definition has more then one argument to resolve. Redefine the rule to explicitly define the param to resolve
[main] INFO com.ibm.engine.language.java.JavaDetectionEngine - Detected constructor definition has more then one argument to resolve. Redefine the rule to explicitly define the param to resolve
[main] INFO com.ibm.engine.language.java.JavaDetectionEngine - Detected constructor definition has more then one argument to resolve. Redefine the rule to explicitly define the param to resolve
[main] INFO com.ibm.engine.language.java.JavaDetectionEngine - Detected constructor definition has more then one argument to resolve. Redefine the rule to explicitly define the param to resolve
[main] INFO com.ibm.engine.language.java.JavaDetectionEngine - Detected constructor definition has more then one argument to resolve. Redefine the rule to explicitly define the param to resolve
[main] INFO com.ibm.engine.language.java.JavaDetectionEngine - Detected constructor definition has more then one argument to resolve. Redefine the rule to explicitly define the param to resolve
[main] INFO com.ibm.engine.language.java.JavaDetectionEngine - Detected constructor definition has more then one argument to resolve. Redefine the rule to explicitly define the param to resolve
[main] INFO com.ibm.engine.language.java.JavaDetectionEngine - Detected constructor definition has more then one argument to resolve. Redefine the rule to explicitly define the param to resolve
[main] INFO com.ibm.engine.language.java.JavaDetectionEngine - Detected constructor definition has more then one argument to resolve. Redefine the rule to explicitly define the param to resolve
[main] INFO com.ibm.engine.language.java.JavaDetectionEngine - Detected constructor definition has more then one argument to resolve. Redefine the rule to explicitly define the param to resolve
[main] INFO com.ibm.engine.language.java.JavaDetectionEngine - Detected constructor definition has more then one argument to resolve. Redefine the rule to explicitly define the param to resolve
[main] INFO com.ibm.engine.language.java.JavaDetectionEngine - Detected constructor definition has more then one argument to resolve. Redefine the rule to explicitly define the param to resolve
[main] INFO com.ibm.engine.language.java.JavaDetectionEngine - Detected constructor definition has more then one argument to resolve. Redefine the rule to explicitly define the param to resolve
[main] INFO com.ibm.engine.language.java.JavaDetectionEngine - Detected constructor definition has more then one argument to resolve. Redefine the rule to explicitly define the param to resolve
[main] INFO com.ibm.engine.language.java.JavaDetectionEngine - Detected constructor definition has more then one argument to resolve. Redefine the rule to explicitly define the param to resolve
[main] INFO com.ibm.engine.language.java.JavaDetectionEngine - Detected constructor definition has more then one argument to resolve. Redefine the rule to explicitly define the param to resolve
[main] INFO com.ibm.engine.language.java.JavaDetectionEngine - Detected constructor definition has more then one argument to resolve. Redefine the rule to explicitly define the param to resolve
[main] INFO com.ibm.engine.language.java.JavaDetectionEngine - Detected constructor definition has more then one argument to resolve. Redefine the rule to explicitly define the param to resolve
[main] INFO com.ibm.engine.language.java.JavaDetectionEngine - Detected constructor definition has more then one argument to resolve. Redefine the rule to explicitly define the param to resolve
[main] INFO com.ibm.engine.language.java.JavaDetectionEngine - Detected constructor definition has more then one argument to resolve. Redefine the rule to explicitly define the param to resolve
[main] INFO com.ibm.engine.language.java.JavaDetectionEngine - Detected constructor definition has more then one argument to resolve. Redefine the rule to explicitly define the param to resolve
[main] INFO com.ibm.engine.language.java.JavaDetectionEngine - Detected constructor definition has more then one argument to resolve. Redefine the rule to explicitly define the param to resolve
[main] INFO com.ibm.engine.language.java.JavaDetectionEngine - Detected constructor definition has more then one argument to resolve. Redefine the rule to explicitly define the param to resolve
[main] INFO com.ibm.engine.language.java.JavaDetectionEngine - Detected constructor definition has more then one argument to resolve. Redefine the rule to explicitly define the param to resolve
[main] INFO com.ibm.engine.language.java.JavaDetectionEngine - Detected constructor definition has more then one argument to resolve. Redefine the rule to explicitly define the param to resolve
[main] INFO com.ibm.engine.language.java.JavaDetectionEngine - Detected constructor definition has more then one argument to resolve. Redefine the rule to explicitly define the param to resolve
[main] INFO com.ibm.engine.language.java.JavaDetectionEngine - Detected constructor definition has more then one argument to resolve. Redefine the rule to explicitly define the param to resolve
[main] INFO com.ibm.engine.language.java.JavaDetectionEngine - Detected constructor definition has more then one argument to resolve. Redefine the rule to explicitly define the param to resolve
[main] INFO com.ibm.engine.language.java.JavaDetectionEngine - Detected constructor definition has more then one argument to resolve. Redefine the rule to explicitly define the param to resolve
[main] INFO com.ibm.engine.language.java.JavaDetectionEngine - Detected constructor definition has more then one argument to resolve. Redefine the rule to explicitly define the param to resolve
[main] INFO com.ibm.engine.language.java.JavaDetectionEngine - Detected constructor definition has more then one argument to resolve. Redefine the rule to explicitly define the param to resolve
[main] INFO com.ibm.engine.language.java.JavaDetectionEngine - Detected constructor definition has more then one argument to resolve. Redefine the rule to explicitly define the param to resolve
[main] INFO com.ibm.engine.language.java.JavaDetectionEngine - Detected constructor definition has more then one argument to resolve. Redefine the rule to explicitly define the param to resolve
[main] INFO com.ibm.engine.language.java.JavaDetectionEngine - Detected constructor definition has more then one argument to resolve. Redefine the rule to explicitly define the param to resolve
[main] INFO com.ibm.engine.language.java.JavaDetectionEngine - Detected constructor definition has more then one argument to resolve. Redefine the rule to explicitly define the param to resolve
[main] INFO com.ibm.engine.language.java.JavaDetectionEngine - Detected constructor definition has more then one argument to resolve. Redefine the rule to explicitly define the param to resolve
[main] INFO com.ibm.engine.language.java.JavaDetectionEngine - Detected constructor definition has more then one argument to resolve. Redefine the rule to explicitly define the param to resolve
[main] INFO com.ibm.engine.language.java.JavaDetectionEngine - Detected constructor definition has more then one argument to resolve. Redefine the rule to explicitly define the param to resolve
[main] INFO com.ibm.engine.language.java.JavaDetectionEngine - Detected constructor definition has more then one argument to resolve. Redefine the rule to explicitly define the param to resolve
[main] INFO com.ibm.engine.language.java.JavaDetectionEngine - Detected constructor definition has more then one argument to resolve. Redefine the rule to explicitly define the param to resolve
[main] INFO com.ibm.engine.language.java.JavaDetectionEngine - Detected constructor definition has more then one argument to resolve. Redefine the rule to explicitly define the param to resolve
[main] INFO com.ibm.engine.language.java.JavaDetectionEngine - Detected constructor definition has more then one argument to resolve. Redefine the rule to explicitly define the param to resolve
[main] INFO com.ibm.engine.language.java.JavaDetectionEngine - Detected constructor definition has more then one argument to resolve. Redefine the rule to explicitly define the param to resolve
[main] INFO com.ibm.engine.language.java.JavaDetectionEngine - Detected constructor definition has more then one argument to resolve. Redefine the rule to explicitly define the param to resolve
[main] INFO com.ibm.engine.language.java.JavaDetectionEngine - Detected constructor definition has more then one argument to resolve. Redefine the rule to explicitly define the param to resolve
[main] INFO com.ibm.engine.language.java.JavaDetectionEngine - Detected constructor definition has more then one argument to resolve. Redefine the rule to explicitly define the param to resolve
[main] INFO com.ibm.engine.language.java.JavaDetectionEngine - Detected constructor definition has more then one argument to resolve. Redefine the rule to explicitly define the param to resolve
[main] INFO com.ibm.engine.language.java.JavaDetectionEngine - Detected constructor definition has more then one argument to resolve. Redefine the rule to explicitly define the param to resolve
[main] INFO com.ibm.engine.language.java.JavaDetectionEngine - Detected constructor definition has more then one argument to resolve. Redefine the rule to explicitly define the param to resolve
[main] INFO com.ibm.engine.language.java.JavaDetectionEngine - Detected constructor definition has more then one argument to resolve. Redefine the rule to explicitly define the param to resolve
[main] INFO com.ibm.engine.language.java.JavaDetectionEngine - Detected constructor definition has more then one argument to resolve. Redefine the rule to explicitly define the param to resolve
[main] INFO com.ibm.engine.language.java.JavaDetectionEngine - Detected constructor definition has more then one argument to resolve. Redefine the rule to explicitly define the param to resolve
[main] INFO com.ibm.engine.language.java.JavaDetectionEngine - Detected constructor definition has more then one argument to resolve. Redefine the rule to explicitly define the param to resolve
[main] INFO com.ibm.engine.language.java.JavaDetectionEngine - Detected constructor definition has more then one argument to resolve. Redefine the rule to explicitly define the param to resolve
[main] INFO com.ibm.engine.language.java.JavaDetectionEngine - Detected constructor definition has more then one argument to resolve. Redefine the rule to explicitly define the param to resolve
[main] INFO com.ibm.engine.language.java.JavaDetectionEngine - Detected constructor definition has more then one argument to resolve. Redefine the rule to explicitly define the param to resolve
[main] INFO com.ibm.engine.language.java.JavaDetectionEngine - Detected constructor definition has more then one argument to resolve. Redefine the rule to explicitly define the param to resolve
[main] INFO com.ibm.engine.language.java.JavaDetectionEngine - Detected constructor definition has more then one argument to resolve. Redefine the rule to explicitly define the param to resolve
[main] INFO com.ibm.engine.language.java.JavaDetectionEngine - Detected constructor definition has more then one argument to resolve. Redefine the rule to explicitly define the param to resolve
[main] INFO com.ibm.engine.language.java.JavaDetectionEngine - Detected constructor definition has more then one argument to resolve. Redefine the rule to explicitly define the param to resolve
[main] INFO com.ibm.engine.language.java.JavaDetectionEngine - Detected constructor definition has more then one argument to resolve. Redefine the rule to explicitly define the param to resolve
[main] INFO com.ibm.engine.language.java.JavaDetectionEngine - Detected constructor definition has more then one argument to resolve. Redefine the rule to explicitly define the param to resolve
[main] INFO com.ibm.engine.language.java.JavaDetectionEngine - Detected constructor definition has more then one argument to resolve. Redefine the rule to explicitly define the param to resolve
[main] INFO com.ibm.engine.language.java.JavaDetectionEngine - Detected constructor definition has more then one argument to resolve. Redefine the rule to explicitly define the param to resolve
[main] INFO com.ibm.engine.language.java.JavaDetectionEngine - Detected constructor definition has more then one argument to resolve. Redefine the rule to explicitly define the param to resolve
[main] INFO com.ibm.engine.language.java.JavaDetectionEngine - Detected constructor definition has more then one argument to resolve. Redefine the rule to explicitly define the param to resolve
[main] INFO com.ibm.engine.language.java.JavaDetectionEngine - Detected constructor definition has more then one argument to resolve. Redefine the rule to explicitly define the param to resolve
[main] INFO com.ibm.engine.language.java.JavaDetectionEngine - Detected constructor definition has more then one argument to resolve. Redefine the rule to explicitly define the param to resolve
[main] INFO com.ibm.engine.language.java.JavaDetectionEngine - Detected constructor definition has more then one argument to resolve. Redefine the rule to explicitly define the param to resolve
[main] INFO com.ibm.engine.language.java.JavaDetectionEngine - Detected constructor definition has more then one argument to resolve. Redefine the rule to explicitly define the param to resolve
[main] INFO com.ibm.engine.language.java.JavaDetectionEngine - Detected constructor definition has more then one argument to resolve. Redefine the rule to explicitly define the param to resolve
[main] INFO com.ibm.engine.language.java.JavaDetectionEngine - Detected constructor definition has more then one argument to resolve. Redefine the rule to explicitly define the param to resolve
[main] INFO com.ibm.engine.language.java.JavaDetectionEngine - Detected constructor definition has more then one argument to resolve. Redefine the rule to explicitly define the param to resolve
[main] INFO com.ibm.engine.language.java.JavaDetectionEngine - Detected constructor definition has more then one argument to resolve. Redefine the rule to explicitly define the param to resolve
[main] INFO com.ibm.engine.language.java.JavaDetectionEngine - Detected constructor definition has more then one argument to resolve. Redefine the rule to explicitly define the param to resolve
[main] INFO com.ibm.engine.language.java.JavaDetectionEngine - Detected constructor definition has more then one argument to resolve. Redefine the rule to explicitly define the param to resolve
[main] INFO com.ibm.engine.language.java.JavaDetectionEngine - Detected constructor definition has more then one argument to resolve. Redefine the rule to explicitly define the param to resolve
[main] INFO com.ibm.engine.language.java.JavaDetectionEngine - Detected constructor definition has more then one argument to resolve. Redefine the rule to explicitly define the param to resolve
[main] INFO com.ibm.engine.language.java.JavaDetectionEngine - Detected constructor definition has more then one argument to resolve. Redefine the rule to explicitly define the param to resolve
[main] INFO com.ibm.engine.language.java.JavaDetectionEngine - Detected constructor definition has more then one argument to resolve. Redefine the rule to explicitly define the param to resolve
[main] INFO com.ibm.engine.language.java.JavaDetectionEngine - Detected constructor definition has more then one argument to resolve. Redefine the rule to explicitly define the param to resolve
[main] INFO com.ibm.engine.language.java.JavaDetectionEngine - Detected constructor definition has more then one argument to resolve. Redefine the rule to explicitly define the param to resolve
[main] INFO com.ibm.engine.language.java.JavaDetectionEngine - Detected constructor definition has more then one argument to resolve. Redefine the rule to explicitly define the param to resolve
[main] INFO com.ibm.engine.language.java.JavaDetectionEngine - Detected constructor definition has more then one argument to resolve. Redefine the rule to explicitly define the param to resolve
[main] INFO com.ibm.engine.language.java.JavaDetectionEngine - Detected constructor definition has more then one argument to resolve. Redefine the rule to explicitly define the param to resolve
[main] INFO com.ibm.engine.language.java.JavaDetectionEngine - Detected constructor definition has more then one argument to resolve. Redefine the rule to explicitly define the param to resolve
[main] INFO com.ibm.engine.language.java.JavaDetectionEngine - Detected constructor definition has more then one argument to resolve. Redefine the rule to explicitly define the param to resolve
[main] INFO com.ibm.engine.language.java.JavaDetectionEngine - Detected constructor definition has more then one argument to resolve. Redefine the rule to explicitly define the param to resolve
[main] INFO com.ibm.engine.language.java.JavaDetectionEngine - Detected constructor definition has more then one argument to resolve. Redefine the rule to explicitly define the param to resolve
[main] INFO com.ibm.engine.language.java.JavaDetectionEngine - Detected constructor definition has more then one argument to resolve. Redefine the rule to explicitly define the param to resolve
[main] INFO com.ibm.engine.language.java.JavaDetectionEngine - Detected constructor definition has more then one argument to resolve. Redefine the rule to explicitly define the param to resolve
[main] INFO com.ibm.engine.language.java.JavaDetectionEngine - Detected constructor definition has more then one argument to resolve. Redefine the rule to explicitly define the param to resolve
[main] INFO com.ibm.engine.language.java.JavaDetectionEngine - Detected constructor definition has more then one argument to resolve. Redefine the rule to explicitly define the param to resolve
[main] INFO com.ibm.engine.language.java.JavaDetectionEngine - Detected constructor definition has more then one argument to resolve. Redefine the rule to explicitly define the param to resolve
[main] INFO com.ibm.engine.language.java.JavaDetectionEngine - Detected constructor definition has more then one argument to resolve. Redefine the rule to explicitly define the param to resolve
[main] INFO com.ibm.engine.language.java.JavaDetectionEngine - Detected constructor definition has more then one argument to resolve. Redefine the rule to explicitly define the param to resolve
[main] INFO com.ibm.engine.language.java.JavaDetectionEngine - Detected constructor definition has more then one argument to resolve. Redefine the rule to explicitly define the param to resolve
[main] INFO com.ibm.engine.language.java.JavaDetectionEngine - Detected constructor definition has more then one argument to resolve. Redefine the rule to explicitly define the param to resolve
[main] INFO com.ibm.engine.language.java.JavaDetectionEngine - Detected constructor definition has more then one argument to resolve. Redefine the rule to explicitly define the param to resolve
[main] INFO com.ibm.engine.language.java.JavaDetectionEngine - Detected constructor definition has more then one argument to resolve. Redefine the rule to explicitly define the param to resolve
[main] INFO com.ibm.engine.language.java.JavaDetectionEngine - Detected constructor definition has more then one argument to resolve. Redefine the rule to explicitly define the param to resolve
[main] INFO com.ibm.engine.language.java.JavaDetectionEngine - Detected constructor definition has more then one argument to resolve. Redefine the rule to explicitly define the param to resolve
[main] INFO com.ibm.engine.language.java.JavaDetectionEngine - Detected constructor definition has more then one argument to resolve. Redefine the rule to explicitly define the param to resolve
[main] INFO com.ibm.engine.language.java.JavaDetectionEngine - Detected constructor definition has more then one argument to resolve. Redefine the rule to explicitly define the param to resolve
[main] INFO com.ibm.engine.language.java.JavaDetectionEngine - Detected constructor definition has more then one argument to resolve. Redefine the rule to explicitly define the param to resolve
[main] INFO com.ibm.engine.language.java.JavaDetectionEngine - Detected constructor definition has more then one argument to resolve. Redefine the rule to explicitly define the param to resolve
[main] INFO com.ibm.engine.language.java.JavaDetectionEngine - Detected constructor definition has more then one argument to resolve. Redefine the rule to explicitly define the param to resolve
[main] INFO com.ibm.engine.language.java.JavaDetectionEngine - Detected constructor definition has more then one argument to resolve. Redefine the rule to explicitly define the param to resolve
[main] INFO com.ibm.engine.language.java.JavaDetectionEngine - Detected constructor definition has more then one argument to resolve. Redefine the rule to explicitly define the param to resolve
[main] INFO com.ibm.engine.language.java.JavaDetectionEngine - Detected constructor definition has more then one argument to resolve. Redefine the rule to explicitly define the param to resolve
[main] INFO com.ibm.engine.language.java.JavaDetectionEngine - Detected constructor definition has more then one argument to resolve. Redefine the rule to explicitly define the param to resolve
[main] INFO com.ibm.engine.language.java.JavaDetectionEngine - Detected constructor definition has more then one argument to resolve. Redefine the rule to explicitly define the param to resolve
[main] INFO com.ibm.engine.language.java.JavaDetectionEngine - Detected constructor definition has more then one argument to resolve. Redefine the rule to explicitly define the param to resolve
[main] INFO com.ibm.engine.language.java.JavaDetectionEngine - Detected constructor definition has more then one argument to resolve. Redefine the rule to explicitly define the param to resolve
[main] INFO com.ibm.engine.language.java.JavaDetectionEngine - Detected constructor definition has more then one argument to resolve. Redefine the rule to explicitly define the param to resolve
[main] INFO com.ibm.engine.language.java.JavaDetectionEngine - Detected constructor definition has more then one argument to resolve. Redefine the rule to explicitly define the param to resolve
[main] INFO com.ibm.engine.language.java.JavaDetectionEngine - Detected constructor definition has more then one argument to resolve. Redefine the rule to explicitly define the param to resolve
[main] INFO com.ibm.engine.language.java.JavaDetectionEngine - Detected constructor definition has more then one argument to resolve. Redefine the rule to explicitly define the param to resolve
[main] INFO com.ibm.engine.language.java.JavaDetectionEngine - Detected constructor definition has more then one argument to resolve. Redefine the rule to explicitly define the param to resolve
[main] INFO com.ibm.engine.language.java.JavaDetectionEngine - Detected constructor definition has more then one argument to resolve. Redefine the rule to explicitly define the param to resolve
[main] INFO com.ibm.engine.language.java.JavaDetectionEngine - Detected constructor definition has more then one argument to resolve. Redefine the rule to explicitly define the param to resolve
[main] INFO com.ibm.engine.language.java.JavaDetectionEngine - Detected constructor definition has more then one argument to resolve. Redefine the rule to explicitly define the param to resolve
[main] INFO com.ibm.engine.language.java.JavaDetectionEngine - Detected constructor definition has more then one argument to resolve. Redefine the rule to explicitly define the param to resolve
[main] INFO com.ibm.engine.language.java.JavaDetectionEngine - Detected constructor definition has more then one argument to resolve. Redefine the rule to explicitly define the param to resolve
[main] INFO com.ibm.engine.language.java.JavaDetectionEngine - Detected constructor definition has more then one argument to resolve. Redefine the rule to explicitly define the param to resolve
[main] INFO com.ibm.engine.language.java.JavaDetectionEngine - Detected constructor definition has more then one argument to resolve. Redefine the rule to explicitly define the param to resolve
[main] INFO com.ibm.engine.language.java.JavaDetectionEngine - Detected constructor definition has more then one argument to resolve. Redefine the rule to explicitly define the param to resolve
[main] INFO com.ibm.engine.language.java.JavaDetectionEngine - Detected constructor definition has more then one argument to resolve. Redefine the rule to explicitly define the param to resolve
[main] INFO com.ibm.engine.language.java.JavaDetectionEngine - Detected constructor definition has more then one argument to resolve. Redefine the rule to explicitly define the param to resolve
[main] INFO com.ibm.engine.language.java.JavaDetectionEngine - Detected constructor definition has more then one argument to resolve. Redefine the rule to explicitly define the param to resolve
[main] INFO com.ibm.engine.language.java.JavaDetectionEngine - Detected constructor definition has more then one argument to resolve. Redefine the rule to explicitly define the param to resolve
[main] INFO com.ibm.engine.language.java.JavaDetectionEngine - Detected constructor definition has more then one argument to resolve. Redefine the rule to explicitly define the param to resolve
[main] INFO com.ibm.engine.language.java.JavaDetectionEngine - Detected constructor definition has more then one argument to resolve. Redefine the rule to explicitly define the param to resolve
[main] INFO com.ibm.engine.language.java.JavaDetectionEngine - Detected constructor definition has more then one argument to resolve. Redefine the rule to explicitly define the param to resolve
[main] INFO com.ibm.engine.language.java.JavaDetectionEngine - Detected constructor definition has more then one argument to resolve. Redefine the rule to explicitly define the param to resolve
[main] INFO com.ibm.engine.language.java.JavaDetectionEngine - Detected constructor definition has more then one argument to resolve. Redefine the rule to explicitly define the param to resolve
[main] INFO com.ibm.engine.language.java.JavaDetectionEngine - Detected constructor definition has more then one argument to resolve. Redefine the rule to explicitly define the param to resolve
[main] INFO com.ibm.engine.language.java.JavaDetectionEngine - Detected constructor definition has more then one argument to resolve. Redefine the rule to explicitly define the param to resolve
[main] INFO com.ibm.engine.language.java.JavaDetectionEngine - Detected constructor definition has more then one argument to resolve. Redefine the rule to explicitly define the param to resolve
[main] INFO com.ibm.engine.language.java.JavaDetectionEngine - Detected constructor definition has more then one argument to resolve. Redefine the rule to explicitly define the param to resolve
[main] INFO com.ibm.engine.language.java.JavaDetectionEngine - Detected constructor definition has more then one argument to resolve. Redefine the rule to explicitly define the param to resolve
[main] INFO com.ibm.engine.language.java.JavaDetectionEngine - Detected constructor definition has more then one argument to resolve. Redefine the rule to explicitly define the param to resolve
[main] INFO com.ibm.engine.language.java.JavaDetectionEngine - Detected constructor definition has more then one argument to resolve. Redefine the rule to explicitly define the param to resolve
[main] INFO com.ibm.engine.language.java.JavaDetectionEngine - Detected constructor definition has more then one argument to resolve. Redefine the rule to explicitly define the param to resolve
[main] INFO com.ibm.engine.language.java.JavaDetectionEngine - Detected constructor definition has more then one argument to resolve. Redefine the rule to explicitly define the param to resolve
[main] INFO com.ibm.engine.language.java.JavaDetectionEngine - Detected constructor definition has more then one argument to resolve. Redefine the rule to explicitly define the param to resolve
[main] INFO com.ibm.engine.language.java.JavaDetectionEngine - Detected constructor definition has more then one argument to resolve. Redefine the rule to explicitly define the param to resolve
[main] INFO com.ibm.engine.language.java.JavaDetectionEngine - Detected constructor definition has more then one argument to resolve. Redefine the rule to explicitly define the param to resolve
[main] INFO com.ibm.engine.language.java.JavaDetectionEngine - Detected constructor definition has more then one argument to resolve. Redefine the rule to explicitly define the param to resolve
[main] INFO com.ibm.engine.language.java.JavaDetectionEngine - Detected constructor definition has more then one argument to resolve. Redefine the rule to explicitly define the param to resolve
[main] INFO com.ibm.engine.language.java.JavaDetectionEngine - Detected constructor definition has more then one argument to resolve. Redefine the rule to explicitly define the param to resolve
[main] INFO com.ibm.engine.language.java.JavaDetectionEngine - Detected constructor definition has more then one argument to resolve. Redefine the rule to explicitly define the param to resolve
[main] INFO com.ibm.engine.language.java.JavaDetectionEngine - Detected constructor definition has more then one argument to resolve. Redefine the rule to explicitly define the param to resolve
[main] INFO com.ibm.engine.language.java.JavaDetectionEngine - Detected constructor definition has more then one argument to resolve. Redefine the rule to explicitly define the param to resolve
[main] INFO com.ibm.engine.language.java.JavaDetectionEngine - Detected constructor definition has more then one argument to resolve. Redefine the rule to explicitly define the param to resolve
[main] INFO com.ibm.engine.language.java.JavaDetectionEngine - Detected constructor definition has more then one argument to resolve. Redefine the rule to explicitly define the param to resolve
[main] INFO com.ibm.engine.language.java.JavaDetectionEngine - Detected constructor definition has more then one argument to resolve. Redefine the rule to explicitly define the param to resolve
[main] INFO com.ibm.engine.language.java.JavaDetectionEngine - Detected constructor definition has more then one argument to resolve. Redefine the rule to explicitly define the param to resolve
[main] INFO com.ibm.engine.language.java.JavaDetectionEngine - Detected constructor definition has more then one argument to resolve. Redefine the rule to explicitly define the param to resolve
[main] INFO com.ibm.engine.language.java.JavaDetectionEngine - Detected constructor definition has more then one argument to resolve. Redefine the rule to explicitly define the param to resolve
[main] INFO com.ibm.engine.language.java.JavaDetectionEngine - Detected constructor definition has more then one argument to resolve. Redefine the rule to explicitly define the param to resolve
[main] INFO com.ibm.engine.language.java.JavaDetectionEngine - Detected constructor definition has more then one argument to resolve. Redefine the rule to explicitly define the param to resolve
[main] INFO com.ibm.engine.language.java.JavaDetectionEngine - Detected constructor definition has more then one argument to resolve. Redefine the rule to explicitly define the param to resolve
[main] INFO com.ibm.engine.language.java.JavaDetectionEngine - Detected constructor definition has more then one argument to resolve. Redefine the rule to explicitly define the param to resolve
[main] INFO com.ibm.engine.language.java.JavaDetectionEngine - Detected constructor definition has more then one argument to resolve. Redefine the rule to explicitly define the param to resolve
[main] INFO com.ibm.engine.language.java.JavaDetectionEngine - Detected constructor definition has more then one argument to resolve. Redefine the rule to explicitly define the param to resolve
[main] INFO com.ibm.engine.language.java.JavaDetectionEngine - Detected constructor definition has more then one argument to resolve. Redefine the rule to explicitly define the param to resolve
[main] INFO com.ibm.engine.language.java.JavaDetectionEngine - Detected constructor definition has more then one argument to resolve. Redefine the rule to explicitly define the param to resolve
[main] INFO com.ibm.engine.language.java.JavaDetectionEngine - Detected constructor definition has more then one argument to resolve. Redefine the rule to explicitly define the param to resolve
[main] INFO com.ibm.engine.language.java.JavaDetectionEngine - Detected constructor definition has more then one argument to resolve. Redefine the rule to explicitly define the param to resolve
[main] INFO com.ibm.engine.language.java.JavaDetectionEngine - Detected constructor definition has more then one argument to resolve. Redefine the rule to explicitly define the param to resolve
[main] INFO com.ibm.engine.language.java.JavaDetectionEngine - Detected constructor definition has more then one argument to resolve. Redefine the rule to explicitly define the param to resolve
[main] INFO com.ibm.engine.language.java.JavaDetectionEngine - Detected constructor definition has more then one argument to resolve. Redefine the rule to explicitly define the param to resolve
[main] INFO com.ibm.engine.language.java.JavaDetectionEngine - Detected constructor definition has more then one argument to resolve. Redefine the rule to explicitly define the param to resolve
[main] INFO com.ibm.engine.language.java.JavaDetectionEngine - Detected constructor definition has more then one argument to resolve. Redefine the rule to explicitly define the param to resolve
[main] INFO com.ibm.engine.language.java.JavaDetectionEngine - Detected constructor definition has more then one argument to resolve. Redefine the rule to explicitly define the param to resolve
[main] INFO com.ibm.engine.language.java.JavaDetectionEngine - Detected constructor definition has more then one argument to resolve. Redefine the rule to explicitly define the param to resolve
[main] INFO com.ibm.engine.language.java.JavaDetectionEngine - Detected constructor definition has more then one argument to resolve. Redefine the rule to explicitly define the param to resolve
[main] INFO com.ibm.engine.language.java.JavaDetectionEngine - Detected constructor definition has more then one argument to resolve. Redefine the rule to explicitly define the param to resolve
[main] INFO com.ibm.engine.language.java.JavaDetectionEngine - Detected constructor definition has more then one argument to resolve. Redefine the rule to explicitly define the param to resolve
[main] INFO com.ibm.engine.language.java.JavaDetectionEngine - Detected constructor definition has more then one argument to resolve. Redefine the rule to explicitly define the param to resolve
[main] INFO com.ibm.engine.language.java.JavaDetectionEngine - Detected constructor definition has more then one argument to resolve. Redefine the rule to explicitly define the param to resolve
[main] INFO com.ibm.engine.language.java.JavaDetectionEngine - Detected constructor definition has more then one argument to resolve. Redefine the rule to explicitly define the param to resolve
[main] INFO com.ibm.engine.language.java.JavaDetectionEngine - Detected constructor definition has more then one argument to resolve. Redefine the rule to explicitly define the param to resolve
[main] INFO com.ibm.engine.language.java.JavaDetectionEngine - Detected constructor definition has more then one argument to resolve. Redefine the rule to explicitly define the param to resolve
[main] INFO com.ibm.engine.language.java.JavaDetectionEngine - Detected constructor definition has more then one argument to resolve. Redefine the rule to explicitly define the param to resolve
[main] INFO com.ibm.engine.language.java.JavaDetectionEngine - Detected constructor definition has more then one argument to resolve. Redefine the rule to explicitly define the param to resolve
[main] INFO com.ibm.engine.language.java.JavaDetectionEngine - Detected constructor definition has more then one argument to resolve. Redefine the rule to explicitly define the param to resolve
[main] INFO com.ibm.engine.language.java.JavaDetectionEngine - Detected constructor definition has more then one argument to resolve. Redefine the rule to explicitly define the param to resolve
[main] INFO com.ibm.engine.language.java.JavaDetectionEngine - Detected constructor definition has more then one argument to resolve. Redefine the rule to explicitly define the param to resolve
[main] INFO com.ibm.engine.language.java.JavaDetectionEngine - Detected constructor definition has more then one argument to resolve. Redefine the rule to explicitly define the param to resolve
[main] INFO com.ibm.engine.language.java.JavaDetectionEngine - Detected constructor definition has more then one argument to resolve. Redefine the rule to explicitly define the param to resolve
[main] INFO com.ibm.engine.language.java.JavaDetectionEngine - Detected constructor definition has more then one argument to resolve. Redefine the rule to explicitly define the param to resolve
[main] INFO com.ibm.engine.language.java.JavaDetectionEngine - Detected constructor definition has more then one argument to resolve. Redefine the rule to explicitly define the param to resolve
[main] INFO com.ibm.engine.language.java.JavaDetectionEngine - Detected constructor definition has more then one argument to resolve. Redefine the rule to explicitly define the param to resolve
[main] INFO com.ibm.engine.language.java.JavaDetectionEngine - Detected constructor definition has more then one argument to resolve. Redefine the rule to explicitly define the param to resolve
[main] INFO com.ibm.engine.language.java.JavaDetectionEngine - Detected constructor definition has more then one argument to resolve. Redefine the rule to explicitly define the param to resolve
[main] INFO com.ibm.engine.language.java.JavaDetectionEngine - Detected constructor definition has more then one argument to resolve. Redefine the rule to explicitly define the param to resolve
[main] INFO com.ibm.engine.language.java.JavaDetectionEngine - Detected constructor definition has more then one argument to resolve. Redefine the rule to explicitly define the param to resolve
[main] INFO com.ibm.engine.language.java.JavaDetectionEngine - Detected constructor definition has more then one argument to resolve. Redefine the rule to explicitly define the param to resolve
[main] INFO com.ibm.engine.language.java.JavaDetectionEngine - Detected constructor definition has more then one argument to resolve. Redefine the rule to explicitly define the param to resolve
[main] INFO com.ibm.engine.language.java.JavaDetectionEngine - Detected constructor definition has more then one argument to resolve. Redefine the rule to explicitly define the param to resolve
[main] INFO com.ibm.engine.language.java.JavaDetectionEngine - Detected constructor definition has more then one argument to resolve. Redefine the rule to explicitly define the param to resolve
[main] INFO com.ibm.output.IAggregator - Detected (SecretKey) PBKDF2
[main] INFO com.ibm.output.IAggregator - Detected (Key) EC
[main] INFO com.ibm.output.IAggregator - Detected (Key) EC
[main] INFO com.ibm.output.IAggregator - Detected (Signature) ECDSA-SHA-256
[main] INFO com.ibm.output.IAggregator - Detected (Key) EC
[main] INFO com.ibm.output.IAggregator - Detected (Key) EC
[main] INFO com.ibm.output.IAggregator - Detected (KeyAgreement) ECDH
[main] INFO org.sonar.java.ProgressMonitor - 100% analyzed
[main] INFO org.sonar.java.ProgressMonitor - Batch processing: Done.
[main] INFO org.sonar.java.model.VisitorsBridge - Did not optimize analysis for any files, performed a full analysis for all 1 files.
[main] INFO org.sonar.java.JavaFrontend - No "Test" source files to scan.
[main] INFO org.sonar.java.JavaFrontend - No "Generated" source files to scan.
[main] INFO org.pqca.scanning.ScannerService - Scanned 1 java projects
[main] INFO org.pqca.BomGenerator - Wrote cbom /home/tako/naryun/cbom/cbom-lab/results/action/local-workspace-cwd/cbom_java-app.json with 34 findings
[main] INFO org.pqca.indexing.IndexingService - Indexing projects ...
[main] INFO org.pqca.indexing.IndexingService - Found project module 'python-app' [1 .py files]
[main] INFO org.pqca.scanning.ScannerService - Start scanning 1 python projects
[main] INFO org.pqca.scanning.ScannerService - Scanning python project python-app (1/1)
[main] INFO com.ibm.output.IAggregator - Detected (AuthenticatedEncryption) AES-GCM
[main] INFO com.ibm.output.IAggregator - Detected (BlockCipher) AES-CBC
[main] INFO com.ibm.output.IAggregator - Detected (PrivateKey) RSA
[main] INFO com.ibm.output.IAggregator - Detected (MessageDigest) SHA-256
[main] INFO com.ibm.output.IAggregator - Detected (MessageDigest) MD5
[main] INFO com.ibm.output.IAggregator - Detected (PasswordBasedKeyDerivationFunction) PBKDF2-SHA-256
[main] INFO com.ibm.output.IAggregator - Detected (PrivateKey) EC-secp256r1
[main] INFO com.ibm.output.IAggregator - Detected (PrivateKey) EC-secp256r1
[main] INFO com.ibm.output.IAggregator - Detected (PrivateKey) EC-secp256r1
[main] INFO org.pqca.scanning.ScannerService - Scanned 1 python projects
[main] INFO org.pqca.BomGenerator - Wrote cbom /home/tako/naryun/cbom/cbom-lab/results/action/local-workspace-cwd/cbom_python-app.json with 15 findings
[main] INFO org.pqca.indexing.IndexingService - Indexing projects ...
[main] INFO org.pqca.indexing.IndexingService - Found project module 'go-app' [2 .go files]
[main] INFO org.pqca.scanning.ScannerService - Start scanning 1 go projects
[main] INFO org.pqca.scanning.ScannerService - Scanning go project go-app (1/1)
[main] INFO org.sonar.go.report.GoProgressReport - 1 folder (1 file) to be analyzed
[main] INFO com.ibm.output.IAggregator - Detected (AuthenticatedEncryption) AES-128-GCM
[main] INFO com.ibm.output.IAggregator - Detected (PublicKeyEncryption) RSA-2048
[main] INFO com.ibm.output.IAggregator - Detected (PublicKeyEncryption) RSA-OAEP
[main] INFO com.ibm.output.IAggregator - Detected (MessageDigest) MD5
[main] INFO com.ibm.output.IAggregator - Detected (MessageDigest) SHA-256
[main] INFO com.ibm.output.IAggregator - Detected (Signature) ECDSA-secp256r1
[main] INFO com.ibm.output.IAggregator - Detected (MessageDigest) SHA-256
[main] INFO com.ibm.output.IAggregator - Detected (KeyAgreement) ECDH
[main] INFO org.sonar.go.report.GoProgressReport - 1/1 folder (1 file) has been analyzed
[main] INFO org.pqca.scanning.ScannerService - Scanned 1 go projects
[main] INFO org.pqca.BomGenerator - Wrote cbom /home/tako/naryun/cbom/cbom-lab/results/action/local-workspace-cwd/cbom_go-app.json with 10 findings
[main] INFO org.pqca.Main - Scanned 4 files with 240 lines in 3.284 seconds.
[main] INFO org.pqca.BomGenerator - Wrote cbom /home/tako/naryun/cbom/cbom-lab/results/action/local-workspace-cwd/cbom.json with 59 findings
