[main] INFO org.pqca.Main - Writing CBOMs to /home/tako/naryun/cbom/cbom-lab/results/action/remediated
[main] INFO org.pqca.indexing.IndexingService - Indexing projects ...
[main] INFO org.pqca.indexing.IndexingService - Found project module 'java-app' [1 .java files]
[main] INFO org.pqca.scanning.ScannerService - Start scanning 1 java projects
[main] INFO org.pqca.scanning.ScannerService - Scanning java project java-app (1/1)
[main] INFO org.sonar.java.JavaFrontend - Server-side caching is not enabled. The Java analyzer will not try to leverage data from a previous analysis.
[main] INFO org.sonar.java.JavaFrontend - Using ECJ batch to parse 1 Main java source files with batch size 8388608 KB.
[main] INFO org.sonar.java.ProgressMonitor - Starting batch processing.
[main] INFO org.sonar.java.SonarComponents - The Java analyzer cannot skip unchanged files in this context. A full analysis is performed for all files.
[main] INFO com.ibm.output.IAggregator - Detected (SecretKey) AES
[main] INFO com.ibm.engine.language.java.JavaDetectionEngine - Detected constructor definition has more then one argument to resolve. Redefine the rule to explicitly define the param to resolve
[main] INFO com.ibm.engine.language.java.JavaDetectionEngine - Detected constructor definition has more then one argument to resolve. Redefine the rule to explicitly define the param to resolve
[main] INFO com.ibm.engine.language.java.JavaDetectionEngine - Detected constructor definition has more then one argument to resolve. Redefine the rule to explicitly define the param to resolve
[main] INFO com.ibm.engine.language.java.JavaDetectionEngine - Detected constructor definition has more then one argument to resolve. Redefine the rule to explicitly define the param to resolve
[main] INFO com.ibm.engine.language.java.JavaDetectionEngine - Detected constructor definition has more then one argument to resolve. Redefine the rule to explicitly define the param to resolve
[main] INFO com.ibm.engine.language.java.JavaDetectionEngine - Detected constructor definition has more then one argument to resolve. Redefine the rule to explicitly define the param to resolve
[main] INFO com.ibm.engine.language.java.JavaDetectionEngine - Detected constructor definition has more then one argument to resolve. Redefine the rule to explicitly define the param to resolve
[main] INFO com.ibm.engine.language.java.JavaDetectionEngine - Detected constructor definition has more then one argument to resolve. Redefine the rule to explicitly define the param to resolve
[main] INFO com.ibm.engine.language.java.JavaDetectionEngine - Detected constructor definition has more then one argument to resolve. Redefine the rule to explicitly define the param to resolve
[main] INFO com.ibm.engine.language.java.JavaDetectionEngine - Detected constructor definition has more then one argument to resolve. Redefine the rule to explicitly define the param to resolve
[main] INFO com.ibm.engine.language.java.JavaDetectionEngine - Detected constructor definition has more then one argument to resolve. Redefine the rule to explicitly define the param to resolve
[main] INFO com.ibm.engine.language.java.JavaDetectionEngine - Detected constructor definition has more then one argument to resolve. Redefine the rule to explicitly define the param to resolve
[main] INFO com.ibm.engine.language.java.JavaDetectionEngine - Detected constructor definition has more then one argument to resolve. Redefine the rule to explicitly define the param to resolve
[main] INFO com.ibm.engine.language.java.JavaDetectionEngine - Detected constructor definition has more then one argument to resolve. Redefine the rule to explicitly define the param to resolve
[main] INFO com.ibm.engine.language.java.JavaDetectionEngine - Detected constructor definition has more then one argument to resolve. Redefine the rule to explicitly define the param to resolve
[main] INFO com.ibm.engine.language.java.JavaDetectionEngine - Detected constructor definition has more then one argument to resolve. Redefine the rule to explicitly define the param to resolve
[main] INFO com.ibm.engine.language.java.JavaDetectionEngine - Detected constructor definition has more then one argument to resolve. Redefine the rule to explicitly define the param to resolve
[main] INFO com.ibm.engine.language.java.JavaDetectionEngine - Detected constructor definition has more then one argument to resolve. Redefine the rule to explicitly define the param to resolve
[main] INFO com.ibm.engine.language.java.JavaDetectionEngine - Detected constructor definition has more then one argument to resolve. Redefine the rule to explicitly define the param to resolve
[main] INFO com.ibm.engine.language.java.JavaDetectionEngine - Detected constructor definition has more then one argument to resolve. Redefine the rule to explicitly define the param to resolve
[main] INFO com.ibm.engine.language.java.JavaDetectionEngine - Detected constructor definition has more then one argument to resolve. Redefine the rule to explicitly define the param to resolve
[main] INFO com.ibm.engine.language.java.JavaDetectionEngine - Detected constructor definition has more then one argument to resolve. Redefine the rule to explicitly define the param to resolve
[main] INFO com.ibm.engine.language.java.JavaDetectionEngine - Detected constructor definition has more then one argument to resolve. Redefine the rule to explicitly define the param to resolve
[main] INFO com.ibm.engine.language.java.JavaDetectionEngine - Detected constructor definition has more then one argument to resolve. Redefine the rule to explicitly define the param to resolve
[main] INFO com.ibm.engine.language.java.JavaDetectionEngine - Detected constructor definition has more then one argument to resolve. Redefine the rule to explicitly define the param to resolve
[main] INFO com.ibm.engine.language.java.JavaDetectionEngine - Detected constructor definition has more then one argument to resolve. Redefine the rule to explicitly define the param to resolve
[main] INFO com.ibm.engine.language.java.JavaDetectionEngine - Detected constructor definition has more then one argument to resolve. Redefine the rule to explicitly define the param to resolve
[main] INFO com.ibm.engine.language.java.JavaDetectionEngine - Detected constructor definition has more then one argument to resolve. Redefine the rule to explicitly define the param to resolve
[main] INFO com.ibm.engine.language.java.JavaDetectionEngine - Detected constructor definition has more then one argument to resolve. Redefine the rule to explicitly define the param to resolve
[main] INFO com.ibm.engine.language.java.JavaDetectionEngine - Detected constructor definition has more then one argument to resolve. Redefine the rule to explicitly define the param to resolve
[main] INFO com.ibm.engine.language.java.JavaDetectionEngine - Detected constructor definition has more then one argument to resolve. Redefine the rule to explicitly define the param to resolve
[main] INFO com.ibm.engine.language.java.JavaDetectionEngine - Detected constructor definition has more then one argument to resolve. Redefine the rule to explicitly define the param to resolve
[main] INFO com.ibm.engine.language.java.JavaDetectionEngine - Detected constructor definition has more then one argument to resolve. Redefine the rule to explicitly define the param to resolve
[main] INFO com.ibm.engine.language.java.JavaDetectionEngine - Detected constructor definition has more then one argument to resolve. Redefine the rule to explicitly define the param to resolve
[main] INFO com.ibm.engine.language.java.JavaDetectionEngine - Detected constructor definition has more then one argument to resolve. Redefine the rule to explicitly define the param to resolve
[main] INFO com.ibm.engine.language.java.JavaDetectionEngine - Detected constructor definition has more then one argument to resolve. Redefine the rule to explicitly define the param to resolve
[main] INFO com.ibm.engine.language.java.JavaDetectionEngine - Detected constructor definition has more then one argument to resolve. Redefine the rule to explicitly define the param to resolve
[main] INFO com.ibm.engine.language.java.JavaDetectionEngine - Detected constructor definition has more then one argument to resolve. Redefine the rule to explicitly define the param to resolve
[main] INFO com.ibm.engine.language.java.JavaDetectionEngine - Detected constructor definition has more then one argument to resolve. Redefine the rule to explicitly define the param to resolve
[main] INFO com.ibm.engine.language.java.JavaDetectionEngine - Detected constructor definition has more then one argument to resolve. Redefine the rule to explicitly define the param to resolve
[main] INFO com.ibm.engine.language.java.JavaDetectionEngine - Detected constructor definition has more then one argument to resolve. Redefine the rule to explicitly define the param to resolve
[main] INFO com.ibm.engine.language.java.JavaDetectionEngine - Detected constructor definition has more then one argument to resolve. Redefine the rule to explicitly define the param to resolve
[main] INFO com.ibm.engine.language.java.JavaDetectionEngine - Detected constructor definition has more then one argument to resolve. Redefine the rule to explicitly define the param to resolve
[main] INFO com.ibm.engine.language.java.JavaDetectionEngine - Detected constructor definition has more then one argument to resolve. Redefine the rule to explicitly define the param to resolve
[main] INFO com.ibm.engine.language.java.JavaDetectionEngine - Detected constructor definition has more then one argument to resolve. Redefine the rule to explicitly define the param to resolve
[main] INFO com.ibm.engine.language.java.JavaDetectionEngine - Detected constructor definition has more then one argument to resolve. Redefine the rule to explicitly define the param to resolve
[main] INFO com.ibm.engine.language.java.JavaDetectionEngine - Detected constructor definition has more then one argument to resolve. Redefine the rule to explicitly define the param to resolve
[main] INFO com.ibm.engine.language.java.JavaDetectionEngine - Detected constructor definition has more then one argument to resolve. Redefine the rule to explicitly define the param to resolve
[main] INFO com.ibm.engine.language.java.JavaDetectionEngine - Detected constructor definition has more then one argument to resolve. Redefine the rule to explicitly define the param to resolve
[main] INFO com.ibm.engine.language.java.JavaDetectionEngine - Detected constructor definition has more then one argument to resolve. Redefine the rule to explicitly define the param to resolve
[main] INFO com.ibm.engine.language.java.JavaDetectionEngine - Detected constructor definition has more then one argument to resolve. Redefine the rule to explicitly define the param to resolve
[main] INFO com.ibm.engine.language.java.JavaDetectionEngine - Detected constructor definition has more then one argument to resolve. Redefine the rule to explicitly define the param to resolve
[main] INFO com.ibm.engine.language.java.JavaDetectionEngine - Detected constructor definition has more then one argument to resolve. Redefine the rule to explicitly define the param to resolve
[main] INFO com.ibm.engine.language.java.JavaDetectionEngine - Detected constructor definition has more then one argument to resolve. Redefine the rule to explicitly define the param to resolve
[main] INFO com.ibm.engine.language.java.JavaDetectionEngine - Detected constructor definition has more then one argument to resolve. Redefine the rule to explicitly define the param to resolve
[main] INFO com.ibm.engine.language.java.JavaDetectionEngine - Detected constructor definition has more then one argument to resolve. Redefine the rule to explicitly define the param to resolve
[main] INFO com.ibm.engine.language.java.JavaDetectionEngine - Detected constructor definition has more then one argument to resolve. Redefine the rule to explicitly define the param to resolve
[main] INFO com.ibm.engine.language.java.JavaDetectionEngine - Detected constructor definition has more then one argument to resolve. Redefine the rule to explicitly define the param to resolve
[main] INFO com.ibm.engine.language.java.JavaDetectionEngine - Detected constructor definition has more then one argument to resolve. Redefine the rule to explicitly define the param to resolve
[main] INFO com.ibm.engine.language.java.JavaDetectionEngine - Detected constructor definition has more then one argument to resolve. Redefine the rule to explicitly define the param to resolve
[main] INFO com.ibm.engine.language.java.JavaDetectionEngine - Detected constructor definition has more then one argument to resolve. Redefine the rule to explicitly define the param to resolve
[main] INFO com.ibm.engine.language.java.JavaDetectionEngine - Detected constructor definition has more then one argument to resolve. Redefine the rule to explicitly define the param to resolve
[main] INFO com.ibm.engine.language.java.JavaDetectionEngine - Detected constructor definition has more then one argument to resolve. Redefine the rule to explicitly define the param to resolve
[main] INFO com.ibm.engine.language.java.JavaDetectionEngine - Detected constructor definition has more then one argument to resolve. Redefine the rule to explicitly define the param to resolve
[main] INFO com.ibm.output.IAggregator - Detected (SecretKey) AES
[main] INFO com.ibm.engine.language.java.JavaDetectionEngine - Detected constructor definition has more then one argument to resolve. Redefine the rule to explicitly define the param to resolve
[main] INFO com.ibm.engine.language.java.JavaDetectionEngine - Detected constructor definition has more then one argument to resolve. Redefine the rule to explicitly define the param to resolve
[main] INFO com.ibm.engine.language.java.JavaDetectionEngine - Detected constructor definition has more then one argument to resolve. Redefine the rule to explicitly define the param to resolve
[main] INFO com.ibm.engine.language.java.JavaDetectionEngine - Detected constructor definition has more then one argument to resolve. Redefine the rule to explicitly define the param to resolve
[main] INFO com.ibm.engine.language.java.JavaDetectionEngine - Detected constructor definition has more then one argument to resolve. Redefine the rule to explicitly define the param to resolve
[main] INFO com.ibm.engine.language.java.JavaDetectionEngine - Detected constructor definition has more then one argument to resolve. Redefine the rule to explicitly define the param to resolve
[main] INFO com.ibm.engine.language.java.JavaDetectionEngine - Detected constructor definition has more then one argument to resolve. Redefine the rule to explicitly define the param to resolve
[main] INFO com.ibm.engine.language.java.JavaDetectionEngine - Detected constructor definition has more then one argument to resolve. Redefine the rule to explicitly define the param to resolve
[main] INFO com.ibm.engine.language.java.JavaDetectionEngine - Detected constructor definition has more then one argument to resolve. Redefine the rule to explicitly define the param to resolve
[main] INFO com.ibm.engine.language.java.JavaDetectionEngine - Detected constructor definition has more then one argument to resolve. Redefine the rule to explicitly define the param to resolve
[main] INFO com.ibm.engine.language.java.JavaDetectionEngine - Detected constructor definition has more then one argument to resolve. Redefine the rule to explicitly define the param to resolve
[main] INFO com.ibm.engine.language.java.JavaDetectionEngine - Detected constructor definition has more then one argument to resolve. Redefine the rule to explicitly define the param to resolve
[main] INFO com.ibm.engine.language.java.JavaDetectionEngine - Detected constructor definition has more then one argument to resolve. Redefine the rule to explicitly define the param to resolve
[main] INFO com.ibm.engine.language.java.JavaDetectionEngine - Detected constructor definition has more then one argument to resolve. Redefine the rule to explicitly define the param to resolve
[main] INFO com.ibm.engine.language.java.JavaDetectionEngine - Detected constructor definition has more then one argument to resolve. Redefine the rule to explicitly define the param to resolve
[main] INFO com.ibm.engine.language.java.JavaDetectionEngine - Detected constructor definition has more then one argument to resolve. Redefine the rule to explicitly define the param to resolve
[main] INFO com.ibm.engine.language.java.JavaDetectionEngine - Detected constructor definition has more then one argument to resolve. Redefine the rule to explicitly define the param to resolve
[main] INFO com.ibm.engine.language.java.JavaDetectionEngine - Detected constructor definition has more then one argument to resolve. Redefine the rule to explicitly define the param to resolve
[main] INFO com.ibm.engine.language.java.JavaDetectionEngine - Detected constructor definition has more then one argument to resolve. Redefine the rule to explicitly define the param to resolve
[main] INFO com.ibm.engine.language.java.JavaDetectionEngine - Detected constructor definition has more then one argument to resolve. Redefine the rule to explicitly define the param to resolve
[main] INFO com.ibm.engine.language.java.JavaDetectionEngine - Detected constructor definition has more then one argument to resolve. Redefine the rule to explicitly define the param to resolve
[main] INFO com.ibm.engine.language.java.JavaDetectionEngine - Detected constructor definition has more then one argument to resolve. Redefine the rule to explicitly define the param to resolve
[main] INFO com.ibm.engine.language.java.JavaDetectionEngine - Detected constructor definition has more then one argument to resolve. Redefine the rule to explicitly define the param to resolve
[main] INFO com.ibm.engine.language.java.JavaDetectionEngine - Detected constructor definition has more then one argument to resolve. Redefine the rule to explicitly define the param to resolve
[main] INFO com.ibm.engine.language.java.JavaDetectionEngine - Detected constructor definition has more then one argument to resolve. Redefine the rule to explicitly define the param to resolve
[main] INFO com.ibm.engine.language.java.JavaDetectionEngine - Detected constructor definition has more then one argument to resolve. Redefine the rule to explicitly define the param to resolve
[main] INFO com.ibm.engine.language.java.JavaDetectionEngine - Detected constructor definition has more then one argument to resolve. Redefine the rule to explicitly define the param to resolve
[main] INFO com.ibm.engine.language.java.JavaDetectionEngine - Detected constructor definition has more then one argument to resolve. Redefine the rule to explicitly define the param to resolve
[main] INFO com.ibm.engine.language.java.JavaDetectionEngine - Detected constructor definition has more then one argument to resolve. Redefine the rule to explicitly define the param to resolve
[main] INFO com.ibm.engine.language.java.JavaDetectionEngine - Detected constructor definition has more then one argument to resolve. Redefine the rule to explicitly define the param to resolve
[main] INFO com.ibm.engine.language.java.JavaDetectionEngine - Detected constructor definition has more then one argument to resolve. Redefine the rule to explicitly define the param to resolve
[main] INFO com.ibm.engine.language.java.JavaDetectionEngine - Detected constructor definition has more then one argument to resolve. Redefine the rule to explicitly define the param to resolve
[main] INFO com.ibm.engine.language.java.JavaDetectionEngine - Detected constructor definition has more then one argument to resolve. Redefine the rule to explicitly define the param to resolve
[main] INFO com.ibm.engine.language.java.JavaDetectionEngine - Detected constructor definition has more then one argument to resolve. Redefine the rule to explicitly define the param to resolve
[main] INFO com.ibm.engine.language.java.JavaDetectionEngine - Detected constructor definition has more then one argument to resolve. Redefine the rule to explicitly define the param to resolve
[main] INFO com.ibm.engine.language.java.JavaDetectionEngine - Detected constructor definition has more then one argument to resolve. Redefine the rule to explicitly define the param to resolve
[main] INFO com.ibm.engine.language.java.JavaDetectionEngine - Detected constructor definition has more then one argument to resolve. Redefine the rule to explicitly define the param to resolve
[main] INFO com.ibm.engine.language.java.JavaDetectionEngine - Detected constructor definition has more then one argument to resolve. Redefine the rule to explicitly define the param to resolve
[main] INFO com.ibm.engine.language.java.JavaDetectionEngine - Detected constructor definition has more then one argument to resolve. Redefine the rule to explicitly define the param to resolve
[main] INFO com.ibm.engine.language.java.JavaDetectionEngine - Detected constructor definition has more then one argument to resolve. Redefine the rule to explicitly define the param to resolve
[main] INFO com.ibm.engine.language.java.JavaDetectionEngine - Detected constructor definition has more then one argument to resolve. Redefine the rule to explicitly define the param to resolve
[main] INFO com.ibm.engine.language.java.JavaDetectionEngine - Detected constructor definition has more then one argument to resolve. Redefine the rule to explicitly define the param to resolve
[main] INFO com.ibm.engine.language.java.JavaDetectionEngine - Detected constructor definition has more then one argument to resolve. Redefine the rule to explicitly define the param to resolve
[main] INFO com.ibm.engine.language.java.JavaDetectionEngine - Detected constructor definition has more then one argument to resolve. Redefine the rule to explicitly define the param to resolve
[main] INFO com.ibm.engine.language.java.JavaDetectionEngine - Detected constructor definition has more then one argument to resolve. Redefine the rule to explicitly define the param to resolve
[main] INFO com.ibm.engine.language.java.JavaDetectionEngine - Detected constructor definition has more then one argument to resolve. Redefine the rule to explicitly define the param to resolve
[main] INFO com.ibm.engine.language.java.JavaDetectionEngine - Detected constructor definition has more then one argument to resolve. Redefine the rule to explicitly define the param to resolve
[main] INFO com.ibm.engine.language.java.JavaDetectionEngine - Detected constructor definition has more then one argument to resolve. Redefine the rule to explicitly define the param to resolve
[main] INFO com.ibm.engine.language.java.JavaDetectionEngine - Detected constructor definition has more then one argument to resolve. Redefine the rule to explicitly define the param to resolve
[main] INFO com.ibm.engine.language.java.JavaDetectionEngine - Detected constructor definition has more then one argument to resolve. Redefine the rule to explicitly define the param to resolve
[main] INFO com.ibm.engine.language.java.JavaDetectionEngine - Detected constructor definition has more then one argument to resolve. Redefine the rule to explicitly define the param to resolve
[main] INFO com.ibm.engine.language.java.JavaDetectionEngine - Detected constructor definition has more then one argument to resolve. Redefine the rule to explicitly define the param to resolve
[main] INFO com.ibm.engine.language.java.JavaDetectionEngine - Detected constructor definition has more then one argument to resolve. Redefine the rule to explicitly define the param to resolve
[main] INFO com.ibm.engine.language.java.JavaDetectionEngine - Detected constructor definition has more then one argument to resolve. Redefine the rule to explicitly define the param to resolve
[main] INFO com.ibm.engine.language.java.JavaDetectionEngine - Detected constructor definition has more then one argument to resolve. Redefine the rule to explicitly define the param to resolve
[main] INFO com.ibm.engine.language.java.JavaDetectionEngine - Detected constructor definition has more then one argument to resolve. Redefine the rule to explicitly define the param to resolve
[main] INFO com.ibm.engine.language.java.JavaDetectionEngine - Detected constructor definition has more then one argument to resolve. Redefine the rule to explicitly define the param to resolve
[main] INFO com.ibm.engine.language.java.JavaDetectionEngine - Detected constructor definition has more then one argument to resolve. Redefine the rule to explicitly define the param to resolve
[main] INFO com.ibm.engine.language.java.JavaDetectionEngine - Detected constructor definition has more then one argument to resolve. Redefine the rule to explicitly define the param to resolve
[main] INFO com.ibm.engine.language.java.JavaDetectionEngine - Detected constructor definition has more then one argument to resolve. Redefine the rule to explicitly define the param to resolve
[main] INFO com.ibm.engine.language.java.JavaDetectionEngine - Detected constructor definition has more then one argument to resolve. Redefine the rule to explicitly define the param to resolve
[main] INFO com.ibm.engine.language.java.JavaDetectionEngine - Detected constructor definition has more then one argument to resolve. Redefine the rule to explicitly define the param to resolve
[main] INFO com.ibm.engine.language.java.JavaDetectionEngine - Detected constructor definition has more then one argument to resolve. Redefine the rule to explicitly define the param to resolve
[main] INFO com.ibm.engine.language.java.JavaDetectionEngine - Detected constructor definition has more then one argument to resolve. Redefine the rule to explicitly define the param to resolve
[main] INFO com.ibm.engine.language.java.JavaDetectionEngine - Detected constructor definition has more then one argument to resolve. Redefine the rule to explicitly define the param to resolve
[main] INFO com.ibm.engine.language.java.JavaDetectionEngine - Detected constructor definition has more then one argument to resolve. Redefine the rule to explicitly define the param to resolve
[main] INFO com.ibm.engine.language.java.JavaDetectionEngine - Detected constructor definition has more then one argument to resolve. Redefine the rule to explicitly define the param to resolve
[main] INFO com.ibm.engine.language.java.JavaDetectionEngine - Detected constructor definition has more then one argument to resolve. Redefine the rule to explicitly define the param to resolve
[main] INFO com.ibm.engine.language.java.JavaDetectionEngine - Detected constructor definition has more then one argument to resolve. Redefine the rule to explicitly define the param to resolve
[main] INFO com.ibm.engine.language.java.JavaDetectionEngine - Detected constructor definition has more then one argument to resolve. Redefine the rule to explicitly define the param to resolve
[main] INFO com.ibm.engine.language.java.JavaDetectionEngine - Detected constructor definition has more then one argument to resolve. Redefine the rule to explicitly define the param to resolve
[main] INFO com.ibm.engine.language.java.JavaDetectionEngine - Detected constructor definition has more then one argument to resolve. Redefine the rule to explicitly define the param to resolve
[main] INFO com.ibm.engine.language.java.JavaDetectionEngine - Detected constructor definition has more then one argument to resolve. Redefine the rule to explicitly define the param to resolve
[main] INFO com.ibm.engine.language.java.JavaDetectionEngine - Detected constructor definition has more then one argument to resolve. Redefine the rule to explicitly define the param to resolve
[main] INFO com.ibm.engine.language.java.JavaDetectionEngine - Detected constructor definition has more then one argument to resolve. Redefine the rule to explicitly define the param to resolve
[main] INFO com.ibm.engine.language.java.JavaDetectionEngine - Detected constructor definition has more then one argument to resolve. Redefine the rule to explicitly define the param to resolve
[main] INFO com.ibm.engine.language.java.JavaDetectionEngine - Detected constructor definition has more then one argument to resolve. Redefine the rule to explicitly define the param to resolve
[main] INFO com.ibm.engine.language.java.JavaDetectionEngine - Detected constructor definition has more then one argument to resolve. Redefine the rule to explicitly define the param to resolve
[main] INFO com.ibm.engine.language.java.JavaDetectionEngine - Detected constructor definition has more then one argument to resolve. Redefine the rule to explicitly define the param to resolve
[main] INFO com.ibm.engine.language.java.JavaDetectionEngine - Detected constructor definition has more then one argument to resolve. Redefine the rule to explicitly define the param to resolve
[main] INFO com.ibm.engine.language.java.JavaDetectionEngine - Detected constructor definition has more then one argument to resolve. Redefine the rule to explicitly define the param to resolve
[main] INFO com.ibm.engine.language.java.JavaDetectionEngine - Detected constructor definition has more then one argument to resolve. Redefine the rule to explicitly define the param to resolve
[main] INFO com.ibm.engine.language.java.JavaDetectionEngine - Detected constructor definition has more then one argument to resolve. Redefine the rule to explicitly define the param to resolve
[main] INFO com.ibm.engine.language.java.JavaDetectionEngine - Detected constructor definition has more then one argument to resolve. Redefine the rule to explicitly define the param to resolve
[main] INFO com.ibm.engine.language.java.JavaDetectionEngine - Detected constructor definition has more then one argument to resolve. Redefine the rule to explicitly define the param to resolve
[main] INFO com.ibm.engine.language.java.JavaDetectionEngine - Detected constructor definition has more then one argument to resolve. Redefine the rule to explicitly define the param to resolve
[main] INFO com.ibm.engine.language.java.JavaDetectionEngine - Detected constructor definition has more then one argument to resolve. Redefine the rule to explicitly define the param to resolve
[main] INFO com.ibm.engine.language.java.JavaDetectionEngine - Detected constructor definition has more then one argument to resolve. Redefine the rule to explicitly define the param to resolve
[main] INFO com.ibm.engine.language.java.JavaDetectionEngine - Detected constructor definition has more then one argument to resolve. Redefine the rule to explicitly define the param to resolve
[main] INFO com.ibm.engine.language.java.JavaDetectionEngine - Detected constructor definition has more then one argument to resolve. Redefine the rule to explicitly define the param to resolve
[main] INFO com.ibm.engine.language.java.JavaDetectionEngine - Detected constructor definition has more then one argument to resolve. Redefine the rule to explicitly define the param to resolve
[main] INFO com.ibm.engine.language.java.JavaDetectionEngine - Detected constructor definition has more then one argument to resolve. Redefine the rule to explicitly define the param to resolve
[main] INFO com.ibm.engine.language.java.JavaDetectionEngine - Detected constructor definition has more then one argument to resolve. Redefine the rule to explicitly define the param to resolve
[main] INFO com.ibm.engine.language.java.JavaDetectionEngine - Detected constructor definition has more then one argument to resolve. Redefine the rule to explicitly define the param to resolve
[main] INFO com.ibm.engine.language.java.JavaDetectionEngine - Detected constructor definition has more then one argument to resolve. Redefine the rule to explicitly define the param to resolve
[main] INFO com.ibm.engine.language.java.JavaDetectionEngine - Detected constructor definition has more then one argument to resolve. Redefine the rule to explicitly define the param to resolve
[main] INFO com.ibm.engine.language.java.JavaDetectionEngine - Detected constructor definition has more then one argument to resolve. Redefine the rule to explicitly define the param to resolve
[main] INFO com.ibm.engine.language.java.JavaDetectionEngine - Detected constructor definition has more then one argument to resolve. Redefine the rule to explicitly define the param to resolve
[main] INFO com.ibm.engine.language.java.JavaDetectionEngine - Detected constructor definition has more then one argument to resolve. Redefine the rule to explicitly define the param to resolve
[main] INFO com.ibm.engine.language.java.JavaDetectionEngine - Detected constructor definition has more then one argument to resolve. Redefine the rule to explicitly define the param to resolve
[main] INFO com.ibm.engine.language.java.JavaDetectionEngine - Detected constructor definition has more then one argument to resolve. Redefine the rule to explicitly define the param to resolve
[main] INFO com.ibm.engine.language.java.JavaDetectionEngine - Detected constructor definition has more then one argument to resolve. Redefine the rule to explicitly define the param to resolve
[main] INFO com.ibm.engine.language.java.JavaDetectionEngine - Detected constructor definition has more then one argument to resolve. Redefine the rule to explicitly define the param to resolve
[main] INFO com.ibm.engine.language.java.JavaDetectionEngine - Detected constructor definition has more then one argument to resolve. Redefine the rule to explicitly define the param to resolve
[main] INFO com.ibm.engine.language.java.JavaDetectionEngine - Detected constructor definition has more then one argument to resolve. Redefine the rule to explicitly define the param to resolve
[main] INFO com.ibm.engine.language.java.JavaDetectionEngine - Detected constructor definition has more then one argument to resolve. Redefine the rule to explicitly define the param to resolve
[main] INFO com.ibm.engine.language.java.JavaDetectionEngine - Detected constructor definition has more then one argument to resolve. Redefine the rule to explicitly define the param to resolve
[main] INFO com.ibm.engine.language.java.JavaDetectionEngine - Detected constructor definition has more then one argument to resolve. Redefine the rule to explicitly define the param to resolve
[main] INFO com.ibm.engine.language.java.JavaDetectionEngine - Detected constructor definition has more then one argument to resolve. Redefine the rule to explicitly define the param to resolve
[main] INFO com.ibm.engine.language.java.JavaDetectionEngine - Detected constructor definition has more then one argument to resolve. Redefine the rule to explicitly define the param to resolve
[main] INFO com.ibm.engine.language.java.JavaDetectionEngine - Detected constructor definition has more then one argument to resolve. Redefine the rule to explicitly define the param to resolve
[main] INFO com.ibm.engine.language.java.JavaDetectionEngine - Detected constructor definition has more then one argument to resolve. Redefine the rule to explicitly define the param to resolve
[main] INFO com.ibm.engine.language.java.JavaDetectionEngine - Detected constructor definition has more then one argument to resolve. Redefine the rule to explicitly define the param to resolve
[main] INFO com.ibm.engine.language.java.JavaDetectionEngine - Detected constructor definition has more then one argument to resolve. Redefine the rule to explicitly define the param to resolve
[main] INFO com.ibm.engine.language.java.JavaDetectionEngine - Detected constructor definition has more then one argument to resolve. Redefine the rule to explicitly define the param to resolve
[main] INFO com.ibm.engine.language.java.JavaDetectionEngine - Detected constructor definition has more then one argument to resolve. Redefine the rule to explicitly define the param to resolve
[main] INFO com.ibm.engine.language.java.JavaDetectionEngine - Detected constructor definition has more then one argument to resolve. Redefine the rule to explicitly define the param to resolve
[main] INFO com.ibm.engine.language.java.JavaDetectionEngine - Detected constructor definition has more then one argument to resolve. Redefine the rule to explicitly define the param to resolve
[main] INFO com.ibm.engine.language.java.JavaDetectionEngine - Detected constructor definition has more then one argument to resolve. Redefine the rule to explicitly define the param to resolve
[main] INFO com.ibm.engine.language.java.JavaDetectionEngine - Detected constructor definition has more then one argument to resolve. Redefine the rule to explicitly define the param to resolve
[main] INFO com.ibm.engine.language.java.JavaDetectionEngine - Detected constructor definition has more then one argument to resolve. Redefine the rule to explicitly define the param to resolve
[main] INFO com.ibm.engine.language.java.JavaDetectionEngine - Detected constructor definition has more then one argument to resolve. Redefine the rule to explicitly define the param to resolve
[main] INFO com.ibm.engine.language.java.JavaDetectionEngine - Detected constructor definition has more then one argument to resolve. Redefine the rule to explicitly define the param to resolve
[main] INFO com.ibm.engine.language.java.JavaDetectionEngine - Detected constructor definition has more then one argument to resolve. Redefine the rule to explicitly define the param to resolve
[main] INFO com.ibm.engine.language.java.JavaDetectionEngine - Detected constructor definition has more then one argument to resolve. Redefine the rule to explicitly define the param to resolve
[main] INFO com.ibm.engine.language.java.JavaDetectionEngine - Detected constructor definition has more then one argument to resolve. Redefine the rule to explicitly define the param to resolve
[main] INFO com.ibm.engine.language.java.JavaDetectionEngine - Detected constructor definition has more then one argument to resolve. Redefine the rule to explicitly define the param to resolve
[main] INFO com.ibm.engine.language.java.JavaDetectionEngine - Detected constructor definition has more then one argument to resolve. Redefine the rule to explicitly define the param to resolve
[main] INFO com.ibm.engine.language.java.JavaDetectionEngine - Detected constructor definition has more then one argument to resolve. Redefine the rule to explicitly define the param to resolve
[main] INFO com.ibm.engine.language.java.JavaDetectionEngine - Detected constructor definition has more then one argument to resolve. Redefine the rule to explicitly define the param to resolve
[main] INFO com.ibm.engine.language.java.JavaDetectionEngine - Detected constructor definition has more then one argument to resolve. Redefine the rule to explicitly define the param to resolve
[main] INFO com.ibm.engine.language.java.JavaDetectionEngine - Detected constructor definition has more then one argument to resolve. Redefine the rule to explicitly define the param to resolve
[main] INFO com.ibm.engine.language.java.JavaDetectionEngine - Detected constructor definition has more then one argument to resolve. Redefine the rule to explicitly define the param to resolve
[main] INFO com.ibm.engine.language.java.JavaDetectionEngine - Detected constructor definition has more then one argument to resolve. Redefine the rule to explicitly define the param to resolve
[main] INFO com.ibm.engine.language.java.JavaDetectionEngine - Detected constructor definition has more then one argument to resolve. Redefine the rule to explicitly define the param to resolve
[main] INFO com.ibm.engine.language.java.JavaDetectionEngine - Detected constructor definition has more then one argument to resolve. Redefine the rule to explicitly define the param to resolve
[main] INFO com.ibm.engine.language.java.JavaDetectionEngine - Detected constructor definition has more then one argument to resolve. Redefine the rule to explicitly define the param to resolve
[main] INFO com.ibm.engine.language.java.JavaDetectionEngine - Detected constructor definition has more then one argument to resolve. Redefine the rule to explicitly define the param to resolve
[main] INFO com.ibm.engine.language.java.JavaDetectionEngine - Detected constructor definition has more then one argument to resolve. Redefine the rule to explicitly define the param to resolve
[main] INFO com.ibm.engine.language.java.JavaDetectionEngine - Detected constructor definition has more then one argument to resolve. Redefine the rule to explicitly define the param to resolve
[main] INFO com.ibm.engine.language.java.JavaDetectionEngine - Detected constructor definition has more then one argument to resolve. Redefine the rule to explicitly define the param to resolve
[main] INFO com.ibm.engine.language.java.JavaDetectionEngine - Detected constructor definition has more then one argument to resolve. Redefine the rule to explicitly define the param to resolve
[main] INFO com.ibm.engine.language.java.JavaDetectionEngine - Detected constructor definition has more then one argument to resolve. Redefine the rule to explicitly define the param to resolve
[main] INFO com.ibm.engine.language.java.JavaDetectionEngine - Detected constructor definition has more then one argument to resolve. Redefine the rule to explicitly define the param to resolve
[main] INFO com.ibm.engine.language.java.JavaDetectionEngine - Detected constructor definition has more then one argument to resolve. Redefine the rule to explicitly define the param to resolve
[main] INFO com.ibm.engine.language.java.JavaDetectionEngine - Detected constructor definition has more then one argument to resolve. Redefine the rule to explicitly define the param to resolve
[main] INFO com.ibm.engine.language.java.JavaDetectionEngine - Detected constructor definition has more then one argument to resolve. Redefine the rule to explicitly define the param to resolve
[main] INFO com.ibm.engine.language.java.JavaDetectionEngine - Detected constructor definition has more then one argument to resolve. Redefine the rule to explicitly define the param to resolve
[main] INFO com.ibm.engine.language.java.JavaDetectionEngine - Detected constructor definition has more then one argument to resolve. Redefine the rule to explicitly define the param to resolve
[main] INFO com.ibm.engine.language.java.JavaDetectionEngine - Detected constructor definition has more then one argument to resolve. Redefine the rule to explicitly define the param to resolve
[main] INFO com.ibm.engine.language.java.JavaDetectionEngine - Detected constructor definition has more then one argument to resolve. Redefine the rule to explicitly define the param to resolve
[main] INFO com.ibm.engine.language.java.JavaDetectionEngine - Detected constructor definition has more then one argument to resolve. Redefine the rule to explicitly define the param to resolve
[main] INFO com.ibm.engine.language.java.JavaDetectionEngine - Detected constructor definition has more then one argument to resolve. Redefine the rule to explicitly define the param to resolve
[main] INFO com.ibm.engine.language.java.JavaDetectionEngine - Detected constructor definition has more then one argument to resolve. Redefine the rule to explicitly define the param to resolve
[main] INFO com.ibm.engine.language.java.JavaDetectionEngine - Detected constructor definition has more then one argument to resolve. Redefine the rule to explicitly define the param to resolve
[main] INFO com.ibm.engine.language.java.JavaDetectionEngine - Detected constructor definition has more then one argument to resolve. Redefine the rule to explicitly define the param to resolve
[main] INFO com.ibm.engine.language.java.JavaDetectionEngine - Detected constructor definition has more then one argument to resolve. Redefine the rule to explicitly define the param to resolve
[main] INFO com.ibm.engine.language.java.JavaDetectionEngine - Detected constructor definition has more then one argument to resolve. Redefine the rule to explicitly define the param to resolve
[main] INFO com.ibm.engine.language.java.JavaDetectionEngine - Detected constructor definition has more then one argument to resolve. Redefine the rule to explicitly define the param to resolve
[main] INFO com.ibm.engine.language.java.JavaDetectionEngine - Detected constructor definition has more then one argument to resolve. Redefine the rule to explicitly define the param to resolve
[main] INFO com.ibm.engine.language.java.JavaDetectionEngine - Detected constructor definition has more then one argument to resolve. Redefine the rule to explicitly define the param to resolve
[main] INFO com.ibm.engine.language.java.JavaDetectionEngine - Detected constructor definition has more then one argument to resolve. Redefine the rule to explicitly define the param to resolve
[main] INFO com.ibm.engine.language.java.JavaDetectionEngine - Detected constructor definition has more then one argument to resolve. Redefine the rule to explicitly define the param to resolve
[main] INFO com.ibm.engine.language.java.JavaDetectionEngine - Detected constructor definition has more then one argument to resolve. Redefine the rule to explicitly define the param to resolve
[main] INFO com.ibm.engine.language.java.JavaDetectionEngine - Detected constructor definition has more then one argument to resolve. Redefine the rule to explicitly define the param to resolve
[main] INFO com.ibm.engine.language.java.JavaDetectionEngine - Detected constructor definition has more then one argument to resolve. Redefine the rule to explicitly define the param to resolve
[main] INFO com.ibm.engine.language.java.JavaDetectionEngine - Detected constructor definition has more then one argument to resolve. Redefine the rule to explicitly define the param to resolve
[main] INFO com.ibm.engine.language.java.JavaDetectionEngine - Detected constructor definition has more then one argument to resolve. Redefine the rule to explicitly define the param to resolve
[main] INFO com.ibm.engine.language.java.JavaDetectionEngine - Detected constructor definition has more then one argument to resolve. Redefine the rule to explicitly define the param to resolve
[main] INFO com.ibm.engine.language.java.JavaDetectionEngine - Detected constructor definition has more then one argument to resolve. Redefine the rule to explicitly define the param to resolve
[main] INFO com.ibm.engine.language.java.JavaDetectionEngine - Detected constructor definition has more then one argument to resolve. Redefine the rule to explicitly define the param to resolve
[main] INFO com.ibm.engine.language.java.JavaDetectionEngine - Detected constructor definition has more then one argument to resolve. Redefine the rule to explicitly define the param to resolve
[main] INFO com.ibm.engine.language.java.JavaDetectionEngine - Detected constructor definition has more then one argument to resolve. Redefine the rule to explicitly define the param to resolve
[main] INFO com.ibm.engine.language.java.JavaDetectionEngine - Detected constructor definition has more then one argument to resolve. Redefine the rule to explicitly define the param to resolve
[main] INFO com.ibm.engine.language.java.JavaDetectionEngine - Detected constructor definition has more then one argument to resolve. Redefine the rule to explicitly define the param to resolve
[main] INFO com.ibm.engine.language.java.JavaDetectionEngine - Detected constructor definition has more then one argument to resolve. Redefine the rule to explicitly define the param to resolve
[main] INFO com.ibm.engine.language.java.JavaDetectionEngine - Detected constructor definition has more then one argument to resolve. Redefine the rule to explicitly define the param to resolve
[main] INFO com.ibm.engine.language.java.JavaDetectionEngine - Detected constructor definition has more then one argument to resolve. Redefine the rule to explicitly define the param to resolve
[main] INFO com.ibm.engine.language.java.JavaDetectionEngine - Detected constructor definition has more then one argument to resolve. Redefine the rule to explicitly define the param to resolve
[main] INFO com.ibm.engine.language.java.JavaDetectionEngine - Detected constructor definition has more then one argument to resolve. Redefine the rule to explicitly define the param to resolve
[main] INFO com.ibm.engine.language.java.JavaDetectionEngine - Detected constructor definition has more then one argument to resolve. Redefine the rule to explicitly define the param to resolve
[main] INFO com.ibm.engine.language.java.JavaDetectionEngine - Detected constructor definition has more then one argument to resolve. Redefine the rule to explicitly define the param to resolve
[main] INFO com.ibm.engine.language.java.JavaDetectionEngine - Detected constructor definition has more then one argument to resolve. Redefine the rule to explicitly define the param to resolve
[main] INFO com.ibm.engine.language.java.JavaDetectionEngine - Detected constructor definition has more then one argument to resolve. Redefine the rule to explicitly define the param to resolve
[main] INFO com.ibm.engine.language.java.JavaDetectionEngine - Detected constructor definition has more then one argument to resolve. Redefine the rule to explicitly define the param to resolve
[main] INFO com.ibm.engine.language.java.JavaDetectionEngine - Detected constructor definition has more then one argument to resolve. Redefine the rule to explicitly define the param to resolve
[main] INFO com.ibm.engine.language.java.JavaDetectionEngine - Detected constructor definition has more then one argument to resolve. Redefine the rule to explicitly define the param to resolve
[main] INFO com.ibm.engine.language.java.JavaDetectionEngine - Detected constructor definition has more then one argument to resolve. Redefine the rule to explicitly define the param to resolve
[main] INFO com.ibm.engine.language.java.JavaDetectionEngine - Detected constructor definition has more then one argument to resolve. Redefine the rule to explicitly define the param to resolve
[main] INFO com.ibm.engine.language.java.JavaDetectionEngine - Detected constructor definition has more then one argument to resolve. Redefine the rule to explicitly define the param to resolve
[main] INFO com.ibm.engine.language.java.JavaDetectionEngine - Detected constructor definition has more then one argument to resolve. Redefine the rule to explicitly define the param to resolve
[main] INFO com.ibm.engine.language.java.JavaDetectionEngine - Detected constructor definition has more then one argument to resolve. Redefine the rule to explicitly define the param to resolve
[main] INFO com.ibm.engine.language.java.JavaDetectionEngine - Detected constructor definition has more then one argument to resolve. Redefine the rule to explicitly define the param to resolve
[main] INFO com.ibm.engine.language.java.JavaDetectionEngine - Detected constructor definition has more then one argument to resolve. Redefine the rule to explicitly define the param to resolve
[main] INFO com.ibm.engine.language.java.JavaDetectionEngine - Detected constructor definition has more then one argument to resolve. Redefine the rule to explicitly define the param to resolve
[main] INFO com.ibm.engine.language.java.JavaDetectionEngine - Detected constructor definition has more then one argument to resolve. Redefine the rule to explicitly define the param to resolve
[main] INFO com.ibm.engine.language.java.JavaDetectionEngine - Detected constructor definition has more then one argument to resolve. Redefine the rule to explicitly define the param to resolve
[main] INFO com.ibm.engine.language.java.JavaDetectionEngine - Detected constructor definition has more then one argument to resolve. Redefine the rule to explicitly define the param to resolve
[main] INFO com.ibm.engine.language.java.JavaDetectionEngine - Detected constructor definition has more then one argument to resolve. Redefine the rule to explicitly define the param to resolve
[main] INFO com.ibm.engine.language.java.JavaDetectionEngine - Detected constructor definition has more then one argument to resolve. Redefine the rule to explicitly define the param to resolve
[main] INFO com.ibm.engine.language.java.JavaDetectionEngine - Detected constructor definition has more then one argument to resolve. Redefine the rule to explicitly define the param to resolve
[main] INFO com.ibm.engine.language.java.JavaDetectionEngine - Detected constructor definition has more then one argument to resolve. Redefine the rule to explicitly define the param to resolve
[main] INFO com.ibm.engine.language.java.JavaDetectionEngine - Detected constructor definition has more then one argument to resolve. Redefine the rule to explicitly define the param to resolve
[main] INFO com.ibm.engine.language.java.JavaDetectionEngine - Detected constructor definition has more then one argument to resolve. Redefine the rule to explicitly define the param to resolve
[main] INFO com.ibm.engine.language.java.JavaDetectionEngine - Detected constructor definition has more then one argument to resolve. Redefine the rule to explicitly define the param to resolve
[main] INFO com.ibm.engine.language.java.JavaDetectionEngine - Detected constructor definition has more then one argument to resolve. Redefine the rule to explicitly define the param to resolve
[main] INFO com.ibm.engine.language.java.JavaDetectionEngine - Detected constructor definition has more then one argument to resolve. Redefine the rule to explicitly define the param to resolve
[main] INFO com.ibm.engine.language.java.JavaDetectionEngine - Detected constructor definition has more then one argument to resolve. Redefine the rule to explicitly define the param to resolve
[main] INFO com.ibm.engine.language.java.JavaDetectionEngine - Detected constructor definition has more then one argument to resolve. Redefine the rule to explicitly define the param to resolve
[main] INFO com.ibm.engine.language.java.JavaDetectionEngine - Detected constructor definition has more then one argument to resolve. Redefine the rule to explicitly define the param to resolve
[main] INFO com.ibm.engine.language.java.JavaDetectionEngine - Detected constructor definition has more then one argument to resolve. Redefine the rule to explicitly define the param to resolve
[main] INFO com.ibm.engine.language.java.JavaDetectionEngine - Detected constructor definition has more then one argument to resolve. Redefine the rule to explicitly define the param to resolve
[main] INFO com.ibm.engine.language.java.JavaDetectionEngine - Detected constructor definition has more then one argument to resolve. Redefine the rule to explicitly define the param to resolve
[main] INFO com.ibm.engine.language.java.JavaDetectionEngine - Detected constructor definition has more then one argument to resolve. Redefine the rule to explicitly define the param to resolve
[main] INFO com.ibm.engine.language.java.JavaDetectionEngine - Detected constructor definition has more then one argument to resolve. Redefine the rule to explicitly define the param to resolve
[main] INFO com.ibm.engine.language.java.JavaDetectionEngine - Detected constructor definition has more then one argument to resolve. Redefine the rule to explicitly define the param to resolve
[main] INFO com.ibm.engine.language.java.JavaDetectionEngine - Detected constructor definition has more then one argument to resolve. Redefine the rule to explicitly define the param to resolve
[main] INFO com.ibm.engine.language.java.JavaDetectionEngine - Detected constructor definition has more then one argument to resolve. Redefine the rule to explicitly define the param to resolve
[main] INFO com.ibm.engine.language.java.JavaDetectionEngine - Detected constructor definition has more then one argument to resolve. Redefine the rule to explicitly define the param to resolve
[main] INFO com.ibm.engine.language.java.JavaDetectionEngine - Detected constructor definition has more then one argument to resolve. Redefine the rule to explicitly define the param to resolve
[main] INFO com.ibm.engine.language.java.JavaDetectionEngine - Detected constructor definition has more then one argument to resolve. Redefine the rule to explicitly define the param to resolve
[main] INFO com.ibm.engine.language.java.JavaDetectionEngine - Detected constructor definition has more then one argument to resolve. Redefine the rule to explicitly define the param to resolve
[main] INFO com.ibm.engine.language.java.JavaDetectionEngine - Detected constructor definition has more then one argument to resolve. Redefine the rule to explicitly define the param to resolve
[main] INFO com.ibm.engine.language.java.JavaDetectionEngine - Detected constructor definition has more then one argument to resolve. Redefine the rule to explicitly define the param to resolve
[main] INFO com.ibm.engine.language.java.JavaDetectionEngine - Detected constructor definition has more then one argument to resolve. Redefine the rule to explicitly define the param to resolve
[main] INFO com.ibm.engine.language.java.JavaDetectionEngine - Detected constructor definition has more then one argument to resolve. Redefine the rule to explicitly define the param to resolve
[main] INFO com.ibm.engine.language.java.JavaDetectionEngine - Detected constructor definition has more then one argument to resolve. Redefine the rule to explicitly define the param to resolve
[main] INFO com.ibm.engine.language.java.JavaDetectionEngine - Detected constructor definition has more then one argument to resolve. Redefine the rule to explicitly define the param to resolve
[main] INFO com.ibm.engine.language.java.JavaDetectionEngine - Detected constructor definition has more then one argument to resolve. Redefine the rule to explicitly define the param to resolve
[main] INFO com.ibm.engine.language.java.JavaDetectionEngine - Detected constructor definition has more then one argument to resolve. Redefine the rule to explicitly define the param to resolve
[main] INFO com.ibm.engine.language.java.JavaDetectionEngine - Detected constructor definition has more then one argument to resolve. Redefine the rule to explicitly define the param to resolve
[main] INFO com.ibm.engine.language.java.JavaDetectionEngine - Detected constructor definition has more then one argument to resolve. Redefine the rule to explicitly define the param to resolve
[main] INFO com.ibm.engine.language.java.JavaDetectionEngine - Detected constructor definition has more then one argument to resolve. Redefine the rule to explicitly define the param to resolve
[main] INFO com.ibm.engine.language.java.JavaDetectionEngine - Detected constructor definition has more then one argument to resolve. Redefine the rule to explicitly define the param to resolve
[main] INFO com.ibm.engine.language.java.JavaDetectionEngine - Detected constructor definition has more then one argument to resolve. Redefine the rule to explicitly define the param to resolve
[main] INFO com.ibm.engine.language.java.JavaDetectionEngine - Detected constructor definition has more then one argument to resolve. Redefine the rule to explicitly define the param to resolve
[main] INFO com.ibm.engine.language.java.JavaDetectionEngine - Detected constructor definition has more then one argument to resolve. Redefine the rule to explicitly define the param to resolve
[main] INFO com.ibm.engine.language.java.JavaDetectionEngine - Detected constructor definition has more then one argument to resolve. Redefine the rule to explicitly define the param to resolve
[main] INFO com.ibm.engine.language.java.JavaDetectionEngine - Detected constructor definition has more then one argument to resolve. Redefine the rule to explicitly define the param to resolve
[main] INFO com.ibm.engine.language.java.JavaDetectionEngine - Detected constructor definition has more then one argument to resolve. Redefine the rule to explicitly define the param to resolve
[main] INFO com.ibm.engine.language.java.JavaDetectionEngine - Detected constructor definition has more then one argument to resolve. Redefine the rule to explicitly define the param to resolve
[main] INFO com.ibm.engine.language.java.JavaDetectionEngine - Detected constructor definition has more then one argument to resolve. Redefine the rule to explicitly define the param to resolve
[main] INFO com.ibm.engine.language.java.JavaDetectionEngine - Detected constructor definition has more then one argument to resolve. Redefine the rule to explicitly define the param to resolve
[main] INFO com.ibm.engine.language.java.JavaDetectionEngine - Detected constructor definition has more then one argument to resolve. Redefine the rule to explicitly define the param to resolve
[main] INFO com.ibm.engine.language.java.JavaDetectionEngine - Detected constructor definition has more then one argument to resolve. Redefine the rule to explicitly define the param to resolve
[main] INFO com.ibm.engine.language.java.JavaDetectionEngine - Detected constructor definition has more then one argument to resolve. Redefine the rule to explicitly define the param to resolve
[main] INFO com.ibm.engine.language.java.JavaDetectionEngine - Detected constructor definition has more then one argument to resolve. Redefine the rule to explicitly define the param to resolve
[main] INFO com.ibm.engine.language.java.JavaDetectionEngine - Detected constructor definition has more then one argument to resolve. Redefine the rule to explicitly define the param to resolve
[main] INFO com.ibm.engine.language.java.JavaDetectionEngine - Detected constructor definition has more then one argument to resolve. Redefine the rule to explicitly define the param to resolve
[main] INFO com.ibm.engine.language.java.JavaDetectionEngine - Detected constructor definition has more then one argument to resolve. Redefine the rule to explicitly define the param to resolve
[main] INFO com.ibm.engine.language.java.JavaDetectionEngine - Detected constructor definition has more then one argument to resolve. Redefine the rule to explicitly define the param to resolve
[main] INFO com.ibm.engine.language.java.JavaDetectionEngine - Detected constructor definition has more then one argument to resolve. Redefine the rule to explicitly define the param to resolve
[main] INFO com.ibm.engine.language.java.JavaDetectionEngine - Detected constructor definition has more then one argument to resolve. Redefine the rule to explicitly define the param to resolve
[main] INFO com.ibm.engine.language.java.JavaDetectionEngine - Detected constructor definition has more then one argument to resolve. Redefine the rule to explicitly define the param to resolve
[main] INFO com.ibm.engine.language.java.JavaDetectionEngine - Detected constructor definition has more then one argument to resolve. Redefine the rule to explicitly define the param to resolve
[main] INFO com.ibm.engine.language.java.JavaDetectionEngine - Detected constructor definition has more then one argument to resolve. Redefine the rule to explicitly define the param to resolve
[main] INFO com.ibm.engine.language.java.JavaDetectionEngine - Detected constructor definition has more then one argument to resolve. Redefine the rule to explicitly define the param to resolve
[main] INFO com.ibm.engine.language.java.JavaDetectionEngine - Detected constructor definition has more then one argument to resolve. Redefine the rule to explicitly define the param to resolve
[main] INFO com.ibm.engine.language.java.JavaDetectionEngine - Detected constructor definition has more then one argument to resolve. Redefine the rule to explicitly define the param to resolve
[main] INFO com.ibm.engine.language.java.JavaDetectionEngine - Detected constructor definition has more then one argument to resolve. Redefine the rule to explicitly define the param to resolve
[main] INFO com.ibm.engine.language.java.JavaDetectionEngine - Detected constructor definition has more then one argument to resolve. Redefine the rule to explicitly define the param to resolve
[main] INFO com.ibm.engine.language.java.JavaDetectionEngine - Detected constructor definition has more then one argument to resolve. Redefine the rule to explicitly define the param to resolve
[main] INFO com.ibm.engine.language.java.JavaDetectionEngine - Detected constructor definition has more then one argument to resolve. Redefine the rule to explicitly define the param to resolve
[main] INFO com.ibm.engine.language.java.JavaDetectionEngine - Detected constructor definition has more then one argument to resolve. Redefine the rule to explicitly define the param to resolve
[main] INFO com.ibm.engine.language.java.JavaDetectionEngine - Detected constructor definition has more then one argument to resolve. Redefine the rule to explicitly define the param to resolve
[main] INFO com.ibm.engine.language.java.JavaDetectionEngine - Detected constructor definition has more then one argument to resolve. Redefine the rule to explicitly define the param to resolve
[main] INFO com.ibm.engine.language.java.JavaDetectionEngine - Detected constructor definition has more then one argument to resolve. Redefine the rule to explicitly define the param to resolve
[main] INFO com.ibm.engine.language.java.JavaDetectionEngine - Detected constructor definition has more then one argument to resolve. Redefine the rule to explicitly define the param to resolve
[main] INFO com.ibm.engine.language.java.JavaDetectionEngine - Detected constructor definition has more then one argument to resolve. Redefine the rule to explicitly define the param to resolve
[main] INFO com.ibm.engine.language.java.JavaDetectionEngine - Detected constructor definition has more then one argument to resolve. Redefine the rule to explicitly define the param to resolve
[main] INFO com.ibm.engine.language.java.JavaDetectionEngine - Detected constructor definition has more then one argument to resolve. Redefine the rule to explicitly define the param to resolve
[main] INFO com.ibm.engine.language.java.JavaDetectionEngine - Detected constructor definition has more then one argument to resolve. Redefine the rule to explicitly define the param to resolve
[main] INFO com.ibm.engine.language.java.JavaDetectionEngine - Detected constructor definition has more then one argument to resolve. Redefine the rule to explicitly define the param to resolve
[main] INFO com.ibm.engine.language.java.JavaDetectionEngine - Detected constructor definition has more then one argument to resolve. Redefine the rule to explicitly define the param to resolve
[main] INFO com.ibm.engine.language.java.JavaDetectionEngine - Detected constructor definition has more then one argument to resolve. Redefine the rule to explicitly define the param to resolve
[main] INFO com.ibm.engine.language.java.JavaDetectionEngine - Detected constructor definition has more then one argument to resolve. Redefine the rule to explicitly define the param to resolve
[main] INFO com.ibm.engine.language.java.JavaDetectionEngine - Detected constructor definition has more then one argument to resolve. Redefine the rule to explicitly define the param to resolve
[main] INFO com.ibm.engine.language.java.JavaDetectionEngine - Detected constructor definition has more then one argument to resolve. Redefine the rule to explicitly define the param to resolve
[main] INFO com.ibm.engine.language.java.JavaDetectionEngine - Detected constructor definition has more then one argument to resolve. Redefine the rule to explicitly define the param to resolve
[main] INFO com.ibm.engine.language.java.JavaDetectionEngine - Detected constructor definition has more then one argument to resolve. Redefine the rule to explicitly define the param to resolve
[main] INFO com.ibm.engine.language.java.JavaDetectionEngine - Detected constructor definition has more then one argument to resolve. Redefine the rule to explicitly define the param to resolve
[main] INFO com.ibm.engine.language.java.JavaDetectionEngine - Detected constructor definition has more then one argument to resolve. Redefine the rule to explicitly define the param to resolve
[main] INFO com.ibm.engine.language.java.JavaDetectionEngine - Detected constructor definition has more then one argument to resolve. Redefine the rule to explicitly define the param to resolve
[main] INFO com.ibm.engine.language.java.JavaDetectionEngine - Detected constructor definition has more then one argument to resolve. Redefine the rule to explicitly define the param to resolve
[main] INFO com.ibm.engine.language.java.JavaDetectionEngine - Detected constructor definition has more then one argument to resolve. Redefine the rule to explicitly define the param to resolve
[main] INFO com.ibm.engine.language.java.JavaDetectionEngine - Detected constructor definition has more then one argument to resolve. Redefine the rule to explicitly define the param to resolve
[main] INFO com.ibm.engine.language.java.JavaDetectionEngine - Detected constructor definition has more then one argument to resolve. Redefine the rule to explicitly define the param to resolve
[main] INFO com.ibm.engine.language.java.JavaDetectionEngine - Detected constructor definition has more then one argument to resolve. Redefine the rule to explicitly define the param to resolve
[main] INFO com.ibm.engine.language.java.JavaDetectionEngine - Detected constructor definition has more then one argument to resolve. Redefine the rule to explicitly define the param to resolve
[main] INFO com.ibm.engine.language.java.JavaDetectionEngine - Detected constructor definition has more then one argument to resolve. Redefine the rule to explicitly define the param to resolve
[main] INFO com.ibm.engine.language.java.JavaDetectionEngine - Detected constructor definition has more then one argument to resolve. Redefine the rule to explicitly define the param to resolve
[main] INFO com.ibm.engine.language.java.JavaDetectionEngine - Detected constructor definition has more then one argument to resolve. Redefine the rule to explicitly define the param to resolve
[main] INFO com.ibm.engine.language.java.JavaDetectionEngine - Detected constructor definition has more then one argument to resolve. Redefine the rule to explicitly define the param to resolve
[main] INFO com.ibm.engine.language.java.JavaDetectionEngine - Detected constructor definition has more then one argument to resolve. Redefine the rule to explicitly define the param to resolve
[main] INFO com.ibm.engine.language.java.JavaDetectionEngine - Detected constructor definition has more then one argument to resolve. Redefine the rule to explicitly define the param to resolve
[main] INFO com.ibm.engine.language.java.JavaDetectionEngine - Detected constructor definition has more then one argument to resolve. Redefine the rule to explicitly define the param to resolve
[main] INFO com.ibm.engine.language.java.JavaDetectionEngine - Detected constructor definition has more then one argument to resolve. Redefine the rule to explicitly define the param to resolve
[main] INFO com.ibm.engine.language.java.JavaDetectionEngine - Detected constructor definition has more then one argument to resolve. Redefine the rule to explicitly define the param to resolve
[main] INFO com.ibm.engine.language.java.JavaDetectionEngine - Detected constructor definition has more then one argument to resolve. Redefine the rule to explicitly define the param to resolve
[main] INFO com.ibm.engine.language.java.JavaDetectionEngine - Detected constructor definition has more then one argument to resolve. Redefine the rule to explicitly define the param to resolve
[main] INFO com.ibm.engine.language.java.JavaDetectionEngine - Detected constructor definition has more then one argument to resolve. Redefine the rule to explicitly define the param to resolve
[main] INFO com.ibm.engine.language.java.JavaDetectionEngine - Detected constructor definition has more then one argument to resolve. Redefine the rule to explicitly define the param to resolve
[main] INFO com.ibm.engine.language.java.JavaDetectionEngine - Detected constructor definition has more then one argument to resolve. Redefine the rule to explicitly define the param to resolve
[main] INFO com.ibm.engine.language.java.JavaDetectionEngine - Detected constructor definition has more then one argument to resolve. Redefine the rule to explicitly define the param to resolve
[main] INFO com.ibm.engine.language.java.JavaDetectionEngine - Detected constructor definition has more then one argument to resolve. Redefine the rule to explicitly define the param to resolve
[main] INFO com.ibm.engine.language.java.JavaDetectionEngine - Detected constructor definition has more then one argument to resolve. Redefine the rule to explicitly define the param to resolve
[main] INFO com.ibm.engine.language.java.JavaDetectionEngine - Detected constructor definition has more then one argument to resolve. Redefine the rule to explicitly define the param to resolve
[main] INFO com.ibm.engine.language.java.JavaDetectionEngine - Detected constructor definition has more then one argument to resolve. Redefine the rule to explicitly define the param to resolve
[main] INFO com.ibm.engine.language.java.JavaDetectionEngine - Detected constructor definition has more then one argument to resolve. Redefine the rule to explicitly define the param to resolve
[main] INFO com.ibm.engine.language.java.JavaDetectionEngine - Detected constructor definition has more then one argument to resolve. Redefine the rule to explicitly define the param to resolve
[main] INFO com.ibm.engine.language.java.JavaDetectionEngine - Detected constructor definition has more then one argument to resolve. Redefine the rule to explicitly define the param to resolve
[main] INFO com.ibm.engine.language.java.JavaDetectionEngine - Detected constructor definition has more then one argument to resolve. Redefine the rule to explicitly define the param to resolve
[main] INFO com.ibm.engine.language.java.JavaDetectionEngine - Detected constructor definition has more then one argument to resolve. Redefine the rule to explicitly define the param to resolve
[main] INFO com.ibm.engine.language.java.JavaDetectionEngine - Detected constructor definition has more then one argument to resolve. Redefine the rule to explicitly define the param to resolve
[main] INFO com.ibm.engine.language.java.JavaDetectionEngine - Detected constructor definition has more then one argument to resolve. Redefine the rule to explicitly define the param to resolve
[main] INFO com.ibm.engine.language.java.JavaDetectionEngine - Detected constructor definition has more then one argument to resolve. Redefine the rule to explicitly define the param to resolve
[main] INFO com.ibm.engine.language.java.JavaDetectionEngine - Detected constructor definition has more then one argument to resolve. Redefine the rule to explicitly define the param to resolve
[main] INFO com.ibm.engine.language.java.JavaDetectionEngine - Detected constructor definition has more then one argument to resolve. Redefine the rule to explicitly define the param to resolve
[main] INFO com.ibm.engine.language.java.JavaDetectionEngine - Detected constructor definition has more then one argument to resolve. Redefine the rule to explicitly define the param to resolve
[main] INFO com.ibm.engine.language.java.JavaDetectionEngine - Detected constructor definition has more then one argument to resolve. Redefine the rule to explicitly define the param to resolve
[main] INFO com.ibm.engine.language.java.JavaDetectionEngine - Detected constructor definition has more then one argument to resolve. Redefine the rule to explicitly define the param to resolve
[main] INFO com.ibm.engine.language.java.JavaDetectionEngine - Detected constructor definition has more then one argument to resolve. Redefine the rule to explicitly define the param to resolve
[main] INFO com.ibm.engine.language.java.JavaDetectionEngine - Detected constructor definition has more then one argument to resolve. Redefine the rule to explicitly define the param to resolve
[main] INFO com.ibm.engine.language.java.JavaDetectionEngine - Detected constructor definition has more then one argument to resolve. Redefine the rule to explicitly define the param to resolve
[main] INFO com.ibm.engine.language.java.JavaDetectionEngine - Detected constructor definition has more then one argument to resolve. Redefine the rule to explicitly define the param to resolve
[main] INFO com.ibm.engine.language.java.JavaDetectionEngine - Detected constructor definition has more then one argument to resolve. Redefine the rule to explicitly define the param to resolve
[main] INFO com.ibm.engine.language.java.JavaDetectionEngine - Detected constructor definition has more then one argument to resolve. Redefine the rule to explicitly define the param to resolve
[main] INFO com.ibm.engine.language.java.JavaDetectionEngine - Detected constructor definition has more then one argument to resolve. Redefine the rule to explicitly define the param to resolve
[main] INFO com.ibm.engine.language.java.JavaDetectionEngine - Detected constructor definition has more then one argument to resolve. Redefine the rule to explicitly define the param to resolve
[main] INFO com.ibm.engine.language.java.JavaDetectionEngine - Detected constructor definition has more then one argument to resolve. Redefine the rule to explicitly define the param to resolve
[main] INFO com.ibm.engine.language.java.JavaDetectionEngine - Detected constructor definition has more then one argument to resolve. Redefine the rule to explicitly define the param to resolve
[main] INFO com.ibm.engine.language.java.JavaDetectionEngine - Detected constructor definition has more then one argument to resolve. Redefine the rule to explicitly define the param to resolve
[main] INFO com.ibm.engine.language.java.JavaDetectionEngine - Detected constructor definition has more then one argument to resolve. Redefine the rule to explicitly define the param to resolve
[main] INFO com.ibm.engine.language.java.JavaDetectionEngine - Detected constructor definition has more then one argument to resolve. Redefine the rule to explicitly define the param to resolve
[main] INFO com.ibm.engine.language.java.JavaDetectionEngine - Detected constructor definition has more then one argument to resolve. Redefine the rule to explicitly define the param to resolve
[main] INFO com.ibm.engine.language.java.JavaDetectionEngine - Detected constructor definition has more then one argument to resolve. Redefine the rule to explicitly define the param to resolve
[main] INFO com.ibm.engine.language.java.JavaDetectionEngine - Detected constructor definition has more then one argument to resolve. Redefine the rule to explicitly define the param to resolve
[main] INFO com.ibm.engine.language.java.JavaDetectionEngine - Detected constructor definition has more then one argument to resolve. Redefine the rule to explicitly define the param to resolve
[main] INFO com.ibm.engine.language.java.JavaDetectionEngine - Detected constructor definition has more then one argument to resolve. Redefine the rule to explicitly define the param to resolve
[main] INFO com.ibm.engine.language.java.JavaDetectionEngine - Detected constructor definition has more then one argument to resolve. Redefine the rule to explicitly define the param to resolve
[main] INFO com.ibm.engine.language.java.JavaDetectionEngine - Detected constructor definition has more then one argument to resolve. Redefine the rule to explicitly define the param to resolve
[main] INFO com.ibm.engine.language.java.JavaDetectionEngine - Detected constructor definition has more then one argument to resolve. Redefine the rule to explicitly define the param to resolve
[main] INFO com.ibm.engine.language.java.JavaDetectionEngine - Detected constructor definition has more then one argument to resolve. Redefine the rule to explicitly define the param to resolve
[main] INFO com.ibm.engine.language.java.JavaDetectionEngine - Detected constructor definition has more then one argument to resolve. Redefine the rule to explicitly define the param to resolve
[main] INFO com.ibm.engine.language.java.JavaDetectionEngine - Detected constructor definition has more then one argument to resolve. Redefine the rule to explicitly define the param to resolve
[main] INFO com.ibm.engine.language.java.JavaDetectionEngine - Detected constructor definition has more then one argument to resolve. Redefine the rule to explicitly define the param to resolve
[main] INFO com.ibm.engine.language.java.JavaDetectionEngine - Detected constructor definition has more then one argument to resolve. Redefine the rule to explicitly define the param to resolve
[main] INFO com.ibm.engine.language.java.JavaDetectionEngine - Detected constructor definition has more then one argument to resolve. Redefine the rule to explicitly define the param to resolve
[main] INFO com.ibm.engine.language.java.JavaDetectionEngine - Detected constructor definition has more then one argument to resolve. Redefine the rule to explicitly define the param to resolve
[main] INFO com.ibm.engine.language.java.JavaDetectionEngine - Detected constructor definition has more then one argument to resolve. Redefine the rule to explicitly define the param to resolve
[main] INFO com.ibm.engine.language.java.JavaDetectionEngine - Detected constructor definition has more then one argument to resolve. Redefine the rule to explicitly define the param to resolve
[main] INFO com.ibm.engine.language.java.JavaDetectionEngine - Detected constructor definition has more then one argument to resolve. Redefine the rule to explicitly define the param to resolve
[main] INFO com.ibm.engine.language.java.JavaDetectionEngine - Detected constructor definition has more then one argument to resolve. Redefine the rule to explicitly define the param to resolve
[main] INFO com.ibm.engine.language.java.JavaDetectionEngine - Detected constructor definition has more then one argument to resolve. Redefine the rule to explicitly define the param to resolve
[main] INFO com.ibm.engine.language.java.JavaDetectionEngine - Detected constructor definition has more then one argument to resolve. Redefine the rule to explicitly define the param to resolve
[main] INFO com.ibm.engine.language.java.JavaDetectionEngine - Detected constructor definition has more then one argument to resolve. Redefine the rule to explicitly define the param to resolve
[main] INFO com.ibm.engine.language.java.JavaDetectionEngine - Detected constructor definition has more then one argument to resolve. Redefine the rule to explicitly define the param to resolve
[main] INFO com.ibm.engine.language.java.JavaDetectionEngine - Detected constructor definition has more then one argument to resolve. Redefine the rule to explicitly define the param to resolve
[main] INFO com.ibm.engine.language.java.JavaDetectionEngine - Detected constructor definition has more then one argument to resolve. Redefine the rule to explicitly define the param to resolve
[main] INFO com.ibm.engine.language.java.JavaDetectionEngine - Detected constructor definition has more then one argument to resolve. Redefine the rule to explicitly define the param to resolve
[main] INFO com.ibm.engine.language.java.JavaDetectionEngine - Detected constructor definition has more then one argument to resolve. Redefine the rule to explicitly define the param to resolve
[main] INFO com.ibm.engine.language.java.JavaDetectionEngine - Detected constructor definition has more then one argument to resolve. Redefine the rule to explicitly define the param to resolve
[main] INFO com.ibm.engine.language.java.JavaDetectionEngine - Detected constructor definition has more then one argument to resolve. Redefine the rule to explicitly define the param to resolve
[main] INFO com.ibm.engine.language.java.JavaDetectionEngine - Detected constructor definition has more then one argument to resolve. Redefine the rule to explicitly define the param to resolve
[main] INFO com.ibm.engine.language.java.JavaDetectionEngine - Detected constructor definition has more then one argument to resolve. Redefine the rule to explicitly define the param to resolve
[main] INFO com.ibm.engine.language.java.JavaDetectionEngine - Detected constructor definition has more then one argument to resolve. Redefine the rule to explicitly define the param to resolve
[main] INFO com.ibm.engine.language.java.JavaDetectionEngine - Detected constructor definition has more then one argument to resolve. Redefine the rule to explicitly define the param to resolve
[main] INFO com.ibm.engine.language.java.JavaDetectionEngine - Detected constructor definition has more then one argument to resolve. Redefine the rule to explicitly define the param to resolve
[main] INFO com.ibm.engine.language.java.JavaDetectionEngine - Detected constructor definition has more then one argument to resolve. Redefine the rule to explicitly define the param to resolve
[main] INFO com.ibm.engine.language.java.JavaDetectionEngine - Detected constructor definition has more then one argument to resolve. Redefine the rule to explicitly define the param to resolve
[main] INFO com.ibm.engine.language.java.JavaDetectionEngine - Detected constructor definition has more then one argument to resolve. Redefine the rule to explicitly define the param to resolve
[main] INFO com.ibm.engine.language.java.JavaDetectionEngine - Detected constructor definition has more then one argument to resolve. Redefine the rule to explicitly define the param to resolve
[main] INFO com.ibm.engine.language.java.JavaDetectionEngine - Detected constructor definition has more then one argument to resolve. Redefine the rule to explicitly define the param to resolve
[main] INFO com.ibm.engine.language.java.JavaDetectionEngine - Detected constructor definition has more then one argument to resolve. Redefine the rule to explicitly define the param to resolve
[main] INFO com.ibm.engine.language.java.JavaDetectionEngine - Detected constructor definition has more then one argument to resolve. Redefine the rule to explicitly define the param to resolve
[main] INFO com.ibm.engine.language.java.JavaDetectionEngine - Detected constructor definition has more then one argument to resolve. Redefine the rule to explicitly define the param to resolve
[main] INFO com.ibm.engine.language.java.JavaDetectionEngine - Detected constructor definition has more then one argument to resolve. Redefine the rule to explicitly define the param to resolve
[main] INFO com.ibm.engine.language.java.JavaDetectionEngine - Detected constructor definition has more then one argument to resolve. Redefine the rule to explicitly define the param to resolve
[main] INFO com.ibm.engine.language.java.JavaDetectionEngine - Detected constructor definition has more then one argument to resolve. Redefine the rule to explicitly define the param to resolve
[main] INFO com.ibm.engine.language.java.JavaDetectionEngine - Detected constructor definition has more then one argument to resolve. Redefine the rule to explicitly define the param to resolve
[main] INFO com.ibm.engine.language.java.JavaDetectionEngine - Detected constructor definition has more then one argument to resolve. Redefine the rule to explicitly define the param to resolve
[main] INFO com.ibm.engine.language.java.JavaDetectionEngine - Detected constructor definition has more then one argument to resolve. Redefine the rule to explicitly define the param to resolve
[main] INFO com.ibm.engine.language.java.JavaDetectionEngine - Detected constructor definition has more then one argument to resolve. Redefine the rule to explicitly define the param to resolve
[main] INFO com.ibm.engine.language.java.JavaDetectionEngine - Detected constructor definition has more then one argument to resolve. Redefine the rule to explicitly define the param to resolve
[main] INFO com.ibm.engine.language.java.JavaDetectionEngine - Detected constructor definition has more then one argument to resolve. Redefine the rule to explicitly define the param to resolve
[main] INFO com.ibm.engine.language.java.JavaDetectionEngine - Detected constructor definition has more then one argument to resolve. Redefine the rule to explicitly define the param to resolve
[main] INFO com.ibm.engine.language.java.JavaDetectionEngine - Detected constructor definition has more then one argument to resolve. Redefine the rule to explicitly define the param to resolve
[main] INFO com.ibm.engine.language.java.JavaDetectionEngine - Detected constructor definition has more then one argument to resolve. Redefine the rule to explicitly define the param to resolve
[main] INFO com.ibm.engine.language.java.JavaDetectionEngine - Detected constructor definition has more then one argument to resolve. Redefine the rule to explicitly define the param to resolve
[main] INFO com.ibm.engine.language.java.JavaDetectionEngine - Detected constructor definition has more then one argument to resolve. Redefine the rule to explicitly define the param to resolve
[main] INFO com.ibm.engine.language.java.JavaDetectionEngine - Detected constructor definition has more then one argument to resolve. Redefine the rule to explicitly define the param to resolve
[main] INFO com.ibm.engine.language.java.JavaDetectionEngine - Detected constructor definition has more then one argument to resolve. Redefine the rule to explicitly define the param to resolve
[main] INFO com.ibm.engine.language.java.JavaDetectionEngine - Detected constructor definition has more then one argument to resolve. Redefine the rule to explicitly define the param to resolve
[main] INFO com.ibm.engine.language.java.JavaDetectionEngine - Detected constructor definition has more then one argument to resolve. Redefine the rule to explicitly define the param to resolve
[main] INFO com.ibm.engine.language.java.JavaDetectionEngine - Detected constructor definition has more then one argument to resolve. Redefine the rule to explicitly define the param to resolve
[main] INFO com.ibm.engine.language.java.JavaDetectionEngine - Detected constructor definition has more then one argument to resolve. Redefine the rule to explicitly define the param to resolve
[main] INFO com.ibm.engine.language.java.JavaDetectionEngine - Detected constructor definition has more then one argument to resolve. Redefine the rule to explicitly define the param to resolve
[main] INFO com.ibm.engine.language.java.JavaDetectionEngine - Detected constructor definition has more then one argument to resolve. Redefine the rule to explicitly define the param to resolve
[main] INFO com.ibm.engine.language.java.JavaDetectionEngine - Detected constructor definition has more then one argument to resolve. Redefine the rule to explicitly define the param to resolve
[main] INFO com.ibm.engine.language.java.JavaDetectionEngine - Detected constructor definition has more then one argument to resolve. Redefine the rule to explicitly define the param to resolve
[main] INFO com.ibm.engine.language.java.JavaDetectionEngine - Detected constructor definition has more then one argument to resolve. Redefine the rule to explicitly define the param to resolve
[main] INFO com.ibm.engine.language.java.JavaDetectionEngine - Detected constructor definition has more then one argument to resolve. Redefine the rule to explicitly define the param to resolve
[main] INFO com.ibm.engine.language.java.JavaDetectionEngine - Detected constructor definition has more then one argument to resolve. Redefine the rule to explicitly define the param to resolve
[main] INFO com.ibm.engine.language.java.JavaDetectionEngine - Detected constructor definition has more then one argument to resolve. Redefine the rule to explicitly define the param to resolve
[main] INFO com.ibm.engine.language.java.JavaDetectionEngine - Detected constructor definition has more then one argument to resolve. Redefine the rule to explicitly define the param to resolve
[main] INFO com.ibm.engine.language.java.JavaDetectionEngine - Detected constructor definition has more then one argument to resolve. Redefine the rule to explicitly define the param to resolve
[main] INFO com.ibm.engine.language.java.JavaDetectionEngine - Detected constructor definition has more then one argument to resolve. Redefine the rule to explicitly define the param to resolve
[main] INFO com.ibm.engine.language.java.JavaDetectionEngine - Detected constructor definition has more then one argument to resolve. Redefine the rule to explicitly define the param to resolve
[main] INFO com.ibm.engine.language.java.JavaDetectionEngine - Detected constructor definition has more then one argument to resolve. Redefine the rule to explicitly define the param to resolve
[main] INFO com.ibm.engine.language.java.JavaDetectionEngine - Detected constructor definition has more then one argument to resolve. Redefine the rule to explicitly define the param to resolve
[main] INFO com.ibm.engine.language.java.JavaDetectionEngine - Detected constructor definition has more then one argument to resolve. Redefine the rule to explicitly define the param to resolve
[main] INFO com.ibm.engine.language.java.JavaDetectionEngine - Detected constructor definition has more then one argument to resolve. Redefine the rule to explicitly define the param to resolve
[main] INFO com.ibm.engine.language.java.JavaDetectionEngine - Detected constructor definition has more then one argument to resolve. Redefine the rule to explicitly define the param to resolve
[main] INFO com.ibm.engine.language.java.JavaDetectionEngine - Detected constructor definition has more then one argument to resolve. Redefine the rule to explicitly define the param to resolve
[main] INFO com.ibm.engine.language.java.JavaDetectionEngine - Detected constructor definition has more then one argument to resolve. Redefine the rule to explicitly define the param to resolve
[main] INFO com.ibm.engine.language.java.JavaDetectionEngine - Detected constructor definition has more then one argument to resolve. Redefine the rule to explicitly define the param to resolve
[main] INFO com.ibm.engine.language.java.JavaDetectionEngine - Detected constructor definition has more then one argument to resolve. Redefine the rule to explicitly define the param to resolve
[main] INFO com.ibm.engine.language.java.JavaDetectionEngine - Detected constructor definition has more then one argument to resolve. Redefine the rule to explicitly define the param to resolve
[main] INFO com.ibm.engine.language.java.JavaDetectionEngine - Detected constructor definition has more then one argument to resolve. Redefine the rule to explicitly define the param to resolve
[main] INFO com.ibm.engine.language.java.JavaDetectionEngine - Detected constructor definition has more then one argument to resolve. Redefine the rule to explicitly define the param to resolve
[main] INFO com.ibm.engine.language.java.JavaDetectionEngine - Detected constructor definition has more then one argument to resolve. Redefine the rule to explicitly define the param to resolve
[main] INFO com.ibm.engine.language.java.JavaDetectionEngine - Detected constructor definition has more then one argument to resolve. Redefine the rule to explicitly define the param to resolve
[main] INFO com.ibm.engine.language.java.JavaDetectionEngine - Detected constructor definition has more then one argument to resolve. Redefine the rule to explicitly define the param to resolve
[main] INFO com.ibm.engine.language.java.JavaDetectionEngine - Detected constructor definition has more then one argument to resolve. Redefine the rule to explicitly define the param to resolve
[main] INFO com.ibm.engine.language.java.JavaDetectionEngine - Detected constructor definition has more then one argument to resolve. Redefine the rule to explicitly define the param to resolve
[main] INFO com.ibm.engine.language.java.JavaDetectionEngine - Detected constructor definition has more then one argument to resolve. Redefine the rule to explicitly define the param to resolve
[main] INFO com.ibm.engine.language.java.JavaDetectionEngine - Detected constructor definition has more then one argument to resolve. Redefine the rule to explicitly define the param to resolve
[main] INFO com.ibm.engine.language.java.JavaDetectionEngine - Detected constructor definition has more then one argument to resolve. Redefine the rule to explicitly define the param to resolve
[main] INFO com.ibm.engine.language.java.JavaDetectionEngine - Detected constructor definition has more then one argument to resolve. Redefine the rule to explicitly define the param to resolve
[main] INFO com.ibm.engine.language.java.JavaDetectionEngine - Detected constructor definition has more then one argument to resolve. Redefine the rule to explicitly define the param to resolve
[main] INFO com.ibm.engine.language.java.JavaDetectionEngine - Detected constructor definition has more then one argument to resolve. Redefine the rule to explicitly define the param to resolve
[main] INFO com.ibm.engine.language.java.JavaDetectionEngine - Detected constructor definition has more then one argument to resolve. Redefine the rule to explicitly define the param to resolve
[main] INFO com.ibm.engine.language.java.JavaDetectionEngine - Detected constructor definition has more then one argument to resolve. Redefine the rule to explicitly define the param to resolve
[main] INFO com.ibm.engine.language.java.JavaDetectionEngine - Detected constructor definition has more then one argument to resolve. Redefine the rule to explicitly define the param to resolve
[main] INFO com.ibm.engine.language.java.JavaDetectionEngine - Detected constructor definition has more then one argument to resolve. Redefine the rule to explicitly define the param to resolve
[main] INFO com.ibm.engine.language.java.JavaDetectionEngine - Detected constructor definition has more then one argument to resolve. Redefine the rule to explicitly define the param to resolve
[main] INFO com.ibm.engine.language.java.JavaDetectionEngine - Detected constructor definition has more then one argument to resolve. Redefine the rule to explicitly define the param to resolve
[main] INFO com.ibm.engine.language.java.JavaDetectionEngine - Detected constructor definition has more then one argument to resolve. Redefine the rule to explicitly define the param to resolve
[main] INFO com.ibm.engine.language.java.JavaDetectionEngine - Detected constructor definition has more then one argument to resolve. Redefine the rule to explicitly define the param to resolve
[main] INFO com.ibm.engine.language.java.JavaDetectionEngine - Detected constructor definition has more then one argument to resolve. Redefine the rule to explicitly define the param to resolve
[main] INFO com.ibm.engine.language.java.JavaDetectionEngine - Detected constructor definition has more then one argument to resolve. Redefine the rule to explicitly define the param to resolve
[main] INFO com.ibm.engine.language.java.JavaDetectionEngine - Detected constructor definition has more then one argument to resolve. Redefine the rule to explicitly define the param to resolve
[main] INFO com.ibm.engine.language.java.JavaDetectionEngine - Detected constructor definition has more then one argument to resolve. Redefine the rule to explicitly define the param to resolve
[main] INFO com.ibm.engine.language.java.JavaDetectionEngine - Detected constructor definition has more then one argument to resolve. Redefine the rule to explicitly define the param to resolve
[main] INFO com.ibm.engine.language.java.JavaDetectionEngine - Detected constructor definition has more then one argument to resolve. Redefine the rule to explicitly define the param to resolve
[main] INFO com.ibm.engine.language.java.JavaDetectionEngine - Detected constructor definition has more then one argument to resolve. Redefine the rule to explicitly define the param to resolve
[main] INFO com.ibm.engine.language.java.JavaDetectionEngine - Detected constructor definition has more then one argument to resolve. Redefine the rule to explicitly define the param to resolve
[main] INFO com.ibm.engine.language.java.JavaDetectionEngine - Detected constructor definition has more then one argument to resolve. Redefine the rule to explicitly define the param to resolve
[main] INFO com.ibm.engine.language.java.JavaDetectionEngine - Detected constructor definition has more then one argument to resolve. Redefine the rule to explicitly define the param to resolve
[main] INFO com.ibm.engine.language.java.JavaDetectionEngine - Detected constructor definition has more then one argument to resolve. Redefine the rule to explicitly define the param to resolve
[main] INFO com.ibm.engine.language.java.JavaDetectionEngine - Detected constructor definition has more then one argument to resolve. Redefine the rule to explicitly define the param to resolve
[main] INFO com.ibm.engine.language.java.JavaDetectionEngine - Detected constructor definition has more then one argument to resolve. Redefine the rule to explicitly define the param to resolve
[main] INFO com.ibm.engine.language.java.JavaDetectionEngine - Detected constructor definition has more then one argument to resolve. Redefine the rule to explicitly define the param to resolve
[main] INFO com.ibm.engine.language.java.JavaDetectionEngine - Detected constructor definition has more then one argument to resolve. Redefine the rule to explicitly define the param to resolve
[main] INFO com.ibm.engine.language.java.JavaDetectionEngine - Detected constructor definition has more then one argument to resolve. Redefine the rule to explicitly define the param to resolve
[main] INFO com.ibm.engine.language.java.JavaDetectionEngine - Detected constructor definition has more then one argument to resolve. Redefine the rule to explicitly define the param to resolve
[main] INFO com.ibm.engine.language.java.JavaDetectionEngine - Detected constructor definition has more then one argument to resolve. Redefine the rule to explicitly define the param to resolve
[main] INFO com.ibm.engine.language.java.JavaDetectionEngine - Detected constructor definition has more then one argument to resolve. Redefine the rule to explicitly define the param to resolve
[main] INFO com.ibm.engine.language.java.JavaDetectionEngine - Detected constructor definition has more then one argument to resolve. Redefine the rule to explicitly define the param to resolve
[main] INFO com.ibm.engine.language.java.JavaDetectionEngine - Detected constructor definition has more then one argument to resolve. Redefine the rule to explicitly define the param to resolve
[main] INFO com.ibm.engine.language.java.JavaDetectionEngine - Detected constructor definition has more then one argument to resolve. Redefine the rule to explicitly define the param to resolve
[main] INFO com.ibm.engine.language.java.JavaDetectionEngine - Detected constructor definition has more then one argument to resolve. Redefine the rule to explicitly define the param to resolve
[main] INFO com.ibm.engine.language.java.JavaDetectionEngine - Detected constructor definition has more then one argument to resolve. Redefine the rule to explicitly define the param to resolve
[main] INFO com.ibm.engine.language.java.JavaDetectionEngine - Detected constructor definition has more then one argument to resolve. Redefine the rule to explicitly define the param to resolve
[main] INFO com.ibm.engine.language.java.JavaDetectionEngine - Detected constructor definition has more then one argument to resolve. Redefine the rule to explicitly define the param to resolve
[main] INFO com.ibm.engine.language.java.JavaDetectionEngine - Detected constructor definition has more then one argument to resolve. Redefine the rule to explicitly define the param to resolve
[main] INFO com.ibm.engine.language.java.JavaDetectionEngine - Detected constructor definition has more then one argument to resolve. Redefine the rule to explicitly define the param to resolve
[main] INFO com.ibm.engine.language.java.JavaDetectionEngine - Detected constructor definition has more then one argument to resolve. Redefine the rule to explicitly define the param to resolve
[main] INFO com.ibm.engine.language.java.JavaDetectionEngine - Detected constructor definition has more then one argument to resolve. Redefine the rule to explicitly define the param to resolve
[main] INFO com.ibm.engine.language.java.JavaDetectionEngine - Detected constructor definition has more then one argument to resolve. Redefine the rule to explicitly define the param to resolve
[main] INFO com.ibm.engine.language.java.JavaDetectionEngine - Detected constructor definition has more then one argument to resolve. Redefine the rule to explicitly define the param to resolve
[main] INFO com.ibm.engine.language.java.JavaDetectionEngine - Detected constructor definition has more then one argument to resolve. Redefine the rule to explicitly define the param to resolve
[main] INFO com.ibm.engine.language.java.JavaDetectionEngine - Detected constructor definition has more then one argument to resolve. Redefine the rule to explicitly define the param to resolve
[main] INFO com.ibm.engine.language.java.JavaDetectionEngine - Detected constructor definition has more then one argument to resolve. Redefine the rule to explicitly define the param to resolve
[main] INFO com.ibm.engine.language.java.JavaDetectionEngine - Detected constructor definition has more then one argument to resolve. Redefine the rule to explicitly define the param to resolve
[main] INFO com.ibm.engine.language.java.JavaDetectionEngine - Detected constructor definition has more then one argument to resolve. Redefine the rule to explicitly define the param to resolve
[main] INFO com.ibm.engine.language.java.JavaDetectionEngine - Detected constructor definition has more then one argument to resolve. Redefine the rule to explicitly define the param to resolve
[main] INFO com.ibm.engine.language.java.JavaDetectionEngine - Detected constructor definition has more then one argument to resolve. Redefine the rule to explicitly define the param to resolve
[main] INFO com.ibm.engine.language.java.JavaDetectionEngine - Detected constructor definition has more then one argument to resolve. Redefine the rule to explicitly define the param to resolve
[main] INFO com.ibm.engine.language.java.JavaDetectionEngine - Detected constructor definition has more then one argument to resolve. Redefine the rule to explicitly define the param to resolve
[main] INFO com.ibm.engine.language.java.JavaDetectionEngine - Detected constructor definition has more then one argument to resolve. Redefine the rule to explicitly define the param to resolve
[main] INFO com.ibm.engine.language.java.JavaDetectionEngine - Detected constructor definition has more then one argument to resolve. Redefine the rule to explicitly define the param to resolve
[main] INFO com.ibm.engine.language.java.JavaDetectionEngine - Detected constructor definition has more then one argument to resolve. Redefine the rule to explicitly define the param to resolve
[main] INFO com.ibm.engine.language.java.JavaDetectionEngine - Detected constructor definition has more then one argument to resolve. Redefine the rule to explicitly define the param to resolve
[main] INFO com.ibm.engine.language.java.JavaDetectionEngine - Detected constructor definition has more then one argument to resolve. Redefine the rule to explicitly define the param to resolve
[main] INFO com.ibm.engine.language.java.JavaDetectionEngine - Detected constructor definition has more then one argument to resolve. Redefine the rule to explicitly define the param to resolve
[main] INFO com.ibm.engine.language.java.JavaDetectionEngine - Detected constructor definition has more then one argument to resolve. Redefine the rule to explicitly define the param to resolve
[main] INFO com.ibm.engine.language.java.JavaDetectionEngine - Detected constructor definition has more then one argument to resolve. Redefine the rule to explicitly define the param to resolve
[main] INFO com.ibm.engine.language.java.JavaDetectionEngine - Detected constructor definition has more then one argument to resolve. Redefine the rule to explicitly define the param to resolve
[main] INFO com.ibm.engine.language.java.JavaDetectionEngine - Detected constructor definition has more then one argument to resolve. Redefine the rule to explicitly define the param to resolve
[main] INFO com.ibm.engine.language.java.JavaDetectionEngine - Detected constructor definition has more then one argument to resolve. Redefine the rule to explicitly define the param to resolve
[main] INFO com.ibm.engine.language.java.JavaDetectionEngine - Detected constructor definition has more then one argument to resolve. Redefine the rule to explicitly define the param to resolve
[main] INFO com.ibm.engine.language.java.JavaDetectionEngine - Detected constructor definition has more then one argument to resolve. Redefine the rule to explicitly define the param to resolve
[main] INFO com.ibm.engine.language.java.JavaDetectionEngine - Detected constructor definition has more then one argument to resolve. Redefine the rule to explicitly define the param to resolve
[main] INFO com.ibm.engine.language.java.JavaDetectionEngine - Detected constructor definition has more then one argument to resolve. Redefine the rule to explicitly define the param to resolve
[main] INFO com.ibm.engine.language.java.JavaDetectionEngine - Detected constructor definition has more then one argument to resolve. Redefine the rule to explicitly define the param to resolve
[main] INFO com.ibm.engine.language.java.JavaDetectionEngine - Detected constructor definition has more then one argument to resolve. Redefine the rule to explicitly define the param to resolve
[main] INFO com.ibm.engine.language.java.JavaDetectionEngine - Detected constructor definition has more then one argument to resolve. Redefine the rule to explicitly define the param to resolve
[main] INFO com.ibm.engine.language.java.JavaDetectionEngine - Detected constructor definition has more then one argument to resolve. Redefine the rule to explicitly define the param to resolve
[main] INFO com.ibm.engine.language.java.JavaDetectionEngine - Detected constructor definition has more then one argument to resolve. Redefine the rule to explicitly define the param to resolve
[main] INFO com.ibm.engine.language.java.JavaDetectionEngine - Detected constructor definition has more then one argument to resolve. Redefine the rule to explicitly define the param to resolve
[main] INFO com.ibm.engine.language.java.JavaDetectionEngine - Detected constructor definition has more then one argument to resolve. Redefine the rule to explicitly define the param to resolve
[main] INFO com.ibm.engine.language.java.JavaDetectionEngine - Detected constructor definition has more then one argument to resolve. Redefine the rule to explicitly define the param to resolve
[main] INFO com.ibm.engine.language.java.JavaDetectionEngine - Detected constructor definition has more then one argument to resolve. Redefine the rule to explicitly define the param to resolve
[main] INFO com.ibm.engine.language.java.JavaDetectionEngine - Detected constructor definition has more then one argument to resolve. Redefine the rule to explicitly define the param to resolve
[main] INFO com.ibm.engine.language.java.JavaDetectionEngine - Detected constructor definition has more then one argument to resolve. Redefine the rule to explicitly define the param to resolve
[main] INFO com.ibm.engine.language.java.JavaDetectionEngine - Detected constructor definition has more then one argument to resolve. Redefine the rule to explicitly define the param to resolve
[main] INFO com.ibm.engine.language.java.JavaDetectionEngine - Detected constructor definition has more then one argument to resolve. Redefine the rule to explicitly define the param to resolve
[main] INFO com.ibm.engine.language.java.JavaDetectionEngine - Detected constructor definition has more then one argument to resolve. Redefine the rule to explicitly define the param to resolve
[main] INFO com.ibm.engine.language.java.JavaDetectionEngine - Detected constructor definition has more then one argument to resolve. Redefine the rule to explicitly define the param to resolve
[main] INFO com.ibm.engine.language.java.JavaDetectionEngine - Detected constructor definition has more then one argument to resolve. Redefine the rule to explicitly define the param to resolve
[main] INFO com.ibm.engine.language.java.JavaDetectionEngine - Detected constructor definition has more then one argument to resolve. Redefine the rule to explicitly define the param to resolve
[main] INFO com.ibm.engine.language.java.JavaDetectionEngine - Detected constructor definition has more then one argument to resolve. Redefine the rule to explicitly define the param to resolve
[main] INFO com.ibm.engine.language.java.JavaDetectionEngine - Detected constructor definition has more then one argument to resolve. Redefine the rule to explicitly define the param to resolve
[main] INFO com.ibm.engine.language.java.JavaDetectionEngine - Detected constructor definition has more then one argument to resolve. Redefine the rule to explicitly define the param to resolve
[main] INFO com.ibm.engine.language.java.JavaDetectionEngine - Detected constructor definition has more then one argument to resolve. Redefine the rule to explicitly define the param to resolve
[main] INFO com.ibm.engine.language.java.JavaDetectionEngine - Detected constructor definition has more then one argument to resolve. Redefine the rule to explicitly define the param to resolve
[main] INFO com.ibm.engine.language.java.JavaDetectionEngine - Detected constructor definition has more then one argument to resolve. Redefine the rule to explicitly define the param to resolve
[main] INFO com.ibm.engine.language.java.JavaDetectionEngine - Detected constructor definition has more then one argument to resolve. Redefine the rule to explicitly define the param to resolve
[main] INFO com.ibm.engine.language.java.JavaDetectionEngine - Detected constructor definition has more then one argument to resolve. Redefine the rule to explicitly define the param to resolve
[main] INFO com.ibm.engine.language.java.JavaDetectionEngine - Detected constructor definition has more then one argument to resolve. Redefine the rule to explicitly define the param to resolve
[main] INFO com.ibm.engine.language.java.JavaDetectionEngine - Detected constructor definition has more then one argument to resolve. Redefine the rule to explicitly define the param to resolve
[main] INFO com.ibm.engine.language.java.JavaDetectionEngine - Detected constructor definition has more then one argument to resolve. Redefine the rule to explicitly define the param to resolve
[main] INFO com.ibm.engine.language.java.JavaDetectionEngine - Detected constructor definition has more then one argument to resolve. Redefine the rule to explicitly define the param to resolve
[main] INFO com.ibm.engine.language.java.JavaDetectionEngine - Detected constructor definition has more then one argument to resolve. Redefine the rule to explicitly define the param to resolve
[main] INFO com.ibm.engine.language.java.JavaDetectionEngine - Detected constructor definition has more then one argument to resolve. Redefine the rule to explicitly define the param to resolve
[main] INFO com.ibm.engine.language.java.JavaDetectionEngine - Detected constructor definition has more then one argument to resolve. Redefine the rule to explicitly define the param to resolve
[main] INFO com.ibm.engine.language.java.JavaDetectionEngine - Detected constructor definition has more then one argument to resolve. Redefine the rule to explicitly define the param to resolve
[main] INFO com.ibm.engine.language.java.JavaDetectionEngine - Detected constructor definition has more then one argument to resolve. Redefine the rule to explicitly define the param to resolve
[main] INFO com.ibm.engine.language.java.JavaDetectionEngine - Detected constructor definition has more then one argument to resolve. Redefine the rule to explicitly define the param to resolve
[main] INFO com.ibm.engine.language.java.JavaDetectionEngine - Detected constructor definition has more then one argument to resolve. Redefine the rule to explicitly define the param to resolve
[main] INFO com.ibm.engine.language.java.JavaDetectionEngine - Detected constructor definition has more then one argument to resolve. Redefine the rule to explicitly define the param to resolve
[main] INFO com.ibm.engine.language.java.JavaDetectionEngine - Detected constructor definition has more then one argument to resolve. Redefine the rule to explicitly define the param to resolve
[main] INFO com.ibm.engine.language.java.JavaDetectionEngine - Detected constructor definition has more then one argument to resolve. Redefine the rule to explicitly define the param to resolve
[main] INFO com.ibm.engine.language.java.JavaDetectionEngine - Detected constructor definition has more then one argument to resolve. Redefine the rule to explicitly define the param to resolve
[main] INFO com.ibm.engine.language.java.JavaDetectionEngine - Detected constructor definition has more then one argument to resolve. Redefine the rule to explicitly define the param to resolve
[main] INFO com.ibm.engine.language.java.JavaDetectionEngine - Detected constructor definition has more then one argument to resolve. Redefine the rule to explicitly define the param to resolve
[main] INFO com.ibm.engine.language.java.JavaDetectionEngine - Detected constructor definition has more then one argument to resolve. Redefine the rule to explicitly define the param to resolve
[main] INFO com.ibm.engine.language.java.JavaDetectionEngine - Detected constructor definition has more then one argument to resolve. Redefine the rule to explicitly define the param to resolve
[main] INFO com.ibm.engine.language.java.JavaDetectionEngine - Detected constructor definition has more then one argument to resolve. Redefine the rule to explicitly define the param to resolve
[main] INFO com.ibm.engine.language.java.JavaDetectionEngine - Detected constructor definition has more then one argument to resolve. Redefine the rule to explicitly define the param to resolve
[main] INFO com.ibm.engine.language.java.JavaDetectionEngine - Detected constructor definition has more then one argument to resolve. Redefine the rule to explicitly define the param to resolve
[main] INFO com.ibm.engine.language.java.JavaDetectionEngine - Detected constructor definition has more then one argument to resolve. Redefine the rule to explicitly define the param to resolve
[main] INFO com.ibm.engine.language.java.JavaDetectionEngine - Detected constructor definition has more then one argument to resolve. Redefine the rule to explicitly define the param to resolve
[main] INFO com.ibm.engine.language.java.JavaDetectionEngine - Detected constructor definition has more then one argument to resolve. Redefine the rule to explicitly define the param to resolve
[main] INFO com.ibm.engine.language.java.JavaDetectionEngine - Detected constructor definition has more then one argument to resolve. Redefine the rule to explicitly define the param to resolve
[main] INFO com.ibm.engine.language.java.JavaDetectionEngine - Detected constructor definition has more then one argument to resolve. Redefine the rule to explicitly define the param to resolve
[main] INFO com.ibm.engine.language.java.JavaDetectionEngine - Detected constructor definition has more then one argument to resolve. Redefine the rule to explicitly define the param to resolve
[main] INFO com.ibm.engine.language.java.JavaDetectionEngine - Detected constructor definition has more then one argument to resolve. Redefine the rule to explicitly define the param to resolve
[main] INFO com.ibm.engine.language.java.JavaDetectionEngine - Detected constructor definition has more then one argument to resolve. Redefine the rule to explicitly define the param to resolve
[main] INFO com.ibm.engine.language.java.JavaDetectionEngine - Detected constructor definition has more then one argument to resolve. Redefine the rule to explicitly define the param to resolve
[main] INFO com.ibm.engine.language.java.JavaDetectionEngine - Detected constructor definition has more then one argument to resolve. Redefine the rule to explicitly define the param to resolve
[main] INFO com.ibm.engine.language.java.JavaDetectionEngine - Detected constructor definition has more then one argument to resolve. Redefine the rule to explicitly define the param to resolve
[main] INFO com.ibm.engine.language.java.JavaDetectionEngine - Detected constructor definition has more then one argument to resolve. Redefine the rule to explicitly define the param to resolve
[main] INFO com.ibm.engine.language.java.JavaDetectionEngine - Detected constructor definition has more then one argument to resolve. Redefine the rule to explicitly define the param to resolve
[main] INFO com.ibm.engine.language.java.JavaDetectionEngine - Detected constructor definition has more then one argument to resolve. Redefine the rule to explicitly define the param to resolve
[main] INFO com.ibm.engine.language.java.JavaDetectionEngine - Detected constructor definition has more then one argument to resolve. Redefine the rule to explicitly define the param to resolve
[main] INFO com.ibm.engine.language.java.JavaDetectionEngine - Detected constructor definition has more then one argument to resolve. Redefine the rule to explicitly define the param to resolve
[main] INFO com.ibm.engine.language.java.JavaDetectionEngine - Detected constructor definition has more then one argument to resolve. Redefine the rule to explicitly define the param to resolve
[main] INFO com.ibm.engine.language.java.JavaDetectionEngine - Detected constructor definition has more then one argument to resolve. Redefine the rule to explicitly define the param to resolve
[main] INFO com.ibm.engine.language.java.JavaDetectionEngine - Detected constructor definition has more then one argument to resolve. Redefine the rule to explicitly define the param to resolve
[main] INFO com.ibm.engine.language.java.JavaDetectionEngine - Detected constructor definition has more then one argument to resolve. Redefine the rule to explicitly define the param to resolve
[main] INFO com.ibm.engine.language.java.JavaDetectionEngine - Detected constructor definition has more then one argument to resolve. Redefine the rule to explicitly define the param to resolve
[main] INFO com.ibm.engine.language.java.JavaDetectionEngine - Detected constructor definition has more then one argument to resolve. Redefine the rule to explicitly define the param to resolve
[main] INFO com.ibm.engine.language.java.JavaDetectionEngine - Detected constructor definition has more then one argument to resolve. Redefine the rule to explicitly define the param to resolve
[main] INFO com.ibm.engine.language.java.JavaDetectionEngine - Detected constructor definition has more then one argument to resolve. Redefine the rule to explicitly define the param to resolve
[main] INFO com.ibm.engine.language.java.JavaDetectionEngine - Detected constructor definition has more then one argument to resolve. Redefine the rule to explicitly define the param to resolve
[main] INFO com.ibm.engine.language.java.JavaDetectionEngine - Detected constructor definition has more then one argument to resolve. Redefine the rule to explicitly define the param to resolve
[main] INFO com.ibm.engine.language.java.JavaDetectionEngine - Detected constructor definition has more then one argument to resolve. Redefine the rule to explicitly define the param to resolve
[main] INFO com.ibm.engine.language.java.JavaDetectionEngine - Detected constructor definition has more then one argument to resolve. Redefine the rule to explicitly define the param to resolve
[main] INFO com.ibm.engine.language.java.JavaDetectionEngine - Detected constructor definition has more then one argument to resolve. Redefine the rule to explicitly define the param to resolve
[main] INFO com.ibm.engine.language.java.JavaDetectionEngine - Detected constructor definition has more then one argument to resolve. Redefine the rule to explicitly define the param to resolve
[main] INFO com.ibm.engine.language.java.JavaDetectionEngine - Detected constructor definition has more then one argument to resolve. Redefine the rule to explicitly define the param to resolve
[main] INFO com.ibm.engine.language.java.JavaDetectionEngine - Detected constructor definition has more then one argument to resolve. Redefine the rule to explicitly define the param to resolve
[main] INFO com.ibm.engine.language.java.JavaDetectionEngine - Detected constructor definition has more then one argument to resolve. Redefine the rule to explicitly define the param to resolve
[main] INFO com.ibm.engine.language.java.JavaDetectionEngine - Detected constructor definition has more then one argument to resolve. Redefine the rule to explicitly define the param to resolve
[main] INFO com.ibm.engine.language.java.JavaDetectionEngine - Detected constructor definition has more then one argument to resolve. Redefine the rule to explicitly define the param to resolve
[main] INFO com.ibm.engine.language.java.JavaDetectionEngine - Detected constructor definition has more then one argument to resolve. Redefine the rule to explicitly define the param to resolve
[main] INFO com.ibm.engine.language.java.JavaDetectionEngine - Detected constructor definition has more then one argument to resolve. Redefine the rule to explicitly define the param to resolve
[main] INFO com.ibm.engine.language.java.JavaDetectionEngine - Detected constructor definition has more then one argument to resolve. Redefine the rule to explicitly define the param to resolve
[main] INFO com.ibm.engine.language.java.JavaDetectionEngine - Detected constructor definition has more then one argument to resolve. Redefine the rule to explicitly define the param to resolve
[main] INFO com.ibm.engine.language.java.JavaDetectionEngine - Detected constructor definition has more then one argument to resolve. Redefine the rule to explicitly define the param to resolve
[main] INFO com.ibm.engine.language.java.JavaDetectionEngine - Detected constructor definition has more then one argument to resolve. Redefine the rule to explicitly define the param to resolve
[main] INFO com.ibm.engine.language.java.JavaDetectionEngine - Detected constructor definition has more then one argument to resolve. Redefine the rule to explicitly define the param to resolve
[main] INFO com.ibm.engine.language.java.JavaDetectionEngine - Detected constructor definition has more then one argument to resolve. Redefine the rule to explicitly define the param to resolve
[main] INFO com.ibm.engine.language.java.JavaDetectionEngine - Detected constructor definition has more then one argument to resolve. Redefine the rule to explicitly define the param to resolve
[main] INFO com.ibm.engine.language.java.JavaDetectionEngine - Detected constructor definition has more then one argument to resolve. Redefine the rule to explicitly define the param to resolve
[main] INFO com.ibm.engine.language.java.JavaDetectionEngine - Detected constructor definition has more then one argument to resolve. Redefine the rule to explicitly define the param to resolve
[main] INFO com.ibm.engine.language.java.JavaDetectionEngine - Detected constructor definition has more then one argument to resolve. Redefine the rule to explicitly define the param to resolve
[main] INFO com.ibm.engine.language.java.JavaDetectionEngine - Detected constructor definition has more then one argument to resolve. Redefine the rule to explicitly define the param to resolve
[main] INFO com.ibm.engine.language.java.JavaDetectionEngine - Detected constructor definition has more then one argument to resolve. Redefine the rule to explicitly define the param to resolve
[main] INFO com.ibm.engine.language.java.JavaDetectionEngine - Detected constructor definition has more then one argument to resolve. Redefine the rule to explicitly define the param to resolve
[main] INFO com.ibm.engine.language.java.JavaDetectionEngine - Detected constructor definition has more then one argument to resolve. Redefine the rule to explicitly define the param to resolve
[main] INFO com.ibm.engine.language.java.JavaDetectionEngine - Detected constructor definition has more then one argument to resolve. Redefine the rule to explicitly define the param to resolve
[main] INFO com.ibm.engine.language.java.JavaDetectionEngine - Detected constructor definition has more then one argument to resolve. Redefine the rule to explicitly define the param to resolve
[main] INFO com.ibm.engine.language.java.JavaDetectionEngine - Detected constructor definition has more then one argument to resolve. Redefine the rule to explicitly define the param to resolve
[main] INFO com.ibm.engine.language.java.JavaDetectionEngine - Detected constructor definition has more then one argument to resolve. Redefine the rule to explicitly define the param to resolve
[main] INFO com.ibm.engine.language.java.JavaDetectionEngine - Detected constructor definition has more then one argument to resolve. Redefine the rule to explicitly define the param to resolve
[main] INFO com.ibm.engine.language.java.JavaDetectionEngine - Detected constructor definition has more then one argument to resolve. Redefine the rule to explicitly define the param to resolve
[main] INFO com.ibm.engine.language.java.JavaDetectionEngine - Detected constructor definition has more then one argument to resolve. Redefine the rule to explicitly define the param to resolve
[main] INFO com.ibm.engine.language.java.JavaDetectionEngine - Detected constructor definition has more then one argument to resolve. Redefine the rule to explicitly define the param to resolve
[main] INFO com.ibm.engine.language.java.JavaDetectionEngine - Detected constructor definition has more then one argument to resolve. Redefine the rule to explicitly define the param to resolve
[main] INFO com.ibm.engine.language.java.JavaDetectionEngine - Detected constructor definition has more then one argument to resolve. Redefine the rule to explicitly define the param to resolve
[main] INFO com.ibm.engine.language.java.JavaDetectionEngine - Detected constructor definition has more then one argument to resolve. Redefine the rule to explicitly define the param to resolve
[main] INFO com.ibm.engine.language.java.JavaDetectionEngine - Detected constructor definition has more then one argument to resolve. Redefine the rule to explicitly define the param to resolve
[main] INFO com.ibm.engine.language.java.JavaDetectionEngine - Detected constructor definition has more then one argument to resolve. Redefine the rule to explicitly define the param to resolve
[main] INFO com.ibm.engine.language.java.JavaDetectionEngine - Detected constructor definition has more then one argument to resolve. Redefine the rule to explicitly define the param to resolve
[main] INFO com.ibm.engine.language.java.JavaDetectionEngine - Detected constructor definition has more then one argument to resolve. Redefine the rule to explicitly define the param to resolve
[main] INFO com.ibm.engine.language.java.JavaDetectionEngine - Detected constructor definition has more then one argument to resolve. Redefine the rule to explicitly define the param to resolve
[main] INFO com.ibm.engine.language.java.JavaDetectionEngine - Detected constructor definition has more then one argument to resolve. Redefine the rule to explicitly define the param to resolve
[main] INFO com.ibm.engine.language.java.JavaDetectionEngine - Detected constructor definition has more then one argument to resolve. Redefine the rule to explicitly define the param to resolve
[main] INFO com.ibm.engine.language.java.JavaDetectionEngine - Detected constructor definition has more then one argument to resolve. Redefine the rule to explicitly define the param to resolve
[main] INFO com.ibm.engine.language.java.JavaDetectionEngine - Detected constructor definition has more then one argument to resolve. Redefine the rule to explicitly define the param to resolve
[main] INFO com.ibm.engine.language.java.JavaDetectionEngine - Detected constructor definition has more then one argument to resolve. Redefine the rule to explicitly define the param to resolve
[main] INFO com.ibm.engine.language.java.JavaDetectionEngine - Detected constructor definition has more then one argument to resolve. Redefine the rule to explicitly define the param to resolve
[main] INFO com.ibm.engine.language.java.JavaDetectionEngine - Detected constructor definition has more then one argument to resolve. Redefine the rule to explicitly define the param to resolve
[main] INFO com.ibm.engine.language.java.JavaDetectionEngine - Detected constructor definition has more then one argument to resolve. Redefine the rule to explicitly define the param to resolve
[main] INFO com.ibm.engine.language.java.JavaDetectionEngine - Detected constructor definition has more then one argument to resolve. Redefine the rule to explicitly define the param to resolve
[main] INFO com.ibm.engine.language.java.JavaDetectionEngine - Detected constructor definition has more then one argument to resolve. Redefine the rule to explicitly define the param to resolve
[main] INFO com.ibm.engine.language.java.JavaDetectionEngine - Detected constructor definition has more then one argument to resolve. Redefine the rule to explicitly define the param to resolve
[main] INFO com.ibm.engine.language.java.JavaDetectionEngine - Detected constructor definition has more then one argument to resolve. Redefine the rule to explicitly define the param to resolve
[main] INFO com.ibm.engine.language.java.JavaDetectionEngine - Detected constructor definition has more then one argument to resolve. Redefine the rule to explicitly define the param to resolve
[main] INFO com.ibm.engine.language.java.JavaDetectionEngine - Detected constructor definition has more then one argument to resolve. Redefine the rule to explicitly define the param to resolve
[main] INFO com.ibm.engine.language.java.JavaDetectionEngine - Detected constructor definition has more then one argument to resolve. Redefine the rule to explicitly define the param to resolve
[main] INFO com.ibm.engine.language.java.JavaDetectionEngine - Detected constructor definition has more then one argument to resolve. Redefine the rule to explicitly define the param to resolve
[main] INFO com.ibm.engine.language.java.JavaDetectionEngine - Detected constructor definition has more then one argument to resolve. Redefine the rule to explicitly define the param to resolve
[main] INFO com.ibm.engine.language.java.JavaDetectionEngine - Detected constructor definition has more then one argument to resolve. Redefine the rule to explicitly define the param to resolve
[main] INFO com.ibm.engine.language.java.JavaDetectionEngine - Detected constructor definition has more then one argument to resolve. Redefine the rule to explicitly define the param to resolve
[main] INFO com.ibm.engine.language.java.JavaDetectionEngine - Detected constructor definition has more then one argument to resolve. Redefine the rule to explicitly define the param to resolve
[main] INFO com.ibm.engine.language.java.JavaDetectionEngine - Detected constructor definition has more then one argument to resolve. Redefine the rule to explicitly define the param to resolve
[main] INFO com.ibm.engine.language.java.JavaDetectionEngine - Detected constructor definition has more then one argument to resolve. Redefine the rule to explicitly define the param to resolve
[main] INFO com.ibm.engine.language.java.JavaDetectionEngine - Detected constructor definition has more then one argument to resolve. Redefine the rule to explicitly define the param to resolve
[main] INFO com.ibm.engine.language.java.JavaDetectionEngine - Detected constructor definition has more then one argument to resolve. Redefine the rule to explicitly define the param to resolve
[main] INFO com.ibm.engine.language.java.JavaDetectionEngine - Detected constructor definition has more then one argument to resolve. Redefine the rule to explicitly define the param to resolve
[main] INFO com.ibm.engine.language.java.JavaDetectionEngine - Detected constructor definition has more then one argument to resolve. Redefine the rule to explicitly define the param to resolve
[main] INFO com.ibm.engine.language.java.JavaDetectionEngine - Detected constructor definition has more then one argument to resolve. Redefine the rule to explicitly define the param to resolve
[main] INFO com.ibm.engine.language.java.JavaDetectionEngine - Detected constructor definition has more then one argument to resolve. Redefine the rule to explicitly define the param to resolve
[main] INFO com.ibm.engine.language.java.JavaDetectionEngine - Detected constructor definition has more then one argument to resolve. Redefine the rule to explicitly define the param to resolve
[main] INFO com.ibm.engine.language.java.JavaDetectionEngine - Detected constructor definition has more then one argument to resolve. Redefine the rule to explicitly define the param to resolve
[main] INFO com.ibm.engine.language.java.JavaDetectionEngine - Detected constructor definition has more then one argument to resolve. Redefine the rule to explicitly define the param to resolve
[main] INFO com.ibm.engine.language.java.JavaDetectionEngine - Detected constructor definition has more then one argument to resolve. Redefine the rule to explicitly define the param to resolve
[main] INFO com.ibm.engine.language.java.JavaDetectionEngine - Detected constructor definition has more then one argument to resolve. Redefine the rule to explicitly define the param to resolve
[main] INFO com.ibm.engine.language.java.JavaDetectionEngine - Detected constructor definition has more then one argument to resolve. Redefine the rule to explicitly define the param to resolve
[main] INFO com.ibm.engine.language.java.JavaDetectionEngine - Detected constructor definition has more then one argument to resolve. Redefine the rule to explicitly define the param to resolve
[main] INFO com.ibm.engine.language.java.JavaDetectionEngine - Detected constructor definition has more then one argument to resolve. Redefine the rule to explicitly define the param to resolve
[main] INFO com.ibm.engine.language.java.JavaDetectionEngine - Detected constructor definition has more then one argument to resolve. Redefine the rule to explicitly define the param to resolve
[main] INFO com.ibm.engine.language.java.JavaDetectionEngine - Detected constructor definition has more then one argument to resolve. Redefine the rule to explicitly define the param to resolve
[main] INFO com.ibm.engine.language.java.JavaDetectionEngine - Detected constructor definition has more then one argument to resolve. Redefine the rule to explicitly define the param to resolve
[main] INFO com.ibm.engine.language.java.JavaDetectionEngine - Detected constructor definition has more then one argument to resolve. Redefine the rule to explicitly define the param to resolve
[main] INFO com.ibm.engine.language.java.JavaDetectionEngine - Detected constructor definition has more then one argument to resolve. Redefine the rule to explicitly define the param to resolve
[main] INFO com.ibm.engine.language.java.JavaDetectionEngine - Detected constructor definition has more then one argument to resolve. Redefine the rule to explicitly define the param to resolve
[main] INFO com.ibm.engine.language.java.JavaDetectionEngine - Detected constructor definition has more then one argument to resolve. Redefine the rule to explicitly define the param to resolve
[main] INFO com.ibm.engine.language.java.JavaDetectionEngine - Detected constructor definition has more then one argument to resolve. Redefine the rule to explicitly define the param to resolve
[main] INFO com.ibm.engine.language.java.JavaDetectionEngine - Detected constructor definition has more then one argument to resolve. Redefine the rule to explicitly define the param to resolve
[main] INFO com.ibm.engine.language.java.JavaDetectionEngine - Detected constructor definition has more then one argument to resolve. Redefine the rule to explicitly define the param to resolve
[main] INFO com.ibm.engine.language.java.JavaDetectionEngine - Detected constructor definition has more then one argument to resolve. Redefine the rule to explicitly define the param to resolve
[main] INFO com.ibm.engine.language.java.JavaDetectionEngine - Detected constructor definition has more then one argument to resolve. Redefine the rule to explicitly define the param to resolve
[main] INFO com.ibm.engine.language.java.JavaDetectionEngine - Detected constructor definition has more then one argument to resolve. Redefine the rule to explicitly define the param to resolve
[main] INFO com.ibm.engine.language.java.JavaDetectionEngine - Detected constructor definition has more then one argument to resolve. Redefine the rule to explicitly define the param to resolve
[main] INFO com.ibm.engine.language.java.JavaDetectionEngine - Detected constructor definition has more then one argument to resolve. Redefine the rule to explicitly define the param to resolve
[main] INFO com.ibm.engine.language.java.JavaDetectionEngine - Detected constructor definition has more then one argument to resolve. Redefine the rule to explicitly define the param to resolve
[main] INFO com.ibm.engine.language.java.JavaDetectionEngine - Detected constructor definition has more then one argument to resolve. Redefine the rule to explicitly define the param to resolve
[main] INFO com.ibm.engine.language.java.JavaDetectionEngine - Detected constructor definition has more then one argument to resolve. Redefine the rule to explicitly define the param to resolve
[main] INFO com.ibm.engine.language.java.JavaDetectionEngine - Detected constructor definition has more then one argument to resolve. Redefine the rule to explicitly define the param to resolve
[main] INFO com.ibm.engine.language.java.JavaDetectionEngine - Detected constructor definition has more then one argument to resolve. Redefine the rule to explicitly define the param to resolve
[main] INFO com.ibm.engine.language.java.JavaDetectionEngine - Detected constructor definition has more then one argument to resolve. Redefine the rule to explicitly define the param to resolve
[main] INFO com.ibm.engine.language.java.JavaDetectionEngine - Detected constructor definition has more then one argument to resolve. Redefine the rule to explicitly define the param to resolve
[main] INFO com.ibm.engine.language.java.JavaDetectionEngine - Detected constructor definition has more then one argument to resolve. Redefine the rule to explicitly define the param to resolve
[main] INFO com.ibm.engine.language.java.JavaDetectionEngine - Detected constructor definition has more then one argument to resolve. Redefine the rule to explicitly define the param to resolve
[main] INFO com.ibm.engine.language.java.JavaDetectionEngine - Detected constructor definition has more then one argument to resolve. Redefine the rule to explicitly define the param to resolve
[main] INFO com.ibm.engine.language.java.JavaDetectionEngine - Detected constructor definition has more then one argument to resolve. Redefine the rule to explicitly define the param to resolve
[main] INFO com.ibm.engine.language.java.JavaDetectionEngine - Detected constructor definition has more then one argument to resolve. Redefine the rule to explicitly define the param to resolve
[main] INFO com.ibm.engine.language.java.JavaDetectionEngine - Detected constructor definition has more then one argument to resolve. Redefine the rule to explicitly define the param to resolve
[main] INFO com.ibm.engine.language.java.JavaDetectionEngine - Detected constructor definition has more then one argument to resolve. Redefine the rule to explicitly define the param to resolve
[main] INFO com.ibm.engine.language.java.JavaDetectionEngine - Detected constructor definition has more then one argument to resolve. Redefine the rule to explicitly define the param to resolve
[main] INFO com.ibm.engine.language.java.JavaDetectionEngine - Detected constructor definition has more then one argument to resolve. Redefine the rule to explicitly define the param to resolve
[main] INFO com.ibm.engine.language.java.JavaDetectionEngine - Detected constructor definition has more then one argument to resolve. Redefine the rule to explicitly define the param to resolve
[main] INFO com.ibm.engine.language.java.JavaDetectionEngine - Detected constructor definition has more then one argument to resolve. Redefine the rule to explicitly define the param to resolve
[main] INFO com.ibm.engine.language.java.JavaDetectionEngine - Detected constructor definition has more then one argument to resolve. Redefine the rule to explicitly define the param to resolve
[main] INFO com.ibm.engine.language.java.JavaDetectionEngine - Detected constructor definition has more then one argument to resolve. Redefine the rule to explicitly define the param to resolve
[main] INFO com.ibm.engine.language.java.JavaDetectionEngine - Detected constructor definition has more then one argument to resolve. Redefine the rule to explicitly define the param to resolve
[main] INFO com.ibm.engine.language.java.JavaDetectionEngine - Detected constructor definition has more then one argument to resolve. Redefine the rule to explicitly define the param to resolve
[main] INFO com.ibm.engine.language.java.JavaDetectionEngine - Detected constructor definition has more then one argument to resolve. Redefine the rule to explicitly define the param to resolve
[main] INFO com.ibm.engine.language.java.JavaDetectionEngine - Detected constructor definition has more then one argument to resolve. Redefine the rule to explicitly define the param to resolve
[main] INFO com.ibm.engine.language.java.JavaDetectionEngine - Detected constructor definition has more then one argument to resolve. Redefine the rule to explicitly define the param to resolve
[main] INFO com.ibm.engine.language.java.JavaDetectionEngine - Detected constructor definition has more then one argument to resolve. Redefine the rule to explicitly define the param to resolve
[main] INFO com.ibm.engine.language.java.JavaDetectionEngine - Detected constructor definition has more then one argument to resolve. Redefine the rule to explicitly define the param to resolve
[main] INFO com.ibm.engine.language.java.JavaDetectionEngine - Detected constructor definition has more then one argument to resolve. Redefine the rule to explicitly define the param to resolve
[main] INFO com.ibm.engine.language.java.JavaDetectionEngine - Detected constructor definition has more then one argument to resolve. Redefine the rule to explicitly define the param to resolve
[main] INFO com.ibm.engine.language.java.JavaDetectionEngine - Detected constructor definition has more then one argument to resolve. Redefine the rule to explicitly define the param to resolve
[main] INFO com.ibm.engine.language.java.JavaDetectionEngine - Detected constructor definition has more then one argument to resolve. Redefine the rule to explicitly define the param to resolve
[main] INFO com.ibm.engine.language.java.JavaDetectionEngine - Detected constructor definition has more then one argument to resolve. Redefine the rule to explicitly define the param to resolve
[main] INFO com.ibm.engine.language.java.JavaDetectionEngine - Detected constructor definition has more then one argument to resolve. Redefine the rule to explicitly define the param to resolve
[main] INFO com.ibm.engine.language.java.JavaDetectionEngine - Detected constructor definition has more then one argument to resolve. Redefine the rule to explicitly define the param to resolve
[main] INFO com.ibm.engine.language.java.JavaDetectionEngine - Detected constructor definition has more then one argument to resolve. Redefine the rule to explicitly define the param to resolve
[main] INFO com.ibm.engine.language.java.JavaDetectionEngine - Detected constructor definition has more then one argument to resolve. Redefine the rule to explicitly define the param to resolve
[main] INFO com.ibm.engine.language.java.JavaDetectionEngine - Detected constructor definition has more then one argument to resolve. Redefine the rule to explicitly define the param to resolve
[main] INFO com.ibm.engine.language.java.JavaDetectionEngine - Detected constructor definition has more then one argument to resolve. Redefine the rule to explicitly define the param to resolve
[main] INFO com.ibm.engine.language.java.JavaDetectionEngine - Detected constructor definition has more then one argument to resolve. Redefine the rule to explicitly define the param to resolve
[main] INFO com.ibm.engine.language.java.JavaDetectionEngine - Detected constructor definition has more then one argument to resolve. Redefine the rule to explicitly define the param to resolve
[main] INFO com.ibm.engine.language.java.JavaDetectionEngine - Detected constructor definition has more then one argument to resolve. Redefine the rule to explicitly define the param to resolve
[main] INFO com.ibm.engine.language.java.JavaDetectionEngine - Detected constructor definition has more then one argument to resolve. Redefine the rule to explicitly define the param to resolve
[main] INFO com.ibm.output.IAggregator - Detected (SecretKey) AES
[main] INFO com.ibm.output.IAggregator - Detected (SecretKey) AES
[main] INFO com.ibm.output.IAggregator - Detected (Key) RSA
[main] INFO com.ibm.output.IAggregator - Detected (PublicKeyEncryption) RSA-OAEP
[main] INFO com.ibm.output.IAggregator - Detected (MessageDigest) SHA-256
[main] INFO com.ibm.output.IAggregator - Detected (MessageDigest) SHA-256
[main] INFO com.ibm.engine.language.java.JavaDetectionEngine - Detected constructor definition has more then one argument to resolve. Redefine the rule to explicitly define the param to resolve
[main] INFO com.ibm.engine.language.java.JavaDetectionEngine - Detected constructor definition has more then one argument to resolve. Redefine the rule to explicitly define the param to resolve
[main] INFO com.ibm.engine.language.java.JavaDetectionEngine - Detected constructor definition has more then one argument to resolve. Redefine the rule to explicitly define the param to resolve
[main] INFO com.ibm.engine.language.java.JavaDetectionEngine - Detected constructor definition has more then one argument to resolve. Redefine the rule to explicitly define the param to resolve
[main] INFO com.ibm.engine.language.java.JavaDetectionEngine - Detected constructor definition has more then one argument to resolve. Redefine the rule to explicitly define the param to resolve
[main] INFO com.ibm.engine.language.java.JavaDetectionEngine - Detected constructor definition has more then one argument to resolve. Redefine the rule to explicitly define the param to resolve
[main] INFO com.ibm.engine.language.java.JavaDetectionEngine - Detected constructor definition has more then one argument to resolve. Redefine the rule to explicitly define the param to resolve
[main] INFO com.ibm.engine.language.java.JavaDetectionEngine - Detected constructor definition has more then one argument to resolve. Redefine the rule to explicitly define the param to resolve
[main] INFO com.ibm.engine.language.java.JavaDetectionEngine - Detected constructor definition has more then one argument to resolve. Redefine the rule to explicitly define the param to resolve
[main] INFO com.ibm.engine.language.java.JavaDetectionEngine - Detected constructor definition has more then one argument to resolve. Redefine the rule to explicitly define the param to resolve
[main] INFO com.ibm.engine.language.java.JavaDetectionEngine - Detected constructor definition has more then one argument to resolve. Redefine the rule to explicitly define the param to resolve
[main] INFO com.ibm.engine.language.java.JavaDetectionEngine - Detected constructor definition has more then one argument to resolve. Redefine the rule to explicitly define the param to resolve
[main] INFO com.ibm.engine.language.java.JavaDetectionEngine - Detected constructor definition has more then one argument to resolve. Redefine the rule to explicitly define the param to resolve
[main] INFO com.ibm.engine.language.java.JavaDetectionEngine - Detected constructor definition has more then one argument to resolve. Redefine the rule to explicitly define the param to resolve
[main] INFO com.ibm.engine.language.java.JavaDetectionEngine - Detected constructor definition has more then one argument to resolve. Redefine the rule to explicitly define the param to resolve
[main] INFO com.ibm.engine.language.java.JavaDetectionEngine - Detected constructor definition has more then one argument to resolve. Redefine the rule to explicitly define the param to resolve
[main] INFO com.ibm.engine.language.java.JavaDetectionEngine - Detected constructor definition has more then one argument to resolve. Redefine the rule to explicitly define the param to resolve
[main] INFO com.ibm.engine.language.java.JavaDetectionEngine - Detected constructor definition has more then one argument to resolve. Redefine the rule to explicitly define the param to resolve
[main] INFO com.ibm.engine.language.java.JavaDetectionEngine - Detected constructor definition has more then one argument to resolve. Redefine the rule to explicitly define the param to resolve
[main] INFO com.ibm.engine.language.java.JavaDetectionEngine - Detected constructor definition has more then one argument to resolve. Redefine the rule to explicitly define the param to resolve
[main] INFO com.ibm.engine.language.java.JavaDetectionEngine - Detected constructor definition has more then one argument to resolve. Redefine the rule to explicitly define the param to resolve
[main] INFO com.ibm.engine.language.java.JavaDetectionEngine - Detected constructor definition has more then one argument to resolve. Redefine the rule to explicitly define the param to resolve
[main] INFO com.ibm.engine.language.java.JavaDetectionEngine - Detected constructor definition has more then one argument to resolve. Redefine the rule to explicitly define the param to resolve
[main] INFO com.ibm.engine.language.java.JavaDetectionEngine - Detected constructor definition has more then one argument to resolve. Redefine the rule to explicitly define the param to resolve
[main] INFO com.ibm.engine.language.java.JavaDetectionEngine - Detected constructor definition has more then one argument to resolve. Redefine the rule to explicitly define the param to resolve
[main] INFO com.ibm.engine.language.java.JavaDetectionEngine - Detected constructor definition has more then one argument to resolve. Redefine the rule to explicitly define the param to resolve
[main] INFO com.ibm.engine.language.java.JavaDetectionEngine - Detected constructor definition has more then one argument to resolve. Redefine the rule to explicitly define the param to resolve
[main] INFO com.ibm.engine.language.java.JavaDetectionEngine - Detected constructor definition has more then one argument to resolve. Redefine the rule to explicitly define the param to resolve
[main] INFO com.ibm.engine.language.java.JavaDetectionEngine - Detected constructor definition has more then one argument to resolve. Redefine the rule to explicitly define the param to resolve
[main] INFO com.ibm.engine.language.java.JavaDetectionEngine - Detected constructor definition has more then one argument to resolve. Redefine the rule to explicitly define the param to resolve
[main] INFO com.ibm.engine.language.java.JavaDetectionEngine - Detected constructor definition has more then one argument to resolve. Redefine the rule to explicitly define the param to resolve
[main] INFO com.ibm.engine.language.java.JavaDetectionEngine - Detected constructor definition has more then one argument to resolve. Redefine the rule to explicitly define the param to resolve
[main] INFO com.ibm.engine.language.java.JavaDetectionEngine - Detected constructor definition has more then one argument to resolve. Redefine the rule to explicitly define the param to resolve
[main] INFO com.ibm.engine.language.java.JavaDetectionEngine - Detected constructor definition has more then one argument to resolve. Redefine the rule to explicitly define the param to resolve
[main] INFO com.ibm.engine.language.java.JavaDetectionEngine - Detected constructor definition has more then one argument to resolve. Redefine the rule to explicitly define the param to resolve
[main] INFO com.ibm.engine.language.java.JavaDetectionEngine - Detected constructor definition has more then one argument to resolve. Redefine the rule to explicitly define the param to resolve
[main] INFO com.ibm.engine.language.java.JavaDetectionEngine - Detected constructor definition has more then one argument to resolve. Redefine the rule to explicitly define the param to resolve
[main] INFO com.ibm.engine.language.java.JavaDetectionEngine - Detected constructor definition has more then one argument to resolve. Redefine the rule to explicitly define the param to resolve
[main] INFO com.ibm.engine.language.java.JavaDetectionEngine - Detected constructor definition has more then one argument to resolve. Redefine the rule to explicitly define the param to resolve
[main] INFO com.ibm.engine.language.java.JavaDetectionEngine - Detected constructor definition has more then one argument to resolve. Redefine the rule to explicitly define the param to resolve
[main] INFO com.ibm.engine.language.java.JavaDetectionEngine - Detected constructor definition has more then one argument to resolve. Redefine the rule to explicitly define the param to resolve
[main] INFO com.ibm.engine.language.java.JavaDetectionEngine - Detected constructor definition has more then one argument to resolve. Redefine the rule to explicitly define the param to resolve
[main] INFO com.ibm.engine.language.java.JavaDetectionEngine - Detected constructor definition has more then one argument to resolve. Redefine the rule to explicitly define the param to resolve
[main] INFO com.ibm.engine.language.java.JavaDetectionEngine - Detected constructor definition has more then one argument to resolve. Redefine the rule to explicitly define the param to resolve
[main] INFO com.ibm.engine.language.java.JavaDetectionEngine - Detected constructor definition has more then one argument to resolve. Redefine the rule to explicitly define the param to resolve
[main] INFO com.ibm.engine.language.java.JavaDetectionEngine - Detected constructor definition has more then one argument to resolve. Redefine the rule to explicitly define the param to resolve
[main] INFO com.ibm.engine.language.java.JavaDetectionEngine - Detected constructor definition has more then one argument to resolve. Redefine the rule to explicitly define the param to resolve
[main] INFO com.ibm.engine.language.java.JavaDetectionEngine - Detected constructor definition has more then one argument to resolve. Redefine the rule to explicitly define the param to resolve
[main] INFO com.ibm.engine.language.java.JavaDetectionEngine - Detected constructor definition has more then one argument to resolve. Redefine the rule to explicitly define the param to resolve
[main] INFO com.ibm.engine.language.java.JavaDetectionEngine - Detected constructor definition has more then one argument to resolve. Redefine the rule to explicitly define the param to resolve
[main] INFO com.ibm.engine.language.java.JavaDetectionEngine - Detected constructor definition has more then one argument to resolve. Redefine the rule to explicitly define the param to resolve
[main] INFO com.ibm.engine.language.java.JavaDetectionEngine - Detected constructor definition has more then one argument to resolve. Redefine the rule to explicitly define the param to resolve
[main] INFO com.ibm.engine.language.java.JavaDetectionEngine - Detected constructor definition has more then one argument to resolve. Redefine the rule to explicitly define the param to resolve
[main] INFO com.ibm.engine.language.java.JavaDetectionEngine - Detected constructor definition has more then one argument to resolve. Redefine the rule to explicitly define the param to resolve
[main] INFO com.ibm.engine.language.java.JavaDetectionEngine - Detected constructor definition has more then one argument to resolve. Redefine the rule to explicitly define the param to resolve
[main] INFO com.ibm.engine.language.java.JavaDetectionEngine - Detected constructor definition has more then one argument to resolve. Redefine the rule to explicitly define the param to resolve
[main] INFO com.ibm.engine.language.java.JavaDetectionEngine - Detected constructor definition has more then one argument to resolve. Redefine the rule to explicitly define the param to resolve
[main] INFO com.ibm.engine.language.java.JavaDetectionEngine - Detected constructor definition has more then one argument to resolve. Redefine the rule to explicitly define the param to resolve
[main] INFO com.ibm.engine.language.java.JavaDetectionEngine - Detected constructor definition has more then one argument to resolve. Redefine the rule to explicitly define the param to resolve
[main] INFO com.ibm.engine.language.java.JavaDetectionEngine - Detected constructor definition has more then one argument to resolve. Redefine the rule to explicitly define the param to resolve
[main] INFO com.ibm.engine.language.java.JavaDetectionEngine - Detected constructor definition has more then one argument to resolve. Redefine the rule to explicitly define the param to resolve
[main] INFO com.ibm.engine.language.java.JavaDetectionEngine - Detected constructor definition has more then one argument to resolve. Redefine the rule to explicitly define the param to resolve
[main] INFO com.ibm.engine.language.java.JavaDetectionEngine - Detected constructor definition has more then one argument to resolve. Redefine the rule to explicitly define the param to resolve
[main] INFO com.ibm.engine.language.java.JavaDetectionEngine - Detected constructor definition has more then one argument to resolve. Redefine the rule to explicitly define the param to resolve
[main] INFO com.ibm.engine.language.java.JavaDetectionEngine - Detected constructor definition has more then one argument to resolve. Redefine the rule to explicitly define the param to resolve
[main] INFO com.ibm.engine.language.java.JavaDetectionEngine - Detected constructor definition has more then one argument to resolve. Redefine the rule to explicitly define the param to resolve
[main] INFO com.ibm.engine.language.java.JavaDetectionEngine - Detected constructor definition has more then one argument to resolve. Redefine the rule to explicitly define the param to resolve
[main] INFO com.ibm.engine.language.java.JavaDetectionEngine - Detected constructor definition has more then one argument to resolve. Redefine the rule to explicitly define the param to resolve
[main] INFO com.ibm.engine.language.java.JavaDetectionEngine - Detected constructor definition has more then one argument to resolve. Redefine the rule to explicitly define the param to resolve
[main] INFO com.ibm.engine.language.java.JavaDetectionEngine - Detected constructor definition has more then one argument to resolve. Redefine the rule to explicitly define the param to resolve
[main] INFO com.ibm.engine.language.java.JavaDetectionEngine - Detected constructor definition has more then one argument to resolve. Redefine the rule to explicitly define the param to resolve
[main] INFO com.ibm.engine.language.java.JavaDetectionEngine - Detected constructor definition has more then one argument to resolve. Redefine the rule to explicitly define the param to resolve
[main] INFO com.ibm.engine.language.java.JavaDetectionEngine - Detected constructor definition has more then one argument to resolve. Redefine the rule to explicitly define the param to resolve
[main] INFO com.ibm.engine.language.java.JavaDetectionEngine - Detected constructor definition has more then one argument to resolve. Redefine the rule to explicitly define the param to resolve
[main] INFO com.ibm.engine.language.java.JavaDetectionEngine - Detected constructor definition has more then one argument to resolve. Redefine the rule to explicitly define the param to resolve
[main] INFO com.ibm.engine.language.java.JavaDetectionEngine - Detected constructor definition has more then one argument to resolve. Redefine the rule to explicitly define the param to resolve
[main] INFO com.ibm.engine.language.java.JavaDetectionEngine - Detected constructor definition has more then one argument to resolve. Redefine the rule to explicitly define the param to resolve
[main] INFO com.ibm.engine.language.java.JavaDetectionEngine - Detected constructor definition has more then one argument to resolve. Redefine the rule to explicitly define the param to resolve
[main] INFO com.ibm.engine.language.java.JavaDetectionEngine - Detected constructor definition has more then one argument to resolve. Redefine the rule to explicitly define the param to resolve
[main] INFO com.ibm.engine.language.java.JavaDetectionEngine - Detected constructor definition has more then one argument to resolve. Redefine the rule to explicitly define the param to resolve
[main] INFO com.ibm.engine.language.java.JavaDetectionEngine - Detected constructor definition has more then one argument to resolve. Redefine the rule to explicitly define the param to resolve
[main] INFO com.ibm.engine.language.java.JavaDetectionEngine - Detected constructor definition has more then one argument to resolve. Redefine the rule to explicitly define the param to resolve
[main] INFO com.ibm.engine.language.java.JavaDetectionEngine - Detected constructor definition has more then one argument to resolve. Redefine the rule to explicitly define the param to resolve
[main] INFO com.ibm.engine.language.java.JavaDetectionEngine - Detected constructor definition has more then one argument to resolve. Redefine the rule to explicitly define the param to resolve
[main] INFO com.ibm.engine.language.java.JavaDetectionEngine - Detected constructor definition has more then one argument to resolve. Redefine the rule to explicitly define the param to resolve
[main] INFO com.ibm.engine.language.java.JavaDetectionEngine - Detected constructor definition has more then one argument to resolve. Redefine the rule to explicitly define the param to resolve
[main] INFO com.ibm.engine.language.java.JavaDetectionEngine - Detected constructor definition has more then one argument to resolve. Redefine the rule to explicitly define the param to resolve
[main] INFO com.ibm.engine.language.java.JavaDetectionEngine - Detected constructor definition has more then one argument to resolve. Redefine the rule to explicitly define the param to resolve
[main] INFO com.ibm.engine.language.java.JavaDetectionEngine - Detected constructor definition has more then one argument to resolve. Redefine the rule to explicitly define the param to resolve
[main] INFO com.ibm.engine.language.java.JavaDetectionEngine - Detected constructor definition has more then one argument to resolve. Redefine the rule to explicitly define the param to resolve
[main] INFO com.ibm.engine.language.java.JavaDetectionEngine - Detected constructor definition has more then one argument to resolve. Redefine the rule to explicitly define the param to resolve
[main] INFO com.ibm.engine.language.java.JavaDetectionEngine - Detected constructor definition has more then one argument to resolve. Redefine the rule to explicitly define the param to resolve
[main] INFO com.ibm.engine.language.java.JavaDetectionEngine - Detected constructor definition has more then one argument to resolve. Redefine the rule to explicitly define the param to resolve
[main] INFO com.ibm.engine.language.java.JavaDetectionEngine - Detected constructor definition has more then one argument to resolve. Redefine the rule to explicitly define the param to resolve
[main] INFO com.ibm.engine.language.java.JavaDetectionEngine - Detected constructor definition has more then one argument to resolve. Redefine the rule to explicitly define the param to resolve
[main] INFO com.ibm.engine.language.java.JavaDetectionEngine - Detected constructor definition has more then one argument to resolve. Redefine the rule to explicitly define the param to resolve
[main] INFO com.ibm.engine.language.java.JavaDetectionEngine - Detected constructor definition has more then one argument to resolve. Redefine the rule to explicitly define the param to resolve
[main] INFO com.ibm.engine.language.java.JavaDetectionEngine - Detected constructor definition has more then one argument to resolve. Redefine the rule to explicitly define the param to resolve
[main] INFO com.ibm.engine.language.java.JavaDetectionEngine - Detected constructor definition has more then one argument to resolve. Redefine the rule to explicitly define the param to resolve
[main] INFO com.ibm.engine.language.java.JavaDetectionEngine - Detected constructor definition has more then one argument to resolve. Redefine the rule to explicitly define the param to resolve
[main] INFO com.ibm.engine.language.java.JavaDetectionEngine - Detected constructor definition has more then one argument to resolve. Redefine the rule to explicitly define the param to resolve
[main] INFO com.ibm.engine.language.java.JavaDetectionEngine - Detected constructor definition has more then one argument to resolve. Redefine the rule to explicitly define the param to resolve
[main] INFO com.ibm.engine.language.java.JavaDetectionEngine - Detected constructor definition has more then one argument to resolve. Redefine the rule to explicitly define the param to resolve
[main] INFO com.ibm.engine.language.java.JavaDetectionEngine - Detected constructor definition has more then one argument to resolve. Redefine the rule to explicitly define the param to resolve
[main] INFO com.ibm.engine.language.java.JavaDetectionEngine - Detected constructor definition has more then one argument to resolve. Redefine the rule to explicitly define the param to resolve
[main] INFO com.ibm.engine.language.java.JavaDetectionEngine - Detected constructor definition has more then one argument to resolve. Redefine the rule to explicitly define the param to resolve
[main] INFO com.ibm.engine.language.java.JavaDetectionEngine - Detected constructor definition has more then one argument to resolve. Redefine the rule to explicitly define the param to resolve
[main] INFO com.ibm.engine.language.java.JavaDetectionEngine - Detected constructor definition has more then one argument to resolve. Redefine the rule to explicitly define the param to resolve
[main] INFO com.ibm.engine.language.java.JavaDetectionEngine - Detected constructor definition has more then one argument to resolve. Redefine the rule to explicitly define the param to resolve
[main] INFO com.ibm.engine.language.java.JavaDetectionEngine - Detected constructor definition has more then one argument to resolve. Redefine the rule to explicitly define the param to resolve
[main] INFO com.ibm.engine.language.java.JavaDetectionEngine - Detected constructor definition has more then one argument to resolve. Redefine the rule to explicitly define the param to resolve
[main] INFO com.ibm.engine.language.java.JavaDetectionEngine - Detected constructor definition has more then one argument to resolve. Redefine the rule to explicitly define the param to resolve
[main] INFO com.ibm.engine.language.java.JavaDetectionEngine - Detected constructor definition has more then one argument to resolve. Redefine the rule to explicitly define the param to resolve
[main] INFO com.ibm.engine.language.java.JavaDetectionEngine - Detected constructor definition has more then one argument to resolve. Redefine the rule to explicitly define the param to resolve
[main] INFO com.ibm.engine.language.java.JavaDetectionEngine - Detected constructor definition has more then one argument to resolve. Redefine the rule to explicitly define the param to resolve
[main] INFO com.ibm.engine.language.java.JavaDetectionEngine - Detected constructor definition has more then one argument to resolve. Redefine the rule to explicitly define the param to resolve
[main] INFO com.ibm.engine.language.java.JavaDetectionEngine - Detected constructor definition has more then one argument to resolve. Redefine the rule to explicitly define the param to resolve
[main] INFO com.ibm.engine.language.java.JavaDetectionEngine - Detected constructor definition has more then one argument to resolve. Redefine the rule to explicitly define the param to resolve
[main] INFO com.ibm.engine.language.java.JavaDetectionEngine - Detected constructor definition has more then one argument to resolve. Redefine the rule to explicitly define the param to resolve
[main] INFO com.ibm.engine.language.java.JavaDetectionEngine - Detected constructor definition has more then one argument to resolve. Redefine the rule to explicitly define the param to resolve
[main] INFO com.ibm.engine.language.java.JavaDetectionEngine - Detected constructor definition has more then one argument to resolve. Redefine the rule to explicitly define the param to resolve
[main] INFO com.ibm.engine.language.java.JavaDetectionEngine - Detected constructor definition has more then one argument to resolve. Redefine the rule to explicitly define the param to resolve
[main] INFO com.ibm.engine.language.java.JavaDetectionEngine - Detected constructor definition has more then one argument to resolve. Redefine the rule to explicitly define the param to resolve
[main] INFO com.ibm.engine.language.java.JavaDetectionEngine - Detected constructor definition has more then one argument to resolve. Redefine the rule to explicitly define the param to resolve
[main] INFO com.ibm.engine.language.java.JavaDetectionEngine - Detected constructor definition has more then one argument to resolve. Redefine the rule to explicitly define the param to resolve
[main] INFO com.ibm.engine.language.java.JavaDetectionEngine - Detected constructor definition has more then one argument to resolve. Redefine the rule to explicitly define the param to resolve
[main] INFO com.ibm.engine.language.java.JavaDetectionEngine - Detected constructor definition has more then one argument to resolve. Redefine the rule to explicitly define the param to resolve
[main] INFO com.ibm.engine.language.java.JavaDetectionEngine - Detected constructor definition has more then one argument to resolve. Redefine the rule to explicitly define the param to resolve
[main] INFO com.ibm.engine.language.java.JavaDetectionEngine - Detected constructor definition has more then one argument to resolve. Redefine the rule to explicitly define the param to resolve
[main] INFO com.ibm.engine.language.java.JavaDetectionEngine - Detected constructor definition has more then one argument to resolve. Redefine the rule to explicitly define the param to resolve
[main] INFO com.ibm.engine.language.java.JavaDetectionEngine - Detected constructor definition has more then one argument to resolve. Redefine the rule to explicitly define the param to resolve
[main] INFO com.ibm.engine.language.java.JavaDetectionEngine - Detected constructor definition has more then one argument to resolve. Redefine the rule to explicitly define the param to resolve
[main] INFO com.ibm.engine.language.java.JavaDetectionEngine - Detected constructor definition has more then one argument to resolve. Redefine the rule to explicitly define the param to resolve
[main] INFO com.ibm.engine.language.java.JavaDetectionEngine - Detected constructor definition has more then one argument to resolve. Redefine the rule to explicitly define the param to resolve
[main] INFO com.ibm.engine.language.java.JavaDetectionEngine - Detected constructor definition has more then one argument to resolve. Redefine the rule to explicitly define the param to resolve
[main] INFO com.ibm.engine.language.java.JavaDetectionEngine - Detected constructor definition has more then one argument to resolve. Redefine the rule to explicitly define the param to resolve
[main] INFO com.ibm.engine.language.java.JavaDetectionEngine - Detected constructor definition has more then one argument to resolve. Redefine the rule to explicitly define the param to resolve
[main] INFO com.ibm.engine.language.java.JavaDetectionEngine - Detected constructor definition has more then one argument to resolve. Redefine the rule to explicitly define the param to resolve
[main] INFO com.ibm.engine.language.java.JavaDetectionEngine - Detected constructor definition has more then one argument to resolve. Redefine the rule to explicitly define the param to resolve
[main] INFO com.ibm.engine.language.java.JavaDetectionEngine - Detected constructor definition has more then one argument to resolve. Redefine the rule to explicitly define the param to resolve
[main] INFO com.ibm.engine.language.java.JavaDetectionEngine - Detected constructor definition has more then one argument to resolve. Redefine the rule to explicitly define the param to resolve
[main] INFO com.ibm.engine.language.java.JavaDetectionEngine - Detected constructor definition has more then one argument to resolve. Redefine the rule to explicitly define the param to resolve
[main] INFO com.ibm.engine.language.java.JavaDetectionEngine - Detected constructor definition has more then one argument to resolve. Redefine the rule to explicitly define the param to resolve
[main] INFO com.ibm.engine.language.java.JavaDetectionEngine - Detected constructor definition has more then one argument to resolve. Redefine the rule to explicitly define the param to resolve
[main] INFO com.ibm.engine.language.java.JavaDetectionEngine - Detected constructor definition has more then one argument to resolve. Redefine the rule to explicitly define the param to resolve
[main] INFO com.ibm.engine.language.java.JavaDetectionEngine - Detected constructor definition has more then one argument to resolve. Redefine the rule to explicitly define the param to resolve
[main] INFO com.ibm.engine.language.java.JavaDetectionEngine - Detected constructor definition has more then one argument to resolve. Redefine the rule to explicitly define the param to resolve
[main] INFO com.ibm.engine.language.java.JavaDetectionEngine - Detected constructor definition has more then one argument to resolve. Redefine the rule to explicitly define the param to resolve
[main] INFO com.ibm.engine.language.java.JavaDetectionEngine - Detected constructor definition has more then one argument to resolve. Redefine the rule to explicitly define the param to resolve
[main] INFO com.ibm.engine.language.java.JavaDetectionEngine - Detected constructor definition has more then one argument to resolve. Redefine the rule to explicitly define the param to resolve
[main] INFO com.ibm.engine.language.java.JavaDetectionEngine - Detected constructor definition has more then one argument to resolve. Redefine the rule to explicitly define the param to resolve
[main] INFO com.ibm.engine.language.java.JavaDetectionEngine - Detected constructor definition has more then one argument to resolve. Redefine the rule to explicitly define the param to resolve
[main] INFO com.ibm.engine.language.java.JavaDetectionEngine - Detected constructor definition has more then one argument to resolve. Redefine the rule to explicitly define the param to resolve
[main] INFO com.ibm.engine.language.java.JavaDetectionEngine - Detected constructor definition has more then one argument to resolve. Redefine the rule to explicitly define the param to resolve
[main] INFO com.ibm.engine.language.java.JavaDetectionEngine - Detected constructor definition has more then one argument to resolve. Redefine the rule to explicitly define the param to resolve
[main] INFO com.ibm.engine.language.java.JavaDetectionEngine - Detected constructor definition has more then one argument to resolve. Redefine the rule to explicitly define the param to resolve
[main] INFO com.ibm.engine.language.java.JavaDetectionEngine - Detected constructor definition has more then one argument to resolve. Redefine the rule to explicitly define the param to resolve
[main] INFO com.ibm.engine.language.java.JavaDetectionEngine - Detected constructor definition has more then one argument to resolve. Redefine the rule to explicitly define the param to resolve
[main] INFO com.ibm.engine.language.java.JavaDetectionEngine - Detected constructor definition has more then one argument to resolve. Redefine the rule to explicitly define the param to resolve
[main] INFO com.ibm.engine.language.java.JavaDetectionEngine - Detected constructor definition has more then one argument to resolve. Redefine the rule to explicitly define the param to resolve
[main] INFO com.ibm.engine.language.java.JavaDetectionEngine - Detected constructor definition has more then one argument to resolve. Redefine the rule to explicitly define the param to resolve
[main] INFO com.ibm.engine.language.java.JavaDetectionEngine - Detected constructor definition has more then one argument to resolve. Redefine the rule to explicitly define the param to resolve
[main] INFO com.ibm.engine.language.java.JavaDetectionEngine - Detected constructor definition has more then one argument to resolve. Redefine the rule to explicitly define the param to resolve
[main] INFO com.ibm.engine.language.java.JavaDetectionEngine - Detected constructor definition has more then one argument to resolve. Redefine the rule to explicitly define the param to resolve
[main] INFO com.ibm.engine.language.java.JavaDetectionEngine - Detected constructor definition has more then one argument to resolve. Redefine the rule to explicitly define the param to resolve
[main] INFO com.ibm.engine.language.java.JavaDetectionEngine - Detected constructor definition has more then one argument to resolve. Redefine the rule to explicitly define the param to resolve
[main] INFO com.ibm.engine.language.java.JavaDetectionEngine - Detected constructor definition has more then one argument to resolve. Redefine the rule to explicitly define the param to resolve
[main] INFO com.ibm.engine.language.java.JavaDetectionEngine - Detected constructor definition has more then one argument to resolve. Redefine the rule to explicitly define the param to resolve
[main] INFO com.ibm.engine.language.java.JavaDetectionEngine - Detected constructor definition has more then one argument to resolve. Redefine the rule to explicitly define the param to resolve
[main] INFO com.ibm.engine.language.java.JavaDetectionEngine - Detected constructor definition has more then one argument to resolve. Redefine the rule to explicitly define the param to resolve
[main] INFO com.ibm.engine.language.java.JavaDetectionEngine - Detected constructor definition has more then one argument to resolve. Redefine the rule to explicitly define the param to resolve
[main] INFO com.ibm.engine.language.java.JavaDetectionEngine - Detected constructor definition has more then one argument to resolve. Redefine the rule to explicitly define the param to resolve
[main] INFO com.ibm.engine.language.java.JavaDetectionEngine - Detected constructor definition has more then one argument to resolve. Redefine the rule to explicitly define the param to resolve
[main] INFO com.ibm.engine.language.java.JavaDetectionEngine - Detected constructor definition has more then one argument to resolve. Redefine the rule to explicitly define the param to resolve
[main] INFO com.ibm.engine.language.java.JavaDetectionEngine - Detected constructor definition has more then one argument to resolve. Redefine the rule to explicitly define the param to resolve
[main] INFO com.ibm.engine.language.java.JavaDetectionEngine - Detected constructor definition has more then one argument to resolve. Redefine the rule to explicitly define the param to resolve
[main] INFO com.ibm.engine.language.java.JavaDetectionEngine - Detected constructor definition has more then one argument to resolve. Redefine the rule to explicitly define the param to resolve
[main] INFO com.ibm.engine.language.java.JavaDetectionEngine - Detected constructor definition has more then one argument to resolve. Redefine the rule to explicitly define the param to resolve
[main] INFO com.ibm.engine.language.java.JavaDetectionEngine - Detected constructor definition has more then one argument to resolve. Redefine the rule to explicitly define the param to resolve
[main] INFO com.ibm.engine.language.java.JavaDetectionEngine - Detected constructor definition has more then one argument to resolve. Redefine the rule to explicitly define the param to resolve
[main] INFO com.ibm.engine.language.java.JavaDetectionEngine - Detected constructor definition has more then one argument to resolve. Redefine the rule to explicitly define the param to resolve
[main] INFO com.ibm.engine.language.java.JavaDetectionEngine - Detected constructor definition has more then one argument to resolve. Redefine the rule to explicitly define the param to resolve
[main] INFO com.ibm.engine.language.java.JavaDetectionEngine - Detected constructor definition has more then one argument to resolve. Redefine the rule to explicitly define the param to resolve
[main] INFO com.ibm.engine.language.java.JavaDetectionEngine - Detected constructor definition has more then one argument to resolve. Redefine the rule to explicitly define the param to resolve
[main] INFO com.ibm.engine.language.java.JavaDetectionEngine - Detected constructor definition has more then one argument to resolve. Redefine the rule to explicitly define the param to resolve
[main] INFO com.ibm.engine.language.java.JavaDetectionEngine - Detected constructor definition has more then one argument to resolve. Redefine the rule to explicitly define the param to resolve
[main] INFO com.ibm.engine.language.java.JavaDetectionEngine - Detected constructor definition has more then one argument to resolve. Redefine the rule to explicitly define the param to resolve
[main] INFO com.ibm.engine.language.java.JavaDetectionEngine - Detected constructor definition has more then one argument to resolve. Redefine the rule to explicitly define the param to resolve
[main] INFO com.ibm.engine.language.java.JavaDetectionEngine - Detected constructor definition has more then one argument to resolve. Redefine the rule to explicitly define the param to resolve
[main] INFO com.ibm.engine.language.java.JavaDetectionEngine - Detected constructor definition has more then one argument to resolve. Redefine the rule to explicitly define the param to resolve
[main] INFO com.ibm.engine.language.java.JavaDetectionEngine - Detected constructor definition has more then one argument to resolve. Redefine the rule to explicitly define the param to resolve
[main] INFO com.ibm.engine.language.java.JavaDetectionEngine - Detected constructor definition has more then one argument to resolve. Redefine the rule to explicitly define the param to resolve
[main] INFO com.ibm.engine.language.java.JavaDetectionEngine - Detected constructor definition has more then one argument to resolve. Redefine the rule to explicitly define the param to resolve
[main] INFO com.ibm.engine.language.java.JavaDetectionEngine - Detected constructor definition has more then one argument to resolve. Redefine the rule to explicitly define the param to resolve
[main] INFO com.ibm.engine.language.java.JavaDetectionEngine - Detected constructor definition has more then one argument to resolve. Redefine the rule to explicitly define the param to resolve
[main] INFO com.ibm.engine.language.java.JavaDetectionEngine - Detected constructor definition has more then one argument to resolve. Redefine the rule to explicitly define the param to resolve
[main] INFO com.ibm.engine.language.java.JavaDetectionEngine - Detected constructor definition has more then one argument to resolve. Redefine the rule to explicitly define the param to resolve
[main] INFO com.ibm.engine.language.java.JavaDetectionEngine - Detected constructor definition has more then one argument to resolve. Redefine the rule to explicitly define the param to resolve
[main] INFO com.ibm.engine.language.java.JavaDetectionEngine - Detected constructor definition has more then one argument to resolve. Redefine the rule to explicitly define the param to resolve
[main] INFO com.ibm.engine.language.java.JavaDetectionEngine - Detected constructor definition has more then one argument to resolve. Redefine the rule to explicitly define the param to resolve
[main] INFO com.ibm.engine.language.java.JavaDetectionEngine - Detected constructor definition has more then one argument to resolve. Redefine the rule to explicitly define the param to resolve
[main] INFO com.ibm.engine.language.java.JavaDetectionEngine - Detected constructor definition has more then one argument to resolve. Redefine the rule to explicitly define the param to resolve
[main] INFO com.ibm.engine.language.java.JavaDetectionEngine - Detected constructor definition has more then one argument to resolve. Redefine the rule to explicitly define the param to resolve
[main] INFO com.ibm.engine.language.java.JavaDetectionEngine - Detected constructor definition has more then one argument to resolve. Redefine the rule to explicitly define the param to resolve
[main] INFO com.ibm.engine.language.java.JavaDetectionEngine - Detected constructor definition has more then one argument to resolve. Redefine the rule to explicitly define the param to resolve
[main] INFO com.ibm.engine.language.java.JavaDetectionEngine - Detected constructor definition has more then one argument to resolve. Redefine the rule to explicitly define the param to resolve
[main] INFO com.ibm.engine.language.java.JavaDetectionEngine - Detected constructor definition has more then one argument to resolve. Redefine the rule to explicitly define the param to resolve
[main] INFO com.ibm.engine.language.java.JavaDetectionEngine - Detected constructor definition has more then one argument to resolve. Redefine the rule to explicitly define the param to resolve
[main] INFO com.ibm.engine.language.java.JavaDetectionEngine - Detected constructor definition has more then one argument to resolve. Redefine the rule to explicitly define the param to resolve
[main] INFO com.ibm.engine.language.java.JavaDetectionEngine - Detected constructor definition has more then one argument to resolve. Redefine the rule to explicitly define the param to resolve
[main] INFO com.ibm.engine.language.java.JavaDetectionEngine - Detected constructor definition has more then one argument to resolve. Redefine the rule to explicitly define the param to resolve
[main] INFO com.ibm.engine.language.java.JavaDetectionEngine - Detected constructor definition has more then one argument to resolve. Redefine the rule to explicitly define the param to resolve
[main] INFO com.ibm.engine.language.java.JavaDetectionEngine - Detected constructor definition has more then one argument to resolve. Redefine the rule to explicitly define the param to resolve
[main] INFO com.ibm.engine.language.java.JavaDetectionEngine - Detected constructor definition has more then one argument to resolve. Redefine the rule to explicitly define the param to resolve
[main] INFO com.ibm.engine.language.java.JavaDetectionEngine - Detected constructor definition has more then one argument to resolve. Redefine the rule to explicitly define the param to resolve
[main] INFO com.ibm.engine.language.java.JavaDetectionEngine - Detected constructor definition has more then one argument to resolve. Redefine the rule to explicitly define the param to resolve
[main] INFO com.ibm.engine.language.java.JavaDetectionEngine - Detected constructor definition has more then one argument to resolve. Redefine the rule to explicitly define the param to resolve
[main] INFO com.ibm.engine.language.java.JavaDetectionEngine - Detected constructor definition has more then one argument to resolve. Redefine the rule to explicitly define the param to resolve
[main] INFO com.ibm.engine.language.java.JavaDetectionEngine - Detected constructor definition has more then one argument to resolve. Redefine the rule to explicitly define the param to resolve
[main] INFO com.ibm.engine.language.java.JavaDetectionEngine - Detected constructor definition has more then one argument to resolve. Redefine the rule to explicitly define the param to resolve
[main] INFO com.ibm.engine.language.java.JavaDetectionEngine - Detected constructor definition has more then one argument to resolve. Redefine the rule to explicitly define the param to resolve
[main] INFO com.ibm.engine.language.java.JavaDetectionEngine - Detected constructor definition has more then one argument to resolve. Redefine the rule to explicitly define the param to resolve
[main] INFO com.ibm.engine.language.java.JavaDetectionEngine - Detected constructor definition has more then one argument to resolve. Redefine the rule to explicitly define the param to resolve
[main] INFO com.ibm.engine.language.java.JavaDetectionEngine - Detected constructor definition has more then one argument to resolve. Redefine the rule to explicitly define the param to resolve
[main] INFO com.ibm.engine.language.java.JavaDetectionEngine - Detected constructor definition has more then one argument to resolve. Redefine the rule to explicitly define the param to resolve
[main] INFO com.ibm.engine.language.java.JavaDetectionEngine - Detected constructor definition has more then one argument to resolve. Redefine the rule to explicitly define the param to resolve
[main] INFO com.ibm.engine.language.java.JavaDetectionEngine - Detected constructor definition has more then one argument to resolve. Redefine the rule to explicitly define the param to resolve
[main] INFO com.ibm.engine.language.java.JavaDetectionEngine - Detected constructor definition has more then one argument to resolve. Redefine the rule to explicitly define the param to resolve
[main] INFO com.ibm.engine.language.java.JavaDetectionEngine - Detected constructor definition has more then one argument to resolve. Redefine the rule to explicitly define the param to resolve
[main] INFO com.ibm.engine.language.java.JavaDetectionEngine - Detected constructor definition has more then one argument to resolve. Redefine the rule to explicitly define the param to resolve
[main] INFO com.ibm.engine.language.java.JavaDetectionEngine - Detected constructor definition has more then one argument to resolve. Redefine the rule to explicitly define the param to resolve
[main] INFO com.ibm.engine.language.java.JavaDetectionEngine - Detected constructor definition has more then one argument to resolve. Redefine the rule to explicitly define the param to resolve
[main] INFO com.ibm.engine.language.java.JavaDetectionEngine - Detected constructor definition has more then one argument to resolve. Redefine the rule to explicitly define the param to resolve
[main] INFO com.ibm.engine.language.java.JavaDetectionEngine - Detected constructor definition has more then one argument to resolve. Redefine the rule to explicitly define the param to resolve
[main] INFO com.ibm.engine.language.java.JavaDetectionEngine - Detected constructor definition has more then one argument to resolve. Redefine the rule to explicitly define the param to resolve
[main] INFO com.ibm.engine.language.java.JavaDetectionEngine - Detected constructor definition has more then one argument to resolve. Redefine the rule to explicitly define the param to resolve
[main] INFO com.ibm.engine.language.java.JavaDetectionEngine - Detected constructor definition has more then one argument to resolve. Redefine the rule to explicitly define the param to resolve
[main] INFO com.ibm.engine.language.java.JavaDetectionEngine - Detected constructor definition has more then one argument to resolve. Redefine the rule to explicitly define the param to resolve
[main] INFO com.ibm.engine.language.java.JavaDetectionEngine - Detected constructor definition has more then one argument to resolve. Redefine the rule to explicitly define the param to resolve
[main] INFO com.ibm.engine.language.java.JavaDetectionEngine - Detected constructor definition has more then one argument to resolve. Redefine the rule to explicitly define the param to resolve
[main] INFO com.ibm.engine.language.java.JavaDetectionEngine - Detected constructor definition has more then one argument to resolve. Redefine the rule to explicitly define the param to resolve
[main] INFO com.ibm.engine.language.java.JavaDetectionEngine - Detected constructor definition has more then one argument to resolve. Redefine the rule to explicitly define the param to resolve
[main] INFO com.ibm.engine.language.java.JavaDetectionEngine - Detected constructor definition has more then one argument to resolve. Redefine the rule to explicitly define the param to resolve
[main] INFO com.ibm.engine.language.java.JavaDetectionEngine - Detected constructor definition has more then one argument to resolve. Redefine the rule to explicitly define the param to resolve
[main] INFO com.ibm.engine.language.java.JavaDetectionEngine - Detected constructor definition has more then one argument to resolve. Redefine the rule to explicitly define the param to resolve
[main] INFO com.ibm.engine.language.java.JavaDetectionEngine - Detected constructor definition has more then one argument to resolve. Redefine the rule to explicitly define the param to resolve
[main] INFO com.ibm.engine.language.java.JavaDetectionEngine - Detected constructor definition has more then one argument to resolve. Redefine the rule to explicitly define the param to resolve
[main] INFO com.ibm.engine.language.java.JavaDetectionEngine - Detected constructor definition has more then one argument to resolve. Redefine the rule to explicitly define the param to resolve
[main] INFO com.ibm.engine.language.java.JavaDetectionEngine - Detected constructor definition has more then one argument to resolve. Redefine the rule to explicitly define the param to resolve
[main] INFO com.ibm.engine.language.java.JavaDetectionEngine - Detected constructor definition has more then one argument to resolve. Redefine the rule to explicitly define the param to resolve
[main] INFO com.ibm.engine.language.java.JavaDetectionEngine - Detected constructor definition has more then one argument to resolve. Redefine the rule to explicitly define the param to resolve
[main] INFO com.ibm.engine.language.java.JavaDetectionEngine - Detected constructor definition has more then one argument to resolve. Redefine the rule to explicitly define the param to resolve
[main] INFO com.ibm.engine.language.java.JavaDetectionEngine - Detected constructor definition has more then one argument to resolve. Redefine the rule to explicitly define the param to resolve
[main] INFO com.ibm.engine.language.java.JavaDetectionEngine - Detected constructor definition has more then one argument to resolve. Redefine the rule to explicitly define the param to resolve
[main] INFO com.ibm.engine.language.java.JavaDetectionEngine - Detected constructor definition has more then one argument to resolve. Redefine the rule to explicitly define the param to resolve
[main] INFO com.ibm.engine.language.java.JavaDetectionEngine - Detected constructor definition has more then one argument to resolve. Redefine the rule to explicitly define the param to resolve
[main] INFO com.ibm.engine.language.java.JavaDetectionEngine - Detected constructor definition has more then one argument to resolve. Redefine the rule to explicitly define the param to resolve
[main] INFO com.ibm.engine.language.java.JavaDetectionEngine - Detected constructor definition has more then one argument to resolve. Redefine the rule to explicitly define the param to resolve
[main] INFO com.ibm.engine.language.java.JavaDetectionEngine - Detected constructor definition has more then one argument to resolve. Redefine the rule to explicitly define the param to resolve
[main] INFO com.ibm.engine.language.java.JavaDetectionEngine - Detected constructor definition has more then one argument to resolve. Redefine the rule to explicitly define the param to resolve
[main] INFO com.ibm.engine.language.java.JavaDetectionEngine - Detected constructor definition has more then one argument to resolve. Redefine the rule to explicitly define the param to resolve
[main] INFO com.ibm.engine.language.java.JavaDetectionEngine - Detected constructor definition has more then one argument to resolve. Redefine the rule to explicitly define the param to resolve
[main] INFO com.ibm.engine.language.java.JavaDetectionEngine - Detected constructor definition has more then one argument to resolve. Redefine the rule to explicitly define the param to resolve
[main] INFO com.ibm.engine.language.java.JavaDetectionEngine - Detected constructor definition has more then one argument to resolve. Redefine the rule to explicitly define the param to resolve
[main] INFO com.ibm.engine.language.java.JavaDetectionEngine - Detected constructor definition has more then one argument to resolve. Redefine the rule to explicitly define the param to resolve
[main] INFO com.ibm.engine.language.java.JavaDetectionEngine - Detected constructor definition has more then one argument to resolve. Redefine the rule to explicitly define the param to resolve
[main] INFO com.ibm.engine.language.java.JavaDetectionEngine - Detected constructor definition has more then one argument to resolve. Redefine the rule to explicitly define the param to resolve
[main] INFO com.ibm.engine.language.java.JavaDetectionEngine - Detected constructor definition has more then one argument to resolve. Redefine the rule to explicitly define the param to resolve
[main] INFO com.ibm.engine.language.java.JavaDetectionEngine - Detected constructor definition has more then one argument to resolve. Redefine the rule to explicitly define the param to resolve
[main] INFO com.ibm.engine.language.java.JavaDetectionEngine - Detected constructor definition has more then one argument to resolve. Redefine the rule to explicitly define the param to resolve
[main] INFO com.ibm.engine.language.java.JavaDetectionEngine - Detected constructor definition has more then one argument to resolve. Redefine the rule to explicitly define the param to resolve
[main] INFO com.ibm.engine.language.java.JavaDetectionEngine - Detected constructor definition has more then one argument to resolve. Redefine the rule to explicitly define the param to resolve
[main] INFO com.ibm.engine.language.java.JavaDetectionEngine - Detected constructor definition has more then one argument to resolve. Redefine the rule to explicitly define the param to resolve
[main] INFO com.ibm.engine.language.java.JavaDetectionEngine - Detected constructor definition has more then one argument to resolve. Redefine the rule to explicitly define the param to resolve
[main] INFO com.ibm.engine.language.java.JavaDetectionEngine - Detected constructor definition has more then one argument to resolve. Redefine the rule to explicitly define the param to resolve
[main] INFO com.ibm.engine.language.java.JavaDetectionEngine - Detected constructor definition has more then one argument to resolve. Redefine the rule to explicitly define the param to resolve
[main] INFO com.ibm.engine.language.java.JavaDetectionEngine - Detected constructor definition has more then one argument to resolve. Redefine the rule to explicitly define the param to resolve
[main] INFO com.ibm.engine.language.java.JavaDetectionEngine - Detected constructor definition has more then one argument to resolve. Redefine the rule to explicitly define the param to resolve
[main] INFO com.ibm.engine.language.java.JavaDetectionEngine - Detected constructor definition has more then one argument to resolve. Redefine the rule to explicitly define the param to resolve
[main] INFO com.ibm.engine.language.java.JavaDetectionEngine - Detected constructor definition has more then one argument to resolve. Redefine the rule to explicitly define the param to resolve
[main] INFO com.ibm.engine.language.java.JavaDetectionEngine - Detected constructor definition has more then one argument to resolve. Redefine the rule to explicitly define the param to resolve
[main] INFO com.ibm.engine.language.java.JavaDetectionEngine - Detected constructor definition has more then one argument to resolve. Redefine the rule to explicitly define the param to resolve
[main] INFO com.ibm.engine.language.java.JavaDetectionEngine - Detected constructor definition has more then one argument to resolve. Redefine the rule to explicitly define the param to resolve
[main] INFO com.ibm.engine.language.java.JavaDetectionEngine - Detected constructor definition has more then one argument to resolve. Redefine the rule to explicitly define the param to resolve
[main] INFO com.ibm.engine.language.java.JavaDetectionEngine - Detected constructor definition has more then one argument to resolve. Redefine the rule to explicitly define the param to resolve
[main] INFO com.ibm.engine.language.java.JavaDetectionEngine - Detected constructor definition has more then one argument to resolve. Redefine the rule to explicitly define the param to resolve
[main] INFO com.ibm.engine.language.java.JavaDetectionEngine - Detected constructor definition has more then one argument to resolve. Redefine the rule to explicitly define the param to resolve
[main] INFO com.ibm.engine.language.java.JavaDetectionEngine - Detected constructor definition has more then one argument to resolve. Redefine the rule to explicitly define the param to resolve
[main] INFO com.ibm.engine.language.java.JavaDetectionEngine - Detected constructor definition has more then one argument to resolve. Redefine the rule to explicitly define the param to resolve
[main] INFO com.ibm.engine.language.java.JavaDetectionEngine - Detected constructor definition has more then one argument to resolve. Redefine the rule to explicitly define the param to resolve
[main] INFO com.ibm.engine.language.java.JavaDetectionEngine - Detected constructor definition has more then one argument to resolve. Redefine the rule to explicitly define the param to resolve
[main] INFO com.ibm.engine.language.java.JavaDetectionEngine - Detected constructor definition has more then one argument to resolve. Redefine the rule to explicitly define the param to resolve
[main] INFO com.ibm.engine.language.java.JavaDetectionEngine - Detected constructor definition has more then one argument to resolve. Redefine the rule to explicitly define the param to resolve
[main] INFO com.ibm.engine.language.java.JavaDetectionEngine - Detected constructor definition has more then one argument to resolve. Redefine the rule to explicitly define the param to resolve
[main] INFO com.ibm.engine.language.java.JavaDetectionEngine - Detected constructor definition has more then one argument to resolve. Redefine the rule to explicitly define the param to resolve
[main] INFO com.ibm.engine.language.java.JavaDetectionEngine - Detected constructor definition has more then one argument to resolve. Redefine the rule to explicitly define the param to resolve
[main] INFO com.ibm.engine.language.java.JavaDetectionEngine - Detected constructor definition has more then one argument to resolve. Redefine the rule to explicitly define the param to resolve
[main] INFO com.ibm.engine.language.java.JavaDetectionEngine - Detected constructor definition has more then one argument to resolve. Redefine the rule to explicitly define the param to resolve
[main] INFO com.ibm.engine.language.java.JavaDetectionEngine - Detected constructor definition has more then one argument to resolve. Redefine the rule to explicitly define the param to resolve
[main] INFO com.ibm.engine.language.java.JavaDetectionEngine - Detected constructor definition has more then one argument to resolve. Redefine the rule to explicitly define the param to resolve
[main] INFO com.ibm.engine.language.java.JavaDetectionEngine - Detected constructor definition has more then one argument to resolve. Redefine the rule to explicitly define the param to resolve
[main] INFO com.ibm.engine.language.java.JavaDetectionEngine - Detected constructor definition has more then one argument to resolve. Redefine the rule to explicitly define the param to resolve
[main] INFO com.ibm.engine.language.java.JavaDetectionEngine - Detected constructor definition has more then one argument to resolve. Redefine the rule to explicitly define the param to resolve
[main] INFO com.ibm.engine.language.java.JavaDetectionEngine - Detected constructor definition has more then one argument to resolve. Redefine the rule to explicitly define the param to resolve
[main] INFO com.ibm.engine.language.java.JavaDetectionEngine - Detected constructor definition has more then one argument to resolve. Redefine the rule to explicitly define the param to resolve
[main] INFO com.ibm.engine.language.java.JavaDetectionEngine - Detected constructor definition has more then one argument to resolve. Redefine the rule to explicitly define the param to resolve
[main] INFO com.ibm.engine.language.java.JavaDetectionEngine - Detected constructor definition has more then one argument to resolve. Redefine the rule to explicitly define the param to resolve
[main] INFO com.ibm.engine.language.java.JavaDetectionEngine - Detected constructor definition has more then one argument to resolve. Redefine the rule to explicitly define the param to resolve
[main] INFO com.ibm.engine.language.java.JavaDetectionEngine - Detected constructor definition has more then one argument to resolve. Redefine the rule to explicitly define the param to resolve
[main] INFO com.ibm.engine.language.java.JavaDetectionEngine - Detected constructor definition has more then one argument to resolve. Redefine the rule to explicitly define the param to resolve
[main] INFO com.ibm.engine.language.java.JavaDetectionEngine - Detected constructor definition has more then one argument to resolve. Redefine the rule to explicitly define the param to resolve
[main] INFO com.ibm.engine.language.java.JavaDetectionEngine - Detected constructor definition has more then one argument to resolve. Redefine the rule to explicitly define the param to resolve
[main] INFO com.ibm.engine.language.java.JavaDetectionEngine - Detected constructor definition has more then one argument to resolve. Redefine the rule to explicitly define the param to resolve
[main] INFO com.ibm.engine.language.java.JavaDetectionEngine - Detected constructor definition has more then one argument to resolve. Redefine the rule to explicitly define the param to resolve
[main] INFO com.ibm.engine.language.java.JavaDetectionEngine - Detected constructor definition has more then one argument to resolve. Redefine the rule to explicitly define the param to resolve
[main] INFO com.ibm.engine.language.java.JavaDetectionEngine - Detected constructor definition has more then one argument to resolve. Redefine the rule to explicitly define the param to resolve
[main] INFO com.ibm.engine.language.java.JavaDetectionEngine - Detected constructor definition has more then one argument to resolve. Redefine the rule to explicitly define the param to resolve
[main] INFO com.ibm.engine.language.java.JavaDetectionEngine - Detected constructor definition has more then one argument to resolve. Redefine the rule to explicitly define the param to resolve
[main] INFO com.ibm.engine.language.java.JavaDetectionEngine - Detected constructor definition has more then one argument to resolve. Redefine the rule to explicitly define the param to resolve
[main] INFO com.ibm.engine.language.java.JavaDetectionEngine - Detected constructor definition has more then one argument to resolve. Redefine the rule to explicitly define the param to resolve
[main] INFO com.ibm.engine.language.java.JavaDetectionEngine - Detected constructor definition has more then one argument to resolve. Redefine the rule to explicitly define the param to resolve
[main] INFO com.ibm.engine.language.java.JavaDetectionEngine - Detected constructor definition has more then one argument to resolve. Redefine the rule to explicitly define the param to resolve
[main] INFO com.ibm.engine.language.java.JavaDetectionEngine - Detected constructor definition has more then one argument to resolve. Redefine the rule to explicitly define the param to resolve
[main] INFO com.ibm.engine.language.java.JavaDetectionEngine - Detected constructor definition has more then one argument to resolve. Redefine the rule to explicitly define the param to resolve
[main] INFO com.ibm.engine.language.java.JavaDetectionEngine - Detected constructor definition has more then one argument to resolve. Redefine the rule to explicitly define the param to resolve
[main] INFO com.ibm.engine.language.java.JavaDetectionEngine - Detected constructor definition has more then one argument to resolve. Redefine the rule to explicitly define the param to resolve
[main] INFO com.ibm.engine.language.java.JavaDetectionEngine - Detected constructor definition has more then one argument to resolve. Redefine the rule to explicitly define the param to resolve
[main] INFO com.ibm.engine.language.java.JavaDetectionEngine - Detected constructor definition has more then one argument to resolve. Redefine the rule to explicitly define the param to resolve
[main] INFO com.ibm.engine.language.java.JavaDetectionEngine - Detected constructor definition has more then one argument to resolve. Redefine the rule to explicitly define the param to resolve
[main] INFO com.ibm.engine.language.java.JavaDetectionEngine - Detected constructor definition has more then one argument to resolve. Redefine the rule to explicitly define the param to resolve
[main] INFO com.ibm.engine.language.java.JavaDetectionEngine - Detected constructor definition has more then one argument to resolve. Redefine the rule to explicitly define the param to resolve
[main] INFO com.ibm.engine.language.java.JavaDetectionEngine - Detected constructor definition has more then one argument to resolve. Redefine the rule to explicitly define the param to resolve
[main] INFO com.ibm.engine.language.java.JavaDetectionEngine - Detected constructor definition has more then one argument to resolve. Redefine the rule to explicitly define the param to resolve
[main] INFO com.ibm.engine.language.java.JavaDetectionEngine - Detected constructor definition has more then one argument to resolve. Redefine the rule to explicitly define the param to resolve
[main] INFO com.ibm.engine.language.java.JavaDetectionEngine - Detected constructor definition has more then one argument to resolve. Redefine the rule to explicitly define the param to resolve
[main] INFO com.ibm.engine.language.java.JavaDetectionEngine - Detected constructor definition has more then one argument to resolve. Redefine the rule to explicitly define the param to resolve
[main] INFO com.ibm.engine.language.java.JavaDetectionEngine - Detected constructor definition has more then one argument to resolve. Redefine the rule to explicitly define the param to resolve
[main] INFO com.ibm.engine.language.java.JavaDetectionEngine - Detected constructor definition has more then one argument to resolve. Redefine the rule to explicitly define the param to resolve
[main] INFO com.ibm.engine.language.java.JavaDetectionEngine - Detected constructor definition has more then one argument to resolve. Redefine the rule to explicitly define the param to resolve
[main] INFO com.ibm.engine.language.java.JavaDetectionEngine - Detected constructor definition has more then one argument to resolve. Redefine the rule to explicitly define the param to resolve
[main] INFO com.ibm.engine.language.java.JavaDetectionEngine - Detected constructor definition has more then one argument to resolve. Redefine the rule to explicitly define the param to resolve
[main] INFO com.ibm.engine.language.java.JavaDetectionEngine - Detected constructor definition has more then one argument to resolve. Redefine the rule to explicitly define the param to resolve
[main] INFO com.ibm.engine.language.java.JavaDetectionEngine - Detected constructor definition has more then one argument to resolve. Redefine the rule to explicitly define the param to resolve
[main] INFO com.ibm.engine.language.java.JavaDetectionEngine - Detected constructor definition has more then one argument to resolve. Redefine the rule to explicitly define the param to resolve
[main] INFO com.ibm.engine.language.java.JavaDetectionEngine - Detected constructor definition has more then one argument to resolve. Redefine the rule to explicitly define the param to resolve
[main] INFO com.ibm.engine.language.java.JavaDetectionEngine - Detected constructor definition has more then one argument to resolve. Redefine the rule to explicitly define the param to resolve
[main] INFO com.ibm.engine.language.java.JavaDetectionEngine - Detected constructor definition has more then one argument to resolve. Redefine the rule to explicitly define the param to resolve
[main] INFO com.ibm.engine.language.java.JavaDetectionEngine - Detected constructor definition has more then one argument to resolve. Redefine the rule to explicitly define the param to resolve
[main] INFO com.ibm.engine.language.java.JavaDetectionEngine - Detected constructor definition has more then one argument to resolve. Redefine the rule to explicitly define the param to resolve
[main] INFO com.ibm.engine.language.java.JavaDetectionEngine - Detected constructor definition has more then one argument to resolve. Redefine the rule to explicitly define the param to resolve
[main] INFO com.ibm.engine.language.java.JavaDetectionEngine - Detected constructor definition has more then one argument to resolve. Redefine the rule to explicitly define the param to resolve
[main] INFO com.ibm.engine.language.java.JavaDetectionEngine - Detected constructor definition has more then one argument to resolve. Redefine the rule to explicitly define the param to resolve
[main] INFO com.ibm.engine.language.java.JavaDetectionEngine - Detected constructor definition has more then one argument to resolve. Redefine the rule to explicitly define the param to resolve
[main] INFO com.ibm.engine.language.java.JavaDetectionEngine - Detected constructor definition has more then one argument to resolve. Redefine the rule to explicitly define the param to resolve
[main] INFO com.ibm.engine.language.java.JavaDetectionEngine - Detected constructor definition has more then one argument to resolve. Redefine the rule to explicitly define the param to resolve
[main] INFO com.ibm.engine.language.java.JavaDetectionEngine - Detected constructor definition has more then one argument to resolve. Redefine the rule to explicitly define the param to resolve
[main] INFO com.ibm.engine.language.java.JavaDetectionEngine - Detected constructor definition has more then one argument to resolve. Redefine the rule to explicitly define the param to resolve
[main] INFO com.ibm.engine.language.java.JavaDetectionEngine - Detected constructor definition has more then one argument to resolve. Redefine the rule to explicitly define the param to resolve
[main] INFO com.ibm.engine.language.java.JavaDetectionEngine - Detected constructor definition has more then one argument to resolve. Redefine the rule to explicitly define the param to resolve
[main] INFO com.ibm.engine.language.java.JavaDetectionEngine - Detected constructor definition has more then one argument to resolve. Redefine the rule to explicitly define the param to resolve
[main] INFO com.ibm.engine.language.java.JavaDetectionEngine - Detected constructor definition has more then one argument to resolve. Redefine the rule to explicitly define the param to resolve
[main] INFO com.ibm.engine.language.java.JavaDetectionEngine - Detected constructor definition has more then one argument to resolve. Redefine the rule to explicitly define the param to resolve
[main] INFO com.ibm.engine.language.java.JavaDetectionEngine - Detected constructor definition has more then one argument to resolve. Redefine the rule to explicitly define the param to resolve
[main] INFO com.ibm.engine.language.java.JavaDetectionEngine - Detected constructor definition has more then one argument to resolve. Redefine the rule to explicitly define the param to resolve
[main] INFO com.ibm.output.IAggregator - Detected (SecretKey) PBKDF2
[main] INFO com.ibm.output.IAggregator - Detected (Key) EC
[main] INFO com.ibm.output.IAggregator - Detected (Key) EC
[main] INFO com.ibm.output.IAggregator - Detected (Signature) ECDSA-SHA-256
[main] INFO com.ibm.output.IAggregator - Detected (Key) EC
[main] INFO com.ibm.output.IAggregator - Detected (Key) EC
[main] INFO com.ibm.output.IAggregator - Detected (KeyAgreement) ECDH
[main] INFO org.sonar.java.ProgressMonitor - 100% analyzed
[main] INFO org.sonar.java.ProgressMonitor - Batch processing: Done.
[main] INFO org.sonar.java.model.VisitorsBridge - Did not optimize analysis for any files, performed a full analysis for all 1 files.
[main] INFO org.sonar.java.JavaFrontend - No "Test" source files to scan.
[main] INFO org.sonar.java.JavaFrontend - No "Generated" source files to scan.
[main] INFO org.pqca.scanning.ScannerService - Scanned 1 java projects
[main] INFO org.pqca.BomGenerator - Wrote cbom /home/tako/naryun/cbom/cbom-lab/results/action/remediated/cbom_java-app.json with 34 findings
[main] INFO org.pqca.indexing.IndexingService - Indexing projects ...
[main] INFO org.pqca.indexing.IndexingService - Found project module 'python-app' [1 .py files]
[main] INFO org.pqca.scanning.ScannerService - Start scanning 1 python projects
[main] INFO org.pqca.scanning.ScannerService - Scanning python project python-app (1/1)
[main] INFO com.ibm.output.IAggregator - Detected (AuthenticatedEncryption) AES-GCM
[main] INFO com.ibm.output.IAggregator - Detected (AuthenticatedEncryption) AES-GCM
[main] INFO com.ibm.output.IAggregator - Detected (PrivateKey) RSA
[main] INFO com.ibm.output.IAggregator - Detected (MessageDigest) SHA-256
[main] INFO com.ibm.output.IAggregator - Detected (MessageDigest) SHA-256
[main] INFO com.ibm.output.IAggregator - Detected (PasswordBasedKeyDerivationFunction) PBKDF2-SHA-256
[main] INFO com.ibm.output.IAggregator - Detected (PrivateKey) EC-secp256r1
[main] INFO com.ibm.output.IAggregator - Detected (PrivateKey) EC-secp256r1
[main] INFO com.ibm.output.IAggregator - Detected (PrivateKey) EC-secp256r1
[main] INFO org.pqca.scanning.ScannerService - Scanned 1 python projects
[main] INFO org.pqca.BomGenerator - Wrote cbom /home/tako/naryun/cbom/cbom-lab/results/action/remediated/cbom_python-app.json with 15 findings
[main] INFO org.pqca.indexing.IndexingService - Indexing projects ...
[main] INFO org.pqca.indexing.IndexingService - Found project module 'go-app' [2 .go files]
[main] INFO org.pqca.scanning.ScannerService - Start scanning 1 go projects
[main] INFO org.pqca.scanning.ScannerService - Scanning go project go-app (1/1)
[main] INFO org.sonar.go.report.GoProgressReport - 1 folder (1 file) to be analyzed
[main] INFO com.ibm.output.IAggregator - Detected (AuthenticatedEncryption) AES-128-GCM
[main] INFO com.ibm.output.IAggregator - Detected (PublicKeyEncryption) RSA-2048
[main] INFO com.ibm.output.IAggregator - Detected (PublicKeyEncryption) RSA-OAEP
[main] INFO com.ibm.output.IAggregator - Detected (MessageDigest) SHA-256
[main] INFO com.ibm.output.IAggregator - Detected (Signature) ECDSA-secp256r1
[main] INFO com.ibm.output.IAggregator - Detected (MessageDigest) SHA-256
[main] INFO com.ibm.output.IAggregator - Detected (KeyAgreement) ECDH
[main] INFO org.sonar.go.report.GoProgressReport - 1/1 folder (1 file) has been analyzed
[main] INFO org.pqca.scanning.ScannerService - Scanned 1 go projects
[main] INFO org.pqca.BomGenerator - Wrote cbom /home/tako/naryun/cbom/cbom-lab/results/action/remediated/cbom_go-app.json with 9 findings
[main] INFO org.pqca.Main - Scanned 4 files with 245 lines in 2.677 seconds.
[main] INFO org.pqca.BomGenerator - Wrote cbom /home/tako/naryun/cbom/cbom-lab/results/action/remediated/cbom.json with 58 findings
