16:38:04.131 INFO  Scanner configuration file: /home/tako/naryun/cbom/cbom-lab/tools/sonar-scanner-8.1.0.6389-linux-x64/conf/sonar-scanner.properties
16:38:04.134 INFO  Project root configuration file: /home/tako/naryun/cbom/cbom-lab/sonar-project.properties
16:38:04.151 INFO  SonarScanner CLI 8.1.0.6389
16:38:04.158 INFO  Linux 6.8.0-60-generic amd64
16:38:08.976 INFO  Communicating with SonarQube Community Build 26.1.0.118079
16:38:08.977 INFO  JRE provisioning: os[linux], arch[x86_64]
16:38:11.801 INFO  Starting SonarScanner Engine...
16:38:11.801 INFO  Java 21.0.9 Eclipse Adoptium (64-bit)
16:38:16.898 INFO  Load global settings
16:38:17.041 INFO  Load global settings (done) | time=143ms
16:38:17.045 INFO  Server id: 147B411E-AaA32H44zkF1DI1rv6x5
16:38:17.056 INFO  Loading required plugins
16:38:17.057 INFO  Load plugins index
16:38:17.075 INFO  Load plugins index (done) | time=19ms
16:38:17.076 INFO  Load/download plugins
16:38:17.359 INFO  Load/download plugins (done) | time=283ms
16:38:17.702 INFO  Process project properties
16:38:17.718 INFO  Process project properties (done) | time=16ms
16:38:17.731 INFO  Project key: cbom-lab
16:38:17.731 INFO  Base dir: /home/tako/naryun/cbom/cbom-lab
16:38:17.732 INFO  Working dir: /home/tako/naryun/cbom/cbom-lab/.scannerwork
16:38:17.742 INFO  Load project settings for component key: 'cbom-lab'
16:38:17.776 INFO  Load quality profiles
16:38:17.864 INFO  Load quality profiles (done) | time=87ms
16:38:17.910 WARN  SCM provider autodetection failed. Please use "sonar.scm.provider" to define SCM of your project, or disable the SCM Sensor in the project settings.
16:38:17.924 INFO  Load active rules
16:38:18.282 INFO  Load active rules (done) | time=358ms
16:38:18.291 INFO  Load analysis cache
16:38:18.296 INFO  Load analysis cache (404) | time=6ms
16:38:18.380 INFO  Preprocessing files...
16:38:18.402 INFO  3 languages detected in 6 preprocessed files (done) | time=22ms
16:38:18.403 INFO  0 files ignored because of inclusion/exclusion patterns
16:38:18.404 INFO  Loading plugins for detected languages
16:38:18.405 INFO  Load/download plugins
16:38:19.036 INFO  Load/download plugins (done) | time=632ms
16:38:19.175 INFO  Sonar Cryptography initialized in context (SONARQUBE)
16:38:19.256 INFO  Load project repositories
16:38:19.264 INFO  Load project repositories (done) | time=8ms
16:38:19.290 INFO  Indexing files...
16:38:19.290 INFO  Project configuration:
16:38:19.291 INFO    Excluded sources: **/target/**, **/__pycache__/**, **/*.pem
16:38:19.302 INFO  6 files indexed (done) | time=13ms
16:38:19.303 INFO  Quality profile for go: CBOM Lab
16:38:19.304 INFO  Quality profile for java: CBOM Lab
16:38:19.304 INFO  Quality profile for py: CBOM Lab
16:38:19.304 INFO  ------------- Run sensors on module CBOM Lab
16:38:19.332 INFO  Sonar Cryptography initialized in context (SONARQUBE)
16:38:19.401 INFO  Load metrics repository
16:38:19.432 INFO  Load metrics repository (done) | time=31ms
16:38:20.712 INFO  Sensor JavaSensor [java]
16:38:20.741 INFO  Server-side caching is enabled. The Java analyzer will not try to leverage data from a previous analysis.
16:38:20.742 INFO  Using ECJ batch to parse 1 Main java source files with batch size 500 KB.
16:38:21.039 INFO  Starting batch processing.
16:38:21.627 INFO  The Java analyzer cannot skip unchanged files in this context. A full analysis is performed for all files.
16:38:21.860 INFO  Detected (SecretKey) AES
16:38:21.898 INFO  Detected constructor definition has more then one argument to resolve. Redefine the rule to explicitly define the param to resolve
16:38:21.898 INFO  Detected constructor definition has more then one argument to resolve. Redefine the rule to explicitly define the param to resolve
16:38:21.902 INFO  Detected constructor definition has more then one argument to resolve. Redefine the rule to explicitly define the param to resolve
16:38:21.902 INFO  Detected constructor definition has more then one argument to resolve. Redefine the rule to explicitly define the param to resolve
16:38:21.902 INFO  Detected constructor definition has more then one argument to resolve. Redefine the rule to explicitly define the param to resolve
16:38:21.902 INFO  Detected constructor definition has more then one argument to resolve. Redefine the rule to explicitly define the param to resolve
16:38:21.903 INFO  Detected constructor definition has more then one argument to resolve. Redefine the rule to explicitly define the param to resolve
16:38:21.903 INFO  Detected constructor definition has more then one argument to resolve. Redefine the rule to explicitly define the param to resolve
16:38:21.903 INFO  Detected constructor definition has more then one argument to resolve. Redefine the rule to explicitly define the param to resolve
16:38:21.903 INFO  Detected constructor definition has more then one argument to resolve. Redefine the rule to explicitly define the param to resolve
16:38:21.905 INFO  Detected constructor definition has more then one argument to resolve. Redefine the rule to explicitly define the param to resolve
16:38:21.905 INFO  Detected constructor definition has more then one argument to resolve. Redefine the rule to explicitly define the param to resolve
16:38:21.906 INFO  Detected constructor definition has more then one argument to resolve. Redefine the rule to explicitly define the param to resolve
16:38:21.906 INFO  Detected constructor definition has more then one argument to resolve. Redefine the rule to explicitly define the param to resolve
16:38:21.906 INFO  Detected constructor definition has more then one argument to resolve. Redefine the rule to explicitly define the param to resolve
16:38:21.907 INFO  Detected constructor definition has more then one argument to resolve. Redefine the rule to explicitly define the param to resolve
16:38:21.907 INFO  Detected constructor definition has more then one argument to resolve. Redefine the rule to explicitly define the param to resolve
16:38:21.907 INFO  Detected constructor definition has more then one argument to resolve. Redefine the rule to explicitly define the param to resolve
16:38:21.908 INFO  Detected constructor definition has more then one argument to resolve. Redefine the rule to explicitly define the param to resolve
16:38:21.908 INFO  Detected constructor definition has more then one argument to resolve. Redefine the rule to explicitly define the param to resolve
16:38:21.909 INFO  Detected constructor definition has more then one argument to resolve. Redefine the rule to explicitly define the param to resolve
16:38:21.909 INFO  Detected constructor definition has more then one argument to resolve. Redefine the rule to explicitly define the param to resolve
16:38:21.910 INFO  Detected constructor definition has more then one argument to resolve. Redefine the rule to explicitly define the param to resolve
16:38:21.910 INFO  Detected constructor definition has more then one argument to resolve. Redefine the rule to explicitly define the param to resolve
16:38:21.911 INFO  Detected constructor definition has more then one argument to resolve. Redefine the rule to explicitly define the param to resolve
16:38:21.911 INFO  Detected constructor definition has more then one argument to resolve. Redefine the rule to explicitly define the param to resolve
16:38:21.911 INFO  Detected constructor definition has more then one argument to resolve. Redefine the rule to explicitly define the param to resolve
16:38:21.911 INFO  Detected constructor definition has more then one argument to resolve. Redefine the rule to explicitly define the param to resolve
16:38:21.912 INFO  Detected constructor definition has more then one argument to resolve. Redefine the rule to explicitly define the param to resolve
16:38:21.913 INFO  Detected constructor definition has more then one argument to resolve. Redefine the rule to explicitly define the param to resolve
16:38:21.914 INFO  Detected constructor definition has more then one argument to resolve. Redefine the rule to explicitly define the param to resolve
16:38:21.914 INFO  Detected constructor definition has more then one argument to resolve. Redefine the rule to explicitly define the param to resolve
16:38:21.915 INFO  Detected constructor definition has more then one argument to resolve. Redefine the rule to explicitly define the param to resolve
16:38:21.915 INFO  Detected constructor definition has more then one argument to resolve. Redefine the rule to explicitly define the param to resolve
16:38:21.916 INFO  Detected constructor definition has more then one argument to resolve. Redefine the rule to explicitly define the param to resolve
16:38:21.916 INFO  Detected constructor definition has more then one argument to resolve. Redefine the rule to explicitly define the param to resolve
16:38:21.917 INFO  Detected constructor definition has more then one argument to resolve. Redefine the rule to explicitly define the param to resolve
16:38:21.917 INFO  Detected constructor definition has more then one argument to resolve. Redefine the rule to explicitly define the param to resolve
16:38:21.918 INFO  Detected constructor definition has more then one argument to resolve. Redefine the rule to explicitly define the param to resolve
16:38:21.918 INFO  Detected constructor definition has more then one argument to resolve. Redefine the rule to explicitly define the param to resolve
16:38:21.919 INFO  Detected constructor definition has more then one argument to resolve. Redefine the rule to explicitly define the param to resolve
16:38:21.919 INFO  Detected constructor definition has more then one argument to resolve. Redefine the rule to explicitly define the param to resolve
16:38:21.920 INFO  Detected constructor definition has more then one argument to resolve. Redefine the rule to explicitly define the param to resolve
16:38:21.920 INFO  Detected constructor definition has more then one argument to resolve. Redefine the rule to explicitly define the param to resolve
16:38:21.921 INFO  Detected constructor definition has more then one argument to resolve. Redefine the rule to explicitly define the param to resolve
16:38:21.921 INFO  Detected constructor definition has more then one argument to resolve. Redefine the rule to explicitly define the param to resolve
16:38:21.922 INFO  Detected constructor definition has more then one argument to resolve. Redefine the rule to explicitly define the param to resolve
16:38:21.922 INFO  Detected constructor definition has more then one argument to resolve. Redefine the rule to explicitly define the param to resolve
16:38:21.924 INFO  Detected constructor definition has more then one argument to resolve. Redefine the rule to explicitly define the param to resolve
16:38:21.925 INFO  Detected constructor definition has more then one argument to resolve. Redefine the rule to explicitly define the param to resolve
16:38:21.925 INFO  Detected constructor definition has more then one argument to resolve. Redefine the rule to explicitly define the param to resolve
16:38:21.925 INFO  Detected constructor definition has more then one argument to resolve. Redefine the rule to explicitly define the param to resolve
16:38:21.925 INFO  Detected constructor definition has more then one argument to resolve. Redefine the rule to explicitly define the param to resolve
16:38:21.925 INFO  Detected constructor definition has more then one argument to resolve. Redefine the rule to explicitly define the param to resolve
16:38:21.926 INFO  Detected constructor definition has more then one argument to resolve. Redefine the rule to explicitly define the param to resolve
16:38:21.926 INFO  Detected constructor definition has more then one argument to resolve. Redefine the rule to explicitly define the param to resolve
16:38:21.926 INFO  Detected constructor definition has more then one argument to resolve. Redefine the rule to explicitly define the param to resolve
16:38:21.926 INFO  Detected constructor definition has more then one argument to resolve. Redefine the rule to explicitly define the param to resolve
16:38:21.926 INFO  Detected constructor definition has more then one argument to resolve. Redefine the rule to explicitly define the param to resolve
16:38:21.927 INFO  Detected constructor definition has more then one argument to resolve. Redefine the rule to explicitly define the param to resolve
16:38:21.927 INFO  Detected constructor definition has more then one argument to resolve. Redefine the rule to explicitly define the param to resolve
16:38:21.927 INFO  Detected constructor definition has more then one argument to resolve. Redefine the rule to explicitly define the param to resolve
16:38:21.927 INFO  Detected constructor definition has more then one argument to resolve. Redefine the rule to explicitly define the param to resolve
16:38:21.927 INFO  Detected constructor definition has more then one argument to resolve. Redefine the rule to explicitly define the param to resolve
16:38:21.938 INFO  Detected (SecretKey) AES
16:38:21.955 INFO  Detected constructor definition has more then one argument to resolve. Redefine the rule to explicitly define the param to resolve
16:38:21.955 INFO  Detected constructor definition has more then one argument to resolve. Redefine the rule to explicitly define the param to resolve
16:38:21.956 INFO  Detected constructor definition has more then one argument to resolve. Redefine the rule to explicitly define the param to resolve
16:38:21.956 INFO  Detected constructor definition has more then one argument to resolve. Redefine the rule to explicitly define the param to resolve
16:38:21.956 INFO  Detected constructor definition has more then one argument to resolve. Redefine the rule to explicitly define the param to resolve
16:38:21.956 INFO  Detected constructor definition has more then one argument to resolve. Redefine the rule to explicitly define the param to resolve
16:38:21.956 INFO  Detected constructor definition has more then one argument to resolve. Redefine the rule to explicitly define the param to resolve
16:38:21.957 INFO  Detected constructor definition has more then one argument to resolve. Redefine the rule to explicitly define the param to resolve
16:38:21.957 INFO  Detected constructor definition has more then one argument to resolve. Redefine the rule to explicitly define the param to resolve
16:38:21.957 INFO  Detected constructor definition has more then one argument to resolve. Redefine the rule to explicitly define the param to resolve
16:38:21.958 INFO  Detected constructor definition has more then one argument to resolve. Redefine the rule to explicitly define the param to resolve
16:38:21.959 INFO  Detected constructor definition has more then one argument to resolve. Redefine the rule to explicitly define the param to resolve
16:38:21.959 INFO  Detected constructor definition has more then one argument to resolve. Redefine the rule to explicitly define the param to resolve
16:38:21.960 INFO  Detected constructor definition has more then one argument to resolve. Redefine the rule to explicitly define the param to resolve
16:38:21.960 INFO  Detected constructor definition has more then one argument to resolve. Redefine the rule to explicitly define the param to resolve
16:38:21.960 INFO  Detected constructor definition has more then one argument to resolve. Redefine the rule to explicitly define the param to resolve
16:38:21.960 INFO  Detected constructor definition has more then one argument to resolve. Redefine the rule to explicitly define the param to resolve
16:38:21.961 INFO  Detected constructor definition has more then one argument to resolve. Redefine the rule to explicitly define the param to resolve
16:38:21.961 INFO  Detected constructor definition has more then one argument to resolve. Redefine the rule to explicitly define the param to resolve
16:38:21.961 INFO  Detected constructor definition has more then one argument to resolve. Redefine the rule to explicitly define the param to resolve
16:38:21.961 INFO  Detected constructor definition has more then one argument to resolve. Redefine the rule to explicitly define the param to resolve
16:38:21.962 INFO  Detected constructor definition has more then one argument to resolve. Redefine the rule to explicitly define the param to resolve
16:38:21.962 INFO  Detected constructor definition has more then one argument to resolve. Redefine the rule to explicitly define the param to resolve
16:38:21.962 INFO  Detected constructor definition has more then one argument to resolve. Redefine the rule to explicitly define the param to resolve
16:38:21.963 INFO  Detected constructor definition has more then one argument to resolve. Redefine the rule to explicitly define the param to resolve
16:38:21.963 INFO  Detected constructor definition has more then one argument to resolve. Redefine the rule to explicitly define the param to resolve
16:38:21.963 INFO  Detected constructor definition has more then one argument to resolve. Redefine the rule to explicitly define the param to resolve
16:38:21.963 INFO  Detected constructor definition has more then one argument to resolve. Redefine the rule to explicitly define the param to resolve
16:38:21.963 INFO  Detected constructor definition has more then one argument to resolve. Redefine the rule to explicitly define the param to resolve
16:38:21.964 INFO  Detected constructor definition has more then one argument to resolve. Redefine the rule to explicitly define the param to resolve
16:38:21.964 INFO  Detected constructor definition has more then one argument to resolve. Redefine the rule to explicitly define the param to resolve
16:38:21.964 INFO  Detected constructor definition has more then one argument to resolve. Redefine the rule to explicitly define the param to resolve
16:38:21.964 INFO  Detected constructor definition has more then one argument to resolve. Redefine the rule to explicitly define the param to resolve
16:38:21.965 INFO  Detected constructor definition has more then one argument to resolve. Redefine the rule to explicitly define the param to resolve
16:38:21.965 INFO  Detected constructor definition has more then one argument to resolve. Redefine the rule to explicitly define the param to resolve
16:38:21.965 INFO  Detected constructor definition has more then one argument to resolve. Redefine the rule to explicitly define the param to resolve
16:38:21.966 INFO  Detected constructor definition has more then one argument to resolve. Redefine the rule to explicitly define the param to resolve
16:38:21.966 INFO  Detected constructor definition has more then one argument to resolve. Redefine the rule to explicitly define the param to resolve
16:38:21.966 INFO  Detected constructor definition has more then one argument to resolve. Redefine the rule to explicitly define the param to resolve
16:38:21.966 INFO  Detected constructor definition has more then one argument to resolve. Redefine the rule to explicitly define the param to resolve
16:38:21.967 INFO  Detected constructor definition has more then one argument to resolve. Redefine the rule to explicitly define the param to resolve
16:38:21.967 INFO  Detected constructor definition has more then one argument to resolve. Redefine the rule to explicitly define the param to resolve
16:38:21.967 INFO  Detected constructor definition has more then one argument to resolve. Redefine the rule to explicitly define the param to resolve
16:38:21.967 INFO  Detected constructor definition has more then one argument to resolve. Redefine the rule to explicitly define the param to resolve
16:38:21.968 INFO  Detected constructor definition has more then one argument to resolve. Redefine the rule to explicitly define the param to resolve
16:38:21.968 INFO  Detected constructor definition has more then one argument to resolve. Redefine the rule to explicitly define the param to resolve
16:38:21.968 INFO  Detected constructor definition has more then one argument to resolve. Redefine the rule to explicitly define the param to resolve
16:38:21.968 INFO  Detected constructor definition has more then one argument to resolve. Redefine the rule to explicitly define the param to resolve
16:38:21.968 INFO  Detected constructor definition has more then one argument to resolve. Redefine the rule to explicitly define the param to resolve
16:38:21.969 INFO  Detected constructor definition has more then one argument to resolve. Redefine the rule to explicitly define the param to resolve
16:38:21.969 INFO  Detected constructor definition has more then one argument to resolve. Redefine the rule to explicitly define the param to resolve
16:38:21.969 INFO  Detected constructor definition has more then one argument to resolve. Redefine the rule to explicitly define the param to resolve
16:38:21.969 INFO  Detected constructor definition has more then one argument to resolve. Redefine the rule to explicitly define the param to resolve
16:38:21.969 INFO  Detected constructor definition has more then one argument to resolve. Redefine the rule to explicitly define the param to resolve
16:38:21.969 INFO  Detected constructor definition has more then one argument to resolve. Redefine the rule to explicitly define the param to resolve
16:38:21.970 INFO  Detected constructor definition has more then one argument to resolve. Redefine the rule to explicitly define the param to resolve
16:38:21.970 INFO  Detected constructor definition has more then one argument to resolve. Redefine the rule to explicitly define the param to resolve
16:38:21.970 INFO  Detected constructor definition has more then one argument to resolve. Redefine the rule to explicitly define the param to resolve
16:38:21.970 INFO  Detected constructor definition has more then one argument to resolve. Redefine the rule to explicitly define the param to resolve
16:38:21.970 INFO  Detected constructor definition has more then one argument to resolve. Redefine the rule to explicitly define the param to resolve
16:38:21.971 INFO  Detected constructor definition has more then one argument to resolve. Redefine the rule to explicitly define the param to resolve
16:38:21.971 INFO  Detected constructor definition has more then one argument to resolve. Redefine the rule to explicitly define the param to resolve
16:38:21.971 INFO  Detected constructor definition has more then one argument to resolve. Redefine the rule to explicitly define the param to resolve
16:38:21.971 INFO  Detected constructor definition has more then one argument to resolve. Redefine the rule to explicitly define the param to resolve
16:38:21.991 INFO  Detected constructor definition has more then one argument to resolve. Redefine the rule to explicitly define the param to resolve
16:38:21.992 INFO  Detected constructor definition has more then one argument to resolve. Redefine the rule to explicitly define the param to resolve
16:38:21.992 INFO  Detected constructor definition has more then one argument to resolve. Redefine the rule to explicitly define the param to resolve
16:38:21.992 INFO  Detected constructor definition has more then one argument to resolve. Redefine the rule to explicitly define the param to resolve
16:38:21.992 INFO  Detected constructor definition has more then one argument to resolve. Redefine the rule to explicitly define the param to resolve
16:38:21.992 INFO  Detected constructor definition has more then one argument to resolve. Redefine the rule to explicitly define the param to resolve
16:38:21.992 INFO  Detected constructor definition has more then one argument to resolve. Redefine the rule to explicitly define the param to resolve
16:38:21.992 INFO  Detected constructor definition has more then one argument to resolve. Redefine the rule to explicitly define the param to resolve
16:38:21.993 INFO  Detected constructor definition has more then one argument to resolve. Redefine the rule to explicitly define the param to resolve
16:38:21.993 INFO  Detected constructor definition has more then one argument to resolve. Redefine the rule to explicitly define the param to resolve
16:38:21.993 INFO  Detected constructor definition has more then one argument to resolve. Redefine the rule to explicitly define the param to resolve
16:38:21.993 INFO  Detected constructor definition has more then one argument to resolve. Redefine the rule to explicitly define the param to resolve
16:38:21.993 INFO  Detected constructor definition has more then one argument to resolve. Redefine the rule to explicitly define the param to resolve
16:38:21.993 INFO  Detected constructor definition has more then one argument to resolve. Redefine the rule to explicitly define the param to resolve
16:38:21.994 INFO  Detected constructor definition has more then one argument to resolve. Redefine the rule to explicitly define the param to resolve
16:38:21.994 INFO  Detected constructor definition has more then one argument to resolve. Redefine the rule to explicitly define the param to resolve
16:38:21.994 INFO  Detected constructor definition has more then one argument to resolve. Redefine the rule to explicitly define the param to resolve
16:38:21.994 INFO  Detected constructor definition has more then one argument to resolve. Redefine the rule to explicitly define the param to resolve
16:38:21.994 INFO  Detected constructor definition has more then one argument to resolve. Redefine the rule to explicitly define the param to resolve
16:38:21.994 INFO  Detected constructor definition has more then one argument to resolve. Redefine the rule to explicitly define the param to resolve
16:38:21.994 INFO  Detected constructor definition has more then one argument to resolve. Redefine the rule to explicitly define the param to resolve
16:38:21.994 INFO  Detected constructor definition has more then one argument to resolve. Redefine the rule to explicitly define the param to resolve
16:38:21.995 INFO  Detected constructor definition has more then one argument to resolve. Redefine the rule to explicitly define the param to resolve
16:38:21.995 INFO  Detected constructor definition has more then one argument to resolve. Redefine the rule to explicitly define the param to resolve
16:38:21.995 INFO  Detected constructor definition has more then one argument to resolve. Redefine the rule to explicitly define the param to resolve
16:38:21.995 INFO  Detected constructor definition has more then one argument to resolve. Redefine the rule to explicitly define the param to resolve
16:38:21.995 INFO  Detected constructor definition has more then one argument to resolve. Redefine the rule to explicitly define the param to resolve
16:38:21.995 INFO  Detected constructor definition has more then one argument to resolve. Redefine the rule to explicitly define the param to resolve
16:38:21.995 INFO  Detected constructor definition has more then one argument to resolve. Redefine the rule to explicitly define the param to resolve
16:38:21.996 INFO  Detected constructor definition has more then one argument to resolve. Redefine the rule to explicitly define the param to resolve
16:38:21.996 INFO  Detected constructor definition has more then one argument to resolve. Redefine the rule to explicitly define the param to resolve
16:38:21.996 INFO  Detected constructor definition has more then one argument to resolve. Redefine the rule to explicitly define the param to resolve
16:38:21.996 INFO  Detected constructor definition has more then one argument to resolve. Redefine the rule to explicitly define the param to resolve
16:38:21.996 INFO  Detected constructor definition has more then one argument to resolve. Redefine the rule to explicitly define the param to resolve
16:38:21.996 INFO  Detected constructor definition has more then one argument to resolve. Redefine the rule to explicitly define the param to resolve
16:38:21.996 INFO  Detected constructor definition has more then one argument to resolve. Redefine the rule to explicitly define the param to resolve
16:38:21.997 INFO  Detected constructor definition has more then one argument to resolve. Redefine the rule to explicitly define the param to resolve
16:38:21.997 INFO  Detected constructor definition has more then one argument to resolve. Redefine the rule to explicitly define the param to resolve
16:38:21.997 INFO  Detected constructor definition has more then one argument to resolve. Redefine the rule to explicitly define the param to resolve
16:38:21.997 INFO  Detected constructor definition has more then one argument to resolve. Redefine the rule to explicitly define the param to resolve
16:38:21.997 INFO  Detected constructor definition has more then one argument to resolve. Redefine the rule to explicitly define the param to resolve
16:38:21.997 INFO  Detected constructor definition has more then one argument to resolve. Redefine the rule to explicitly define the param to resolve
16:38:21.997 INFO  Detected constructor definition has more then one argument to resolve. Redefine the rule to explicitly define the param to resolve
16:38:21.997 INFO  Detected constructor definition has more then one argument to resolve. Redefine the rule to explicitly define the param to resolve
16:38:21.998 INFO  Detected constructor definition has more then one argument to resolve. Redefine the rule to explicitly define the param to resolve
16:38:21.998 INFO  Detected constructor definition has more then one argument to resolve. Redefine the rule to explicitly define the param to resolve
16:38:21.998 INFO  Detected constructor definition has more then one argument to resolve. Redefine the rule to explicitly define the param to resolve
16:38:21.998 INFO  Detected constructor definition has more then one argument to resolve. Redefine the rule to explicitly define the param to resolve
16:38:21.998 INFO  Detected constructor definition has more then one argument to resolve. Redefine the rule to explicitly define the param to resolve
16:38:21.998 INFO  Detected constructor definition has more then one argument to resolve. Redefine the rule to explicitly define the param to resolve
16:38:21.998 INFO  Detected constructor definition has more then one argument to resolve. Redefine the rule to explicitly define the param to resolve
16:38:21.999 INFO  Detected constructor definition has more then one argument to resolve. Redefine the rule to explicitly define the param to resolve
16:38:21.999 INFO  Detected constructor definition has more then one argument to resolve. Redefine the rule to explicitly define the param to resolve
16:38:21.999 INFO  Detected constructor definition has more then one argument to resolve. Redefine the rule to explicitly define the param to resolve
16:38:21.999 INFO  Detected constructor definition has more then one argument to resolve. Redefine the rule to explicitly define the param to resolve
16:38:21.999 INFO  Detected constructor definition has more then one argument to resolve. Redefine the rule to explicitly define the param to resolve
16:38:21.999 INFO  Detected constructor definition has more then one argument to resolve. Redefine the rule to explicitly define the param to resolve
16:38:22.000 INFO  Detected constructor definition has more then one argument to resolve. Redefine the rule to explicitly define the param to resolve
16:38:22.000 INFO  Detected constructor definition has more then one argument to resolve. Redefine the rule to explicitly define the param to resolve
16:38:22.000 INFO  Detected constructor definition has more then one argument to resolve. Redefine the rule to explicitly define the param to resolve
16:38:22.000 INFO  Detected constructor definition has more then one argument to resolve. Redefine the rule to explicitly define the param to resolve
16:38:22.000 INFO  Detected constructor definition has more then one argument to resolve. Redefine the rule to explicitly define the param to resolve
16:38:22.000 INFO  Detected constructor definition has more then one argument to resolve. Redefine the rule to explicitly define the param to resolve
16:38:22.000 INFO  Detected constructor definition has more then one argument to resolve. Redefine the rule to explicitly define the param to resolve
16:38:22.001 INFO  Detected constructor definition has more then one argument to resolve. Redefine the rule to explicitly define the param to resolve
16:38:22.001 INFO  Detected constructor definition has more then one argument to resolve. Redefine the rule to explicitly define the param to resolve
16:38:22.001 INFO  Detected constructor definition has more then one argument to resolve. Redefine the rule to explicitly define the param to resolve
16:38:22.001 INFO  Detected constructor definition has more then one argument to resolve. Redefine the rule to explicitly define the param to resolve
16:38:22.001 INFO  Detected constructor definition has more then one argument to resolve. Redefine the rule to explicitly define the param to resolve
16:38:22.001 INFO  Detected constructor definition has more then one argument to resolve. Redefine the rule to explicitly define the param to resolve
16:38:22.001 INFO  Detected constructor definition has more then one argument to resolve. Redefine the rule to explicitly define the param to resolve
16:38:22.001 INFO  Detected constructor definition has more then one argument to resolve. Redefine the rule to explicitly define the param to resolve
16:38:22.002 INFO  Detected constructor definition has more then one argument to resolve. Redefine the rule to explicitly define the param to resolve
16:38:22.002 INFO  Detected constructor definition has more then one argument to resolve. Redefine the rule to explicitly define the param to resolve
16:38:22.002 INFO  Detected constructor definition has more then one argument to resolve. Redefine the rule to explicitly define the param to resolve
16:38:22.002 INFO  Detected constructor definition has more then one argument to resolve. Redefine the rule to explicitly define the param to resolve
16:38:22.002 INFO  Detected constructor definition has more then one argument to resolve. Redefine the rule to explicitly define the param to resolve
16:38:22.002 INFO  Detected constructor definition has more then one argument to resolve. Redefine the rule to explicitly define the param to resolve
16:38:22.002 INFO  Detected constructor definition has more then one argument to resolve. Redefine the rule to explicitly define the param to resolve
16:38:22.002 INFO  Detected constructor definition has more then one argument to resolve. Redefine the rule to explicitly define the param to resolve
16:38:22.003 INFO  Detected constructor definition has more then one argument to resolve. Redefine the rule to explicitly define the param to resolve
16:38:22.003 INFO  Detected constructor definition has more then one argument to resolve. Redefine the rule to explicitly define the param to resolve
16:38:22.003 INFO  Detected constructor definition has more then one argument to resolve. Redefine the rule to explicitly define the param to resolve
16:38:22.003 INFO  Detected constructor definition has more then one argument to resolve. Redefine the rule to explicitly define the param to resolve
16:38:22.003 INFO  Detected constructor definition has more then one argument to resolve. Redefine the rule to explicitly define the param to resolve
16:38:22.003 INFO  Detected constructor definition has more then one argument to resolve. Redefine the rule to explicitly define the param to resolve
16:38:22.003 INFO  Detected constructor definition has more then one argument to resolve. Redefine the rule to explicitly define the param to resolve
16:38:22.003 INFO  Detected constructor definition has more then one argument to resolve. Redefine the rule to explicitly define the param to resolve
16:38:22.004 INFO  Detected constructor definition has more then one argument to resolve. Redefine the rule to explicitly define the param to resolve
16:38:22.004 INFO  Detected constructor definition has more then one argument to resolve. Redefine the rule to explicitly define the param to resolve
16:38:22.004 INFO  Detected constructor definition has more then one argument to resolve. Redefine the rule to explicitly define the param to resolve
16:38:22.004 INFO  Detected constructor definition has more then one argument to resolve. Redefine the rule to explicitly define the param to resolve
16:38:22.004 INFO  Detected constructor definition has more then one argument to resolve. Redefine the rule to explicitly define the param to resolve
16:38:22.004 INFO  Detected constructor definition has more then one argument to resolve. Redefine the rule to explicitly define the param to resolve
16:38:22.004 INFO  Detected constructor definition has more then one argument to resolve. Redefine the rule to explicitly define the param to resolve
16:38:22.004 INFO  Detected constructor definition has more then one argument to resolve. Redefine the rule to explicitly define the param to resolve
16:38:22.004 INFO  Detected constructor definition has more then one argument to resolve. Redefine the rule to explicitly define the param to resolve
16:38:22.004 INFO  Detected constructor definition has more then one argument to resolve. Redefine the rule to explicitly define the param to resolve
16:38:22.005 INFO  Detected constructor definition has more then one argument to resolve. Redefine the rule to explicitly define the param to resolve
16:38:22.005 INFO  Detected constructor definition has more then one argument to resolve. Redefine the rule to explicitly define the param to resolve
16:38:22.005 INFO  Detected constructor definition has more then one argument to resolve. Redefine the rule to explicitly define the param to resolve
16:38:22.005 INFO  Detected constructor definition has more then one argument to resolve. Redefine the rule to explicitly define the param to resolve
16:38:22.005 INFO  Detected constructor definition has more then one argument to resolve. Redefine the rule to explicitly define the param to resolve
16:38:22.005 INFO  Detected constructor definition has more then one argument to resolve. Redefine the rule to explicitly define the param to resolve
16:38:22.005 INFO  Detected constructor definition has more then one argument to resolve. Redefine the rule to explicitly define the param to resolve
16:38:22.005 INFO  Detected constructor definition has more then one argument to resolve. Redefine the rule to explicitly define the param to resolve
16:38:22.005 INFO  Detected constructor definition has more then one argument to resolve. Redefine the rule to explicitly define the param to resolve
16:38:22.006 INFO  Detected constructor definition has more then one argument to resolve. Redefine the rule to explicitly define the param to resolve
16:38:22.006 INFO  Detected constructor definition has more then one argument to resolve. Redefine the rule to explicitly define the param to resolve
16:38:22.006 INFO  Detected constructor definition has more then one argument to resolve. Redefine the rule to explicitly define the param to resolve
16:38:22.006 INFO  Detected constructor definition has more then one argument to resolve. Redefine the rule to explicitly define the param to resolve
16:38:22.006 INFO  Detected constructor definition has more then one argument to resolve. Redefine the rule to explicitly define the param to resolve
16:38:22.006 INFO  Detected constructor definition has more then one argument to resolve. Redefine the rule to explicitly define the param to resolve
16:38:22.006 INFO  Detected constructor definition has more then one argument to resolve. Redefine the rule to explicitly define the param to resolve
16:38:22.006 INFO  Detected constructor definition has more then one argument to resolve. Redefine the rule to explicitly define the param to resolve
16:38:22.006 INFO  Detected constructor definition has more then one argument to resolve. Redefine the rule to explicitly define the param to resolve
16:38:22.007 INFO  Detected constructor definition has more then one argument to resolve. Redefine the rule to explicitly define the param to resolve
16:38:22.007 INFO  Detected constructor definition has more then one argument to resolve. Redefine the rule to explicitly define the param to resolve
16:38:22.007 INFO  Detected constructor definition has more then one argument to resolve. Redefine the rule to explicitly define the param to resolve
16:38:22.007 INFO  Detected constructor definition has more then one argument to resolve. Redefine the rule to explicitly define the param to resolve
16:38:22.007 INFO  Detected constructor definition has more then one argument to resolve. Redefine the rule to explicitly define the param to resolve
16:38:22.007 INFO  Detected constructor definition has more then one argument to resolve. Redefine the rule to explicitly define the param to resolve
16:38:22.007 INFO  Detected constructor definition has more then one argument to resolve. Redefine the rule to explicitly define the param to resolve
16:38:22.007 INFO  Detected constructor definition has more then one argument to resolve. Redefine the rule to explicitly define the param to resolve
16:38:22.007 INFO  Detected constructor definition has more then one argument to resolve. Redefine the rule to explicitly define the param to resolve
16:38:22.007 INFO  Detected constructor definition has more then one argument to resolve. Redefine the rule to explicitly define the param to resolve
16:38:22.007 INFO  Detected constructor definition has more then one argument to resolve. Redefine the rule to explicitly define the param to resolve
16:38:22.008 INFO  Detected constructor definition has more then one argument to resolve. Redefine the rule to explicitly define the param to resolve
16:38:22.008 INFO  Detected constructor definition has more then one argument to resolve. Redefine the rule to explicitly define the param to resolve
16:38:22.008 INFO  Detected constructor definition has more then one argument to resolve. Redefine the rule to explicitly define the param to resolve
16:38:22.008 INFO  Detected constructor definition has more then one argument to resolve. Redefine the rule to explicitly define the param to resolve
16:38:22.008 INFO  Detected constructor definition has more then one argument to resolve. Redefine the rule to explicitly define the param to resolve
16:38:22.008 INFO  Detected constructor definition has more then one argument to resolve. Redefine the rule to explicitly define the param to resolve
16:38:22.009 INFO  Detected constructor definition has more then one argument to resolve. Redefine the rule to explicitly define the param to resolve
16:38:22.009 INFO  Detected constructor definition has more then one argument to resolve. Redefine the rule to explicitly define the param to resolve
16:38:22.009 INFO  Detected constructor definition has more then one argument to resolve. Redefine the rule to explicitly define the param to resolve
16:38:22.009 INFO  Detected constructor definition has more then one argument to resolve. Redefine the rule to explicitly define the param to resolve
16:38:22.009 INFO  Detected constructor definition has more then one argument to resolve. Redefine the rule to explicitly define the param to resolve
16:38:22.009 INFO  Detected constructor definition has more then one argument to resolve. Redefine the rule to explicitly define the param to resolve
16:38:22.009 INFO  Detected constructor definition has more then one argument to resolve. Redefine the rule to explicitly define the param to resolve
16:38:22.010 INFO  Detected constructor definition has more then one argument to resolve. Redefine the rule to explicitly define the param to resolve
16:38:22.010 INFO  Detected constructor definition has more then one argument to resolve. Redefine the rule to explicitly define the param to resolve
16:38:22.010 INFO  Detected constructor definition has more then one argument to resolve. Redefine the rule to explicitly define the param to resolve
16:38:22.010 INFO  Detected constructor definition has more then one argument to resolve. Redefine the rule to explicitly define the param to resolve
16:38:22.010 INFO  Detected constructor definition has more then one argument to resolve. Redefine the rule to explicitly define the param to resolve
16:38:22.010 INFO  Detected constructor definition has more then one argument to resolve. Redefine the rule to explicitly define the param to resolve
16:38:22.010 INFO  Detected constructor definition has more then one argument to resolve. Redefine the rule to explicitly define the param to resolve
16:38:22.010 INFO  Detected constructor definition has more then one argument to resolve. Redefine the rule to explicitly define the param to resolve
16:38:22.011 INFO  Detected constructor definition has more then one argument to resolve. Redefine the rule to explicitly define the param to resolve
16:38:22.011 INFO  Detected constructor definition has more then one argument to resolve. Redefine the rule to explicitly define the param to resolve
16:38:22.011 INFO  Detected constructor definition has more then one argument to resolve. Redefine the rule to explicitly define the param to resolve
16:38:22.011 INFO  Detected constructor definition has more then one argument to resolve. Redefine the rule to explicitly define the param to resolve
16:38:22.011 INFO  Detected constructor definition has more then one argument to resolve. Redefine the rule to explicitly define the param to resolve
16:38:22.012 INFO  Detected constructor definition has more then one argument to resolve. Redefine the rule to explicitly define the param to resolve
16:38:22.012 INFO  Detected constructor definition has more then one argument to resolve. Redefine the rule to explicitly define the param to resolve
16:38:22.012 INFO  Detected constructor definition has more then one argument to resolve. Redefine the rule to explicitly define the param to resolve
16:38:22.012 INFO  Detected constructor definition has more then one argument to resolve. Redefine the rule to explicitly define the param to resolve
16:38:22.012 INFO  Detected constructor definition has more then one argument to resolve. Redefine the rule to explicitly define the param to resolve
16:38:22.012 INFO  Detected constructor definition has more then one argument to resolve. Redefine the rule to explicitly define the param to resolve
16:38:22.012 INFO  Detected constructor definition has more then one argument to resolve. Redefine the rule to explicitly define the param to resolve
16:38:22.012 INFO  Detected constructor definition has more then one argument to resolve. Redefine the rule to explicitly define the param to resolve
16:38:22.012 INFO  Detected constructor definition has more then one argument to resolve. Redefine the rule to explicitly define the param to resolve
16:38:22.012 INFO  Detected constructor definition has more then one argument to resolve. Redefine the rule to explicitly define the param to resolve
16:38:22.012 INFO  Detected constructor definition has more then one argument to resolve. Redefine the rule to explicitly define the param to resolve
16:38:22.012 INFO  Detected constructor definition has more then one argument to resolve. Redefine the rule to explicitly define the param to resolve
16:38:22.013 INFO  Detected constructor definition has more then one argument to resolve. Redefine the rule to explicitly define the param to resolve
16:38:22.013 INFO  Detected constructor definition has more then one argument to resolve. Redefine the rule to explicitly define the param to resolve
16:38:22.013 INFO  Detected constructor definition has more then one argument to resolve. Redefine the rule to explicitly define the param to resolve
16:38:22.013 INFO  Detected constructor definition has more then one argument to resolve. Redefine the rule to explicitly define the param to resolve
16:38:22.013 INFO  Detected constructor definition has more then one argument to resolve. Redefine the rule to explicitly define the param to resolve
16:38:22.013 INFO  Detected constructor definition has more then one argument to resolve. Redefine the rule to explicitly define the param to resolve
16:38:22.013 INFO  Detected constructor definition has more then one argument to resolve. Redefine the rule to explicitly define the param to resolve
16:38:22.013 INFO  Detected constructor definition has more then one argument to resolve. Redefine the rule to explicitly define the param to resolve
16:38:22.013 INFO  Detected constructor definition has more then one argument to resolve. Redefine the rule to explicitly define the param to resolve
16:38:22.013 INFO  Detected constructor definition has more then one argument to resolve. Redefine the rule to explicitly define the param to resolve
16:38:22.013 INFO  Detected constructor definition has more then one argument to resolve. Redefine the rule to explicitly define the param to resolve
16:38:22.013 INFO  Detected constructor definition has more then one argument to resolve. Redefine the rule to explicitly define the param to resolve
16:38:22.014 INFO  Detected constructor definition has more then one argument to resolve. Redefine the rule to explicitly define the param to resolve
16:38:22.014 INFO  Detected constructor definition has more then one argument to resolve. Redefine the rule to explicitly define the param to resolve
16:38:22.014 INFO  Detected constructor definition has more then one argument to resolve. Redefine the rule to explicitly define the param to resolve
16:38:22.014 INFO  Detected constructor definition has more then one argument to resolve. Redefine the rule to explicitly define the param to resolve
16:38:22.014 INFO  Detected constructor definition has more then one argument to resolve. Redefine the rule to explicitly define the param to resolve
16:38:22.014 INFO  Detected constructor definition has more then one argument to resolve. Redefine the rule to explicitly define the param to resolve
16:38:22.014 INFO  Detected constructor definition has more then one argument to resolve. Redefine the rule to explicitly define the param to resolve
16:38:22.014 INFO  Detected constructor definition has more then one argument to resolve. Redefine the rule to explicitly define the param to resolve
16:38:22.014 INFO  Detected constructor definition has more then one argument to resolve. Redefine the rule to explicitly define the param to resolve
16:38:22.014 INFO  Detected constructor definition has more then one argument to resolve. Redefine the rule to explicitly define the param to resolve
16:38:22.014 INFO  Detected constructor definition has more then one argument to resolve. Redefine the rule to explicitly define the param to resolve
16:38:22.014 INFO  Detected constructor definition has more then one argument to resolve. Redefine the rule to explicitly define the param to resolve
16:38:22.014 INFO  Detected constructor definition has more then one argument to resolve. Redefine the rule to explicitly define the param to resolve
16:38:22.015 INFO  Detected constructor definition has more then one argument to resolve. Redefine the rule to explicitly define the param to resolve
16:38:22.015 INFO  Detected constructor definition has more then one argument to resolve. Redefine the rule to explicitly define the param to resolve
16:38:22.015 INFO  Detected constructor definition has more then one argument to resolve. Redefine the rule to explicitly define the param to resolve
16:38:22.015 INFO  Detected constructor definition has more then one argument to resolve. Redefine the rule to explicitly define the param to resolve
16:38:22.015 INFO  Detected constructor definition has more then one argument to resolve. Redefine the rule to explicitly define the param to resolve
16:38:22.015 INFO  Detected constructor definition has more then one argument to resolve. Redefine the rule to explicitly define the param to resolve
16:38:22.015 INFO  Detected constructor definition has more then one argument to resolve. Redefine the rule to explicitly define the param to resolve
16:38:22.015 INFO  Detected constructor definition has more then one argument to resolve. Redefine the rule to explicitly define the param to resolve
16:38:22.015 INFO  Detected constructor definition has more then one argument to resolve. Redefine the rule to explicitly define the param to resolve
16:38:22.015 INFO  Detected constructor definition has more then one argument to resolve. Redefine the rule to explicitly define the param to resolve
16:38:22.016 INFO  Detected constructor definition has more then one argument to resolve. Redefine the rule to explicitly define the param to resolve
16:38:22.016 INFO  Detected constructor definition has more then one argument to resolve. Redefine the rule to explicitly define the param to resolve
16:38:22.016 INFO  Detected constructor definition has more then one argument to resolve. Redefine the rule to explicitly define the param to resolve
16:38:22.016 INFO  Detected constructor definition has more then one argument to resolve. Redefine the rule to explicitly define the param to resolve
16:38:22.016 INFO  Detected constructor definition has more then one argument to resolve. Redefine the rule to explicitly define the param to resolve
16:38:22.016 INFO  Detected constructor definition has more then one argument to resolve. Redefine the rule to explicitly define the param to resolve
16:38:22.016 INFO  Detected constructor definition has more then one argument to resolve. Redefine the rule to explicitly define the param to resolve
16:38:22.016 INFO  Detected constructor definition has more then one argument to resolve. Redefine the rule to explicitly define the param to resolve
16:38:22.016 INFO  Detected constructor definition has more then one argument to resolve. Redefine the rule to explicitly define the param to resolve
16:38:22.017 INFO  Detected constructor definition has more then one argument to resolve. Redefine the rule to explicitly define the param to resolve
16:38:22.017 INFO  Detected constructor definition has more then one argument to resolve. Redefine the rule to explicitly define the param to resolve
16:38:22.017 INFO  Detected constructor definition has more then one argument to resolve. Redefine the rule to explicitly define the param to resolve
16:38:22.017 INFO  Detected constructor definition has more then one argument to resolve. Redefine the rule to explicitly define the param to resolve
16:38:22.017 INFO  Detected constructor definition has more then one argument to resolve. Redefine the rule to explicitly define the param to resolve
16:38:22.017 INFO  Detected constructor definition has more then one argument to resolve. Redefine the rule to explicitly define the param to resolve
16:38:22.017 INFO  Detected constructor definition has more then one argument to resolve. Redefine the rule to explicitly define the param to resolve
16:38:22.017 INFO  Detected constructor definition has more then one argument to resolve. Redefine the rule to explicitly define the param to resolve
16:38:22.017 INFO  Detected constructor definition has more then one argument to resolve. Redefine the rule to explicitly define the param to resolve
16:38:22.017 INFO  Detected constructor definition has more then one argument to resolve. Redefine the rule to explicitly define the param to resolve
16:38:22.018 INFO  Detected constructor definition has more then one argument to resolve. Redefine the rule to explicitly define the param to resolve
16:38:22.018 INFO  Detected constructor definition has more then one argument to resolve. Redefine the rule to explicitly define the param to resolve
16:38:22.018 INFO  Detected constructor definition has more then one argument to resolve. Redefine the rule to explicitly define the param to resolve
16:38:22.018 INFO  Detected constructor definition has more then one argument to resolve. Redefine the rule to explicitly define the param to resolve
16:38:22.018 INFO  Detected constructor definition has more then one argument to resolve. Redefine the rule to explicitly define the param to resolve
16:38:22.018 INFO  Detected constructor definition has more then one argument to resolve. Redefine the rule to explicitly define the param to resolve
16:38:22.018 INFO  Detected constructor definition has more then one argument to resolve. Redefine the rule to explicitly define the param to resolve
16:38:22.018 INFO  Detected constructor definition has more then one argument to resolve. Redefine the rule to explicitly define the param to resolve
16:38:22.018 INFO  Detected constructor definition has more then one argument to resolve. Redefine the rule to explicitly define the param to resolve
16:38:22.018 INFO  Detected constructor definition has more then one argument to resolve. Redefine the rule to explicitly define the param to resolve
16:38:22.018 INFO  Detected constructor definition has more then one argument to resolve. Redefine the rule to explicitly define the param to resolve
16:38:22.019 INFO  Detected constructor definition has more then one argument to resolve. Redefine the rule to explicitly define the param to resolve
16:38:22.019 INFO  Detected constructor definition has more then one argument to resolve. Redefine the rule to explicitly define the param to resolve
16:38:22.019 INFO  Detected constructor definition has more then one argument to resolve. Redefine the rule to explicitly define the param to resolve
16:38:22.019 INFO  Detected constructor definition has more then one argument to resolve. Redefine the rule to explicitly define the param to resolve
16:38:22.019 INFO  Detected constructor definition has more then one argument to resolve. Redefine the rule to explicitly define the param to resolve
16:38:22.019 INFO  Detected constructor definition has more then one argument to resolve. Redefine the rule to explicitly define the param to resolve
16:38:22.019 INFO  Detected constructor definition has more then one argument to resolve. Redefine the rule to explicitly define the param to resolve
16:38:22.019 INFO  Detected constructor definition has more then one argument to resolve. Redefine the rule to explicitly define the param to resolve
16:38:22.019 INFO  Detected constructor definition has more then one argument to resolve. Redefine the rule to explicitly define the param to resolve
16:38:22.019 INFO  Detected constructor definition has more then one argument to resolve. Redefine the rule to explicitly define the param to resolve
16:38:22.019 INFO  Detected constructor definition has more then one argument to resolve. Redefine the rule to explicitly define the param to resolve
16:38:22.019 INFO  Detected constructor definition has more then one argument to resolve. Redefine the rule to explicitly define the param to resolve
16:38:22.019 INFO  Detected constructor definition has more then one argument to resolve. Redefine the rule to explicitly define the param to resolve
16:38:22.020 INFO  Detected constructor definition has more then one argument to resolve. Redefine the rule to explicitly define the param to resolve
16:38:22.020 INFO  Detected constructor definition has more then one argument to resolve. Redefine the rule to explicitly define the param to resolve
16:38:22.020 INFO  Detected constructor definition has more then one argument to resolve. Redefine the rule to explicitly define the param to resolve
16:38:22.020 INFO  Detected constructor definition has more then one argument to resolve. Redefine the rule to explicitly define the param to resolve
16:38:22.020 INFO  Detected constructor definition has more then one argument to resolve. Redefine the rule to explicitly define the param to resolve
16:38:22.020 INFO  Detected constructor definition has more then one argument to resolve. Redefine the rule to explicitly define the param to resolve
16:38:22.020 INFO  Detected constructor definition has more then one argument to resolve. Redefine the rule to explicitly define the param to resolve
16:38:22.020 INFO  Detected constructor definition has more then one argument to resolve. Redefine the rule to explicitly define the param to resolve
16:38:22.020 INFO  Detected constructor definition has more then one argument to resolve. Redefine the rule to explicitly define the param to resolve
16:38:22.020 INFO  Detected constructor definition has more then one argument to resolve. Redefine the rule to explicitly define the param to resolve
16:38:22.020 INFO  Detected constructor definition has more then one argument to resolve. Redefine the rule to explicitly define the param to resolve
16:38:22.020 INFO  Detected constructor definition has more then one argument to resolve. Redefine the rule to explicitly define the param to resolve
16:38:22.020 INFO  Detected constructor definition has more then one argument to resolve. Redefine the rule to explicitly define the param to resolve
16:38:22.020 INFO  Detected constructor definition has more then one argument to resolve. Redefine the rule to explicitly define the param to resolve
16:38:22.021 INFO  Detected constructor definition has more then one argument to resolve. Redefine the rule to explicitly define the param to resolve
16:38:22.021 INFO  Detected constructor definition has more then one argument to resolve. Redefine the rule to explicitly define the param to resolve
16:38:22.021 INFO  Detected constructor definition has more then one argument to resolve. Redefine the rule to explicitly define the param to resolve
16:38:22.021 INFO  Detected constructor definition has more then one argument to resolve. Redefine the rule to explicitly define the param to resolve
16:38:22.021 INFO  Detected constructor definition has more then one argument to resolve. Redefine the rule to explicitly define the param to resolve
16:38:22.021 INFO  Detected constructor definition has more then one argument to resolve. Redefine the rule to explicitly define the param to resolve
16:38:22.021 INFO  Detected constructor definition has more then one argument to resolve. Redefine the rule to explicitly define the param to resolve
16:38:22.021 INFO  Detected constructor definition has more then one argument to resolve. Redefine the rule to explicitly define the param to resolve
16:38:22.021 INFO  Detected constructor definition has more then one argument to resolve. Redefine the rule to explicitly define the param to resolve
16:38:22.021 INFO  Detected constructor definition has more then one argument to resolve. Redefine the rule to explicitly define the param to resolve
16:38:22.021 INFO  Detected constructor definition has more then one argument to resolve. Redefine the rule to explicitly define the param to resolve
16:38:22.021 INFO  Detected constructor definition has more then one argument to resolve. Redefine the rule to explicitly define the param to resolve
16:38:22.021 INFO  Detected constructor definition has more then one argument to resolve. Redefine the rule to explicitly define the param to resolve
16:38:22.021 INFO  Detected constructor definition has more then one argument to resolve. Redefine the rule to explicitly define the param to resolve
16:38:22.021 INFO  Detected constructor definition has more then one argument to resolve. Redefine the rule to explicitly define the param to resolve
16:38:22.022 INFO  Detected constructor definition has more then one argument to resolve. Redefine the rule to explicitly define the param to resolve
16:38:22.022 INFO  Detected constructor definition has more then one argument to resolve. Redefine the rule to explicitly define the param to resolve
16:38:22.022 INFO  Detected constructor definition has more then one argument to resolve. Redefine the rule to explicitly define the param to resolve
16:38:22.022 INFO  Detected constructor definition has more then one argument to resolve. Redefine the rule to explicitly define the param to resolve
16:38:22.022 INFO  Detected constructor definition has more then one argument to resolve. Redefine the rule to explicitly define the param to resolve
16:38:22.022 INFO  Detected constructor definition has more then one argument to resolve. Redefine the rule to explicitly define the param to resolve
16:38:22.022 INFO  Detected constructor definition has more then one argument to resolve. Redefine the rule to explicitly define the param to resolve
16:38:22.022 INFO  Detected constructor definition has more then one argument to resolve. Redefine the rule to explicitly define the param to resolve
16:38:22.022 INFO  Detected constructor definition has more then one argument to resolve. Redefine the rule to explicitly define the param to resolve
16:38:22.022 INFO  Detected constructor definition has more then one argument to resolve. Redefine the rule to explicitly define the param to resolve
16:38:22.022 INFO  Detected constructor definition has more then one argument to resolve. Redefine the rule to explicitly define the param to resolve
16:38:22.022 INFO  Detected constructor definition has more then one argument to resolve. Redefine the rule to explicitly define the param to resolve
16:38:22.022 INFO  Detected constructor definition has more then one argument to resolve. Redefine the rule to explicitly define the param to resolve
16:38:22.022 INFO  Detected constructor definition has more then one argument to resolve. Redefine the rule to explicitly define the param to resolve
16:38:22.022 INFO  Detected constructor definition has more then one argument to resolve. Redefine the rule to explicitly define the param to resolve
16:38:22.023 INFO  Detected constructor definition has more then one argument to resolve. Redefine the rule to explicitly define the param to resolve
16:38:22.023 INFO  Detected constructor definition has more then one argument to resolve. Redefine the rule to explicitly define the param to resolve
16:38:22.023 INFO  Detected constructor definition has more then one argument to resolve. Redefine the rule to explicitly define the param to resolve
16:38:22.023 INFO  Detected constructor definition has more then one argument to resolve. Redefine the rule to explicitly define the param to resolve
16:38:22.023 INFO  Detected constructor definition has more then one argument to resolve. Redefine the rule to explicitly define the param to resolve
16:38:22.023 INFO  Detected constructor definition has more then one argument to resolve. Redefine the rule to explicitly define the param to resolve
16:38:22.023 INFO  Detected constructor definition has more then one argument to resolve. Redefine the rule to explicitly define the param to resolve
16:38:22.023 INFO  Detected constructor definition has more then one argument to resolve. Redefine the rule to explicitly define the param to resolve
16:38:22.023 INFO  Detected constructor definition has more then one argument to resolve. Redefine the rule to explicitly define the param to resolve
16:38:22.023 INFO  Detected constructor definition has more then one argument to resolve. Redefine the rule to explicitly define the param to resolve
16:38:22.023 INFO  Detected constructor definition has more then one argument to resolve. Redefine the rule to explicitly define the param to resolve
16:38:22.023 INFO  Detected constructor definition has more then one argument to resolve. Redefine the rule to explicitly define the param to resolve
16:38:22.023 INFO  Detected constructor definition has more then one argument to resolve. Redefine the rule to explicitly define the param to resolve
16:38:22.023 INFO  Detected constructor definition has more then one argument to resolve. Redefine the rule to explicitly define the param to resolve
16:38:22.023 INFO  Detected constructor definition has more then one argument to resolve. Redefine the rule to explicitly define the param to resolve
16:38:22.023 INFO  Detected constructor definition has more then one argument to resolve. Redefine the rule to explicitly define the param to resolve
16:38:22.024 INFO  Detected constructor definition has more then one argument to resolve. Redefine the rule to explicitly define the param to resolve
16:38:22.024 INFO  Detected constructor definition has more then one argument to resolve. Redefine the rule to explicitly define the param to resolve
16:38:22.024 INFO  Detected constructor definition has more then one argument to resolve. Redefine the rule to explicitly define the param to resolve
16:38:22.024 INFO  Detected constructor definition has more then one argument to resolve. Redefine the rule to explicitly define the param to resolve
16:38:22.024 INFO  Detected constructor definition has more then one argument to resolve. Redefine the rule to explicitly define the param to resolve
16:38:22.024 INFO  Detected constructor definition has more then one argument to resolve. Redefine the rule to explicitly define the param to resolve
16:38:22.024 INFO  Detected constructor definition has more then one argument to resolve. Redefine the rule to explicitly define the param to resolve
16:38:22.024 INFO  Detected constructor definition has more then one argument to resolve. Redefine the rule to explicitly define the param to resolve
16:38:22.024 INFO  Detected constructor definition has more then one argument to resolve. Redefine the rule to explicitly define the param to resolve
16:38:22.024 INFO  Detected constructor definition has more then one argument to resolve. Redefine the rule to explicitly define the param to resolve
16:38:22.024 INFO  Detected constructor definition has more then one argument to resolve. Redefine the rule to explicitly define the param to resolve
16:38:22.024 INFO  Detected constructor definition has more then one argument to resolve. Redefine the rule to explicitly define the param to resolve
16:38:22.024 INFO  Detected constructor definition has more then one argument to resolve. Redefine the rule to explicitly define the param to resolve
16:38:22.024 INFO  Detected constructor definition has more then one argument to resolve. Redefine the rule to explicitly define the param to resolve
16:38:22.024 INFO  Detected constructor definition has more then one argument to resolve. Redefine the rule to explicitly define the param to resolve
16:38:22.024 INFO  Detected constructor definition has more then one argument to resolve. Redefine the rule to explicitly define the param to resolve
16:38:22.025 INFO  Detected constructor definition has more then one argument to resolve. Redefine the rule to explicitly define the param to resolve
16:38:22.025 INFO  Detected constructor definition has more then one argument to resolve. Redefine the rule to explicitly define the param to resolve
16:38:22.025 INFO  Detected constructor definition has more then one argument to resolve. Redefine the rule to explicitly define the param to resolve
16:38:22.025 INFO  Detected constructor definition has more then one argument to resolve. Redefine the rule to explicitly define the param to resolve
16:38:22.025 INFO  Detected constructor definition has more then one argument to resolve. Redefine the rule to explicitly define the param to resolve
16:38:22.025 INFO  Detected constructor definition has more then one argument to resolve. Redefine the rule to explicitly define the param to resolve
16:38:22.025 INFO  Detected constructor definition has more then one argument to resolve. Redefine the rule to explicitly define the param to resolve
16:38:22.025 INFO  Detected constructor definition has more then one argument to resolve. Redefine the rule to explicitly define the param to resolve
16:38:22.025 INFO  Detected constructor definition has more then one argument to resolve. Redefine the rule to explicitly define the param to resolve
16:38:22.025 INFO  Detected constructor definition has more then one argument to resolve. Redefine the rule to explicitly define the param to resolve
16:38:22.025 INFO  Detected constructor definition has more then one argument to resolve. Redefine the rule to explicitly define the param to resolve
16:38:22.025 INFO  Detected constructor definition has more then one argument to resolve. Redefine the rule to explicitly define the param to resolve
16:38:22.026 INFO  Detected constructor definition has more then one argument to resolve. Redefine the rule to explicitly define the param to resolve
16:38:22.026 INFO  Detected constructor definition has more then one argument to resolve. Redefine the rule to explicitly define the param to resolve
16:38:22.026 INFO  Detected constructor definition has more then one argument to resolve. Redefine the rule to explicitly define the param to resolve
16:38:22.026 INFO  Detected constructor definition has more then one argument to resolve. Redefine the rule to explicitly define the param to resolve
16:38:22.026 INFO  Detected constructor definition has more then one argument to resolve. Redefine the rule to explicitly define the param to resolve
16:38:22.026 INFO  Detected constructor definition has more then one argument to resolve. Redefine the rule to explicitly define the param to resolve
16:38:22.026 INFO  Detected constructor definition has more then one argument to resolve. Redefine the rule to explicitly define the param to resolve
16:38:22.026 INFO  Detected constructor definition has more then one argument to resolve. Redefine the rule to explicitly define the param to resolve
16:38:22.026 INFO  Detected constructor definition has more then one argument to resolve. Redefine the rule to explicitly define the param to resolve
16:38:22.026 INFO  Detected constructor definition has more then one argument to resolve. Redefine the rule to explicitly define the param to resolve
16:38:22.026 INFO  Detected constructor definition has more then one argument to resolve. Redefine the rule to explicitly define the param to resolve
16:38:22.027 INFO  Detected constructor definition has more then one argument to resolve. Redefine the rule to explicitly define the param to resolve
16:38:22.027 INFO  Detected constructor definition has more then one argument to resolve. Redefine the rule to explicitly define the param to resolve
16:38:22.027 INFO  Detected constructor definition has more then one argument to resolve. Redefine the rule to explicitly define the param to resolve
16:38:22.027 INFO  Detected constructor definition has more then one argument to resolve. Redefine the rule to explicitly define the param to resolve
16:38:22.027 INFO  Detected constructor definition has more then one argument to resolve. Redefine the rule to explicitly define the param to resolve
16:38:22.027 INFO  Detected constructor definition has more then one argument to resolve. Redefine the rule to explicitly define the param to resolve
16:38:22.027 INFO  Detected constructor definition has more then one argument to resolve. Redefine the rule to explicitly define the param to resolve
16:38:22.027 INFO  Detected constructor definition has more then one argument to resolve. Redefine the rule to explicitly define the param to resolve
16:38:22.027 INFO  Detected constructor definition has more then one argument to resolve. Redefine the rule to explicitly define the param to resolve
16:38:22.027 INFO  Detected constructor definition has more then one argument to resolve. Redefine the rule to explicitly define the param to resolve
16:38:22.028 INFO  Detected constructor definition has more then one argument to resolve. Redefine the rule to explicitly define the param to resolve
16:38:22.028 INFO  Detected constructor definition has more then one argument to resolve. Redefine the rule to explicitly define the param to resolve
16:38:22.028 INFO  Detected constructor definition has more then one argument to resolve. Redefine the rule to explicitly define the param to resolve
16:38:22.028 INFO  Detected constructor definition has more then one argument to resolve. Redefine the rule to explicitly define the param to resolve
16:38:22.028 INFO  Detected constructor definition has more then one argument to resolve. Redefine the rule to explicitly define the param to resolve
16:38:22.028 INFO  Detected constructor definition has more then one argument to resolve. Redefine the rule to explicitly define the param to resolve
16:38:22.029 INFO  Detected constructor definition has more then one argument to resolve. Redefine the rule to explicitly define the param to resolve
16:38:22.029 INFO  Detected constructor definition has more then one argument to resolve. Redefine the rule to explicitly define the param to resolve
16:38:22.029 INFO  Detected constructor definition has more then one argument to resolve. Redefine the rule to explicitly define the param to resolve
16:38:22.029 INFO  Detected constructor definition has more then one argument to resolve. Redefine the rule to explicitly define the param to resolve
16:38:22.029 INFO  Detected constructor definition has more then one argument to resolve. Redefine the rule to explicitly define the param to resolve
16:38:22.029 INFO  Detected constructor definition has more then one argument to resolve. Redefine the rule to explicitly define the param to resolve
16:38:22.029 INFO  Detected constructor definition has more then one argument to resolve. Redefine the rule to explicitly define the param to resolve
16:38:22.029 INFO  Detected constructor definition has more then one argument to resolve. Redefine the rule to explicitly define the param to resolve
16:38:22.029 INFO  Detected constructor definition has more then one argument to resolve. Redefine the rule to explicitly define the param to resolve
16:38:22.029 INFO  Detected constructor definition has more then one argument to resolve. Redefine the rule to explicitly define the param to resolve
16:38:22.029 INFO  Detected constructor definition has more then one argument to resolve. Redefine the rule to explicitly define the param to resolve
16:38:22.029 INFO  Detected constructor definition has more then one argument to resolve. Redefine the rule to explicitly define the param to resolve
16:38:22.029 INFO  Detected constructor definition has more then one argument to resolve. Redefine the rule to explicitly define the param to resolve
16:38:22.029 INFO  Detected constructor definition has more then one argument to resolve. Redefine the rule to explicitly define the param to resolve
16:38:22.029 INFO  Detected constructor definition has more then one argument to resolve. Redefine the rule to explicitly define the param to resolve
16:38:22.029 INFO  Detected constructor definition has more then one argument to resolve. Redefine the rule to explicitly define the param to resolve
16:38:22.029 INFO  Detected constructor definition has more then one argument to resolve. Redefine the rule to explicitly define the param to resolve
16:38:22.030 INFO  Detected constructor definition has more then one argument to resolve. Redefine the rule to explicitly define the param to resolve
16:38:22.030 INFO  Detected constructor definition has more then one argument to resolve. Redefine the rule to explicitly define the param to resolve
16:38:22.030 INFO  Detected constructor definition has more then one argument to resolve. Redefine the rule to explicitly define the param to resolve
16:38:22.030 INFO  Detected constructor definition has more then one argument to resolve. Redefine the rule to explicitly define the param to resolve
16:38:22.030 INFO  Detected constructor definition has more then one argument to resolve. Redefine the rule to explicitly define the param to resolve
16:38:22.030 INFO  Detected constructor definition has more then one argument to resolve. Redefine the rule to explicitly define the param to resolve
16:38:22.030 INFO  Detected constructor definition has more then one argument to resolve. Redefine the rule to explicitly define the param to resolve
16:38:22.030 INFO  Detected constructor definition has more then one argument to resolve. Redefine the rule to explicitly define the param to resolve
16:38:22.030 INFO  Detected constructor definition has more then one argument to resolve. Redefine the rule to explicitly define the param to resolve
16:38:22.030 INFO  Detected constructor definition has more then one argument to resolve. Redefine the rule to explicitly define the param to resolve
16:38:22.030 INFO  Detected constructor definition has more then one argument to resolve. Redefine the rule to explicitly define the param to resolve
16:38:22.030 INFO  Detected constructor definition has more then one argument to resolve. Redefine the rule to explicitly define the param to resolve
16:38:22.030 INFO  Detected constructor definition has more then one argument to resolve. Redefine the rule to explicitly define the param to resolve
16:38:22.030 INFO  Detected constructor definition has more then one argument to resolve. Redefine the rule to explicitly define the param to resolve
16:38:22.030 INFO  Detected constructor definition has more then one argument to resolve. Redefine the rule to explicitly define the param to resolve
16:38:22.030 INFO  Detected constructor definition has more then one argument to resolve. Redefine the rule to explicitly define the param to resolve
16:38:22.030 INFO  Detected constructor definition has more then one argument to resolve. Redefine the rule to explicitly define the param to resolve
16:38:22.030 INFO  Detected constructor definition has more then one argument to resolve. Redefine the rule to explicitly define the param to resolve
16:38:22.030 INFO  Detected constructor definition has more then one argument to resolve. Redefine the rule to explicitly define the param to resolve
16:38:22.030 INFO  Detected constructor definition has more then one argument to resolve. Redefine the rule to explicitly define the param to resolve
16:38:22.030 INFO  Detected constructor definition has more then one argument to resolve. Redefine the rule to explicitly define the param to resolve
16:38:22.030 INFO  Detected constructor definition has more then one argument to resolve. Redefine the rule to explicitly define the param to resolve
16:38:22.031 INFO  Detected constructor definition has more then one argument to resolve. Redefine the rule to explicitly define the param to resolve
16:38:22.031 INFO  Detected constructor definition has more then one argument to resolve. Redefine the rule to explicitly define the param to resolve
16:38:22.031 INFO  Detected constructor definition has more then one argument to resolve. Redefine the rule to explicitly define the param to resolve
16:38:22.031 INFO  Detected constructor definition has more then one argument to resolve. Redefine the rule to explicitly define the param to resolve
16:38:22.031 INFO  Detected constructor definition has more then one argument to resolve. Redefine the rule to explicitly define the param to resolve
16:38:22.031 INFO  Detected constructor definition has more then one argument to resolve. Redefine the rule to explicitly define the param to resolve
16:38:22.031 INFO  Detected constructor definition has more then one argument to resolve. Redefine the rule to explicitly define the param to resolve
16:38:22.031 INFO  Detected constructor definition has more then one argument to resolve. Redefine the rule to explicitly define the param to resolve
16:38:22.031 INFO  Detected constructor definition has more then one argument to resolve. Redefine the rule to explicitly define the param to resolve
16:38:22.031 INFO  Detected constructor definition has more then one argument to resolve. Redefine the rule to explicitly define the param to resolve
16:38:22.031 INFO  Detected constructor definition has more then one argument to resolve. Redefine the rule to explicitly define the param to resolve
16:38:22.031 INFO  Detected constructor definition has more then one argument to resolve. Redefine the rule to explicitly define the param to resolve
16:38:22.031 INFO  Detected constructor definition has more then one argument to resolve. Redefine the rule to explicitly define the param to resolve
16:38:22.031 INFO  Detected constructor definition has more then one argument to resolve. Redefine the rule to explicitly define the param to resolve
16:38:22.031 INFO  Detected constructor definition has more then one argument to resolve. Redefine the rule to explicitly define the param to resolve
16:38:22.031 INFO  Detected constructor definition has more then one argument to resolve. Redefine the rule to explicitly define the param to resolve
16:38:22.031 INFO  Detected constructor definition has more then one argument to resolve. Redefine the rule to explicitly define the param to resolve
16:38:22.031 INFO  Detected constructor definition has more then one argument to resolve. Redefine the rule to explicitly define the param to resolve
16:38:22.031 INFO  Detected constructor definition has more then one argument to resolve. Redefine the rule to explicitly define the param to resolve
16:38:22.031 INFO  Detected constructor definition has more then one argument to resolve. Redefine the rule to explicitly define the param to resolve
16:38:22.031 INFO  Detected constructor definition has more then one argument to resolve. Redefine the rule to explicitly define the param to resolve
16:38:22.032 INFO  Detected constructor definition has more then one argument to resolve. Redefine the rule to explicitly define the param to resolve
16:38:22.032 INFO  Detected constructor definition has more then one argument to resolve. Redefine the rule to explicitly define the param to resolve
16:38:22.032 INFO  Detected constructor definition has more then one argument to resolve. Redefine the rule to explicitly define the param to resolve
16:38:22.032 INFO  Detected constructor definition has more then one argument to resolve. Redefine the rule to explicitly define the param to resolve
16:38:22.032 INFO  Detected constructor definition has more then one argument to resolve. Redefine the rule to explicitly define the param to resolve
16:38:22.032 INFO  Detected constructor definition has more then one argument to resolve. Redefine the rule to explicitly define the param to resolve
16:38:22.032 INFO  Detected constructor definition has more then one argument to resolve. Redefine the rule to explicitly define the param to resolve
16:38:22.032 INFO  Detected constructor definition has more then one argument to resolve. Redefine the rule to explicitly define the param to resolve
16:38:22.032 INFO  Detected constructor definition has more then one argument to resolve. Redefine the rule to explicitly define the param to resolve
16:38:22.032 INFO  Detected constructor definition has more then one argument to resolve. Redefine the rule to explicitly define the param to resolve
16:38:22.032 INFO  Detected constructor definition has more then one argument to resolve. Redefine the rule to explicitly define the param to resolve
16:38:22.032 INFO  Detected constructor definition has more then one argument to resolve. Redefine the rule to explicitly define the param to resolve
16:38:22.032 INFO  Detected constructor definition has more then one argument to resolve. Redefine the rule to explicitly define the param to resolve
16:38:22.032 INFO  Detected constructor definition has more then one argument to resolve. Redefine the rule to explicitly define the param to resolve
16:38:22.032 INFO  Detected constructor definition has more then one argument to resolve. Redefine the rule to explicitly define the param to resolve
16:38:22.032 INFO  Detected constructor definition has more then one argument to resolve. Redefine the rule to explicitly define the param to resolve
16:38:22.032 INFO  Detected constructor definition has more then one argument to resolve. Redefine the rule to explicitly define the param to resolve
16:38:22.032 INFO  Detected constructor definition has more then one argument to resolve. Redefine the rule to explicitly define the param to resolve
16:38:22.032 INFO  Detected constructor definition has more then one argument to resolve. Redefine the rule to explicitly define the param to resolve
16:38:22.032 INFO  Detected constructor definition has more then one argument to resolve. Redefine the rule to explicitly define the param to resolve
16:38:22.032 INFO  Detected constructor definition has more then one argument to resolve. Redefine the rule to explicitly define the param to resolve
16:38:22.032 INFO  Detected constructor definition has more then one argument to resolve. Redefine the rule to explicitly define the param to resolve
16:38:22.032 INFO  Detected constructor definition has more then one argument to resolve. Redefine the rule to explicitly define the param to resolve
16:38:22.032 INFO  Detected constructor definition has more then one argument to resolve. Redefine the rule to explicitly define the param to resolve
16:38:22.033 INFO  Detected constructor definition has more then one argument to resolve. Redefine the rule to explicitly define the param to resolve
16:38:22.033 INFO  Detected constructor definition has more then one argument to resolve. Redefine the rule to explicitly define the param to resolve
16:38:22.033 INFO  Detected constructor definition has more then one argument to resolve. Redefine the rule to explicitly define the param to resolve
16:38:22.033 INFO  Detected constructor definition has more then one argument to resolve. Redefine the rule to explicitly define the param to resolve
16:38:22.033 INFO  Detected constructor definition has more then one argument to resolve. Redefine the rule to explicitly define the param to resolve
16:38:22.033 INFO  Detected constructor definition has more then one argument to resolve. Redefine the rule to explicitly define the param to resolve
16:38:22.033 INFO  Detected constructor definition has more then one argument to resolve. Redefine the rule to explicitly define the param to resolve
16:38:22.033 INFO  Detected constructor definition has more then one argument to resolve. Redefine the rule to explicitly define the param to resolve
16:38:22.033 INFO  Detected constructor definition has more then one argument to resolve. Redefine the rule to explicitly define the param to resolve
16:38:22.033 INFO  Detected constructor definition has more then one argument to resolve. Redefine the rule to explicitly define the param to resolve
16:38:22.033 INFO  Detected constructor definition has more then one argument to resolve. Redefine the rule to explicitly define the param to resolve
16:38:22.033 INFO  Detected constructor definition has more then one argument to resolve. Redefine the rule to explicitly define the param to resolve
16:38:22.033 INFO  Detected constructor definition has more then one argument to resolve. Redefine the rule to explicitly define the param to resolve
16:38:22.033 INFO  Detected constructor definition has more then one argument to resolve. Redefine the rule to explicitly define the param to resolve
16:38:22.033 INFO  Detected constructor definition has more then one argument to resolve. Redefine the rule to explicitly define the param to resolve
16:38:22.033 INFO  Detected constructor definition has more then one argument to resolve. Redefine the rule to explicitly define the param to resolve
16:38:22.033 INFO  Detected constructor definition has more then one argument to resolve. Redefine the rule to explicitly define the param to resolve
16:38:22.033 INFO  Detected constructor definition has more then one argument to resolve. Redefine the rule to explicitly define the param to resolve
16:38:22.033 INFO  Detected constructor definition has more then one argument to resolve. Redefine the rule to explicitly define the param to resolve
16:38:22.033 INFO  Detected constructor definition has more then one argument to resolve. Redefine the rule to explicitly define the param to resolve
16:38:22.033 INFO  Detected constructor definition has more then one argument to resolve. Redefine the rule to explicitly define the param to resolve
16:38:22.034 INFO  Detected constructor definition has more then one argument to resolve. Redefine the rule to explicitly define the param to resolve
16:38:22.034 INFO  Detected constructor definition has more then one argument to resolve. Redefine the rule to explicitly define the param to resolve
16:38:22.034 INFO  Detected constructor definition has more then one argument to resolve. Redefine the rule to explicitly define the param to resolve
16:38:22.034 INFO  Detected constructor definition has more then one argument to resolve. Redefine the rule to explicitly define the param to resolve
16:38:22.034 INFO  Detected constructor definition has more then one argument to resolve. Redefine the rule to explicitly define the param to resolve
16:38:22.034 INFO  Detected constructor definition has more then one argument to resolve. Redefine the rule to explicitly define the param to resolve
16:38:22.034 INFO  Detected constructor definition has more then one argument to resolve. Redefine the rule to explicitly define the param to resolve
16:38:22.034 INFO  Detected constructor definition has more then one argument to resolve. Redefine the rule to explicitly define the param to resolve
16:38:22.034 INFO  Detected constructor definition has more then one argument to resolve. Redefine the rule to explicitly define the param to resolve
16:38:22.034 INFO  Detected constructor definition has more then one argument to resolve. Redefine the rule to explicitly define the param to resolve
16:38:22.034 INFO  Detected constructor definition has more then one argument to resolve. Redefine the rule to explicitly define the param to resolve
16:38:22.034 INFO  Detected constructor definition has more then one argument to resolve. Redefine the rule to explicitly define the param to resolve
16:38:22.034 INFO  Detected constructor definition has more then one argument to resolve. Redefine the rule to explicitly define the param to resolve
16:38:22.034 INFO  Detected constructor definition has more then one argument to resolve. Redefine the rule to explicitly define the param to resolve
16:38:22.034 INFO  Detected constructor definition has more then one argument to resolve. Redefine the rule to explicitly define the param to resolve
16:38:22.034 INFO  Detected constructor definition has more then one argument to resolve. Redefine the rule to explicitly define the param to resolve
16:38:22.034 INFO  Detected constructor definition has more then one argument to resolve. Redefine the rule to explicitly define the param to resolve
16:38:22.034 INFO  Detected constructor definition has more then one argument to resolve. Redefine the rule to explicitly define the param to resolve
16:38:22.034 INFO  Detected constructor definition has more then one argument to resolve. Redefine the rule to explicitly define the param to resolve
16:38:22.034 INFO  Detected constructor definition has more then one argument to resolve. Redefine the rule to explicitly define the param to resolve
16:38:22.034 INFO  Detected constructor definition has more then one argument to resolve. Redefine the rule to explicitly define the param to resolve
16:38:22.034 INFO  Detected constructor definition has more then one argument to resolve. Redefine the rule to explicitly define the param to resolve
16:38:22.034 INFO  Detected constructor definition has more then one argument to resolve. Redefine the rule to explicitly define the param to resolve
16:38:22.034 INFO  Detected constructor definition has more then one argument to resolve. Redefine the rule to explicitly define the param to resolve
16:38:22.035 INFO  Detected constructor definition has more then one argument to resolve. Redefine the rule to explicitly define the param to resolve
16:38:22.035 INFO  Detected constructor definition has more then one argument to resolve. Redefine the rule to explicitly define the param to resolve
16:38:22.035 INFO  Detected constructor definition has more then one argument to resolve. Redefine the rule to explicitly define the param to resolve
16:38:22.035 INFO  Detected constructor definition has more then one argument to resolve. Redefine the rule to explicitly define the param to resolve
16:38:22.035 INFO  Detected constructor definition has more then one argument to resolve. Redefine the rule to explicitly define the param to resolve
16:38:22.035 INFO  Detected constructor definition has more then one argument to resolve. Redefine the rule to explicitly define the param to resolve
16:38:22.035 INFO  Detected constructor definition has more then one argument to resolve. Redefine the rule to explicitly define the param to resolve
16:38:22.035 INFO  Detected constructor definition has more then one argument to resolve. Redefine the rule to explicitly define the param to resolve
16:38:22.035 INFO  Detected constructor definition has more then one argument to resolve. Redefine the rule to explicitly define the param to resolve
16:38:22.035 INFO  Detected constructor definition has more then one argument to resolve. Redefine the rule to explicitly define the param to resolve
16:38:22.035 INFO  Detected constructor definition has more then one argument to resolve. Redefine the rule to explicitly define the param to resolve
16:38:22.035 INFO  Detected constructor definition has more then one argument to resolve. Redefine the rule to explicitly define the param to resolve
16:38:22.035 INFO  Detected constructor definition has more then one argument to resolve. Redefine the rule to explicitly define the param to resolve
16:38:22.035 INFO  Detected constructor definition has more then one argument to resolve. Redefine the rule to explicitly define the param to resolve
16:38:22.035 INFO  Detected constructor definition has more then one argument to resolve. Redefine the rule to explicitly define the param to resolve
16:38:22.035 INFO  Detected constructor definition has more then one argument to resolve. Redefine the rule to explicitly define the param to resolve
16:38:22.035 INFO  Detected constructor definition has more then one argument to resolve. Redefine the rule to explicitly define the param to resolve
16:38:22.035 INFO  Detected constructor definition has more then one argument to resolve. Redefine the rule to explicitly define the param to resolve
16:38:22.035 INFO  Detected constructor definition has more then one argument to resolve. Redefine the rule to explicitly define the param to resolve
16:38:22.035 INFO  Detected constructor definition has more then one argument to resolve. Redefine the rule to explicitly define the param to resolve
16:38:22.035 INFO  Detected constructor definition has more then one argument to resolve. Redefine the rule to explicitly define the param to resolve
16:38:22.035 INFO  Detected constructor definition has more then one argument to resolve. Redefine the rule to explicitly define the param to resolve
16:38:22.035 INFO  Detected constructor definition has more then one argument to resolve. Redefine the rule to explicitly define the param to resolve
16:38:22.035 INFO  Detected constructor definition has more then one argument to resolve. Redefine the rule to explicitly define the param to resolve
16:38:22.036 INFO  Detected constructor definition has more then one argument to resolve. Redefine the rule to explicitly define the param to resolve
16:38:22.036 INFO  Detected constructor definition has more then one argument to resolve. Redefine the rule to explicitly define the param to resolve
16:38:22.036 INFO  Detected constructor definition has more then one argument to resolve. Redefine the rule to explicitly define the param to resolve
16:38:22.036 INFO  Detected constructor definition has more then one argument to resolve. Redefine the rule to explicitly define the param to resolve
16:38:22.036 INFO  Detected constructor definition has more then one argument to resolve. Redefine the rule to explicitly define the param to resolve
16:38:22.036 INFO  Detected constructor definition has more then one argument to resolve. Redefine the rule to explicitly define the param to resolve
16:38:22.036 INFO  Detected constructor definition has more then one argument to resolve. Redefine the rule to explicitly define the param to resolve
16:38:22.036 INFO  Detected constructor definition has more then one argument to resolve. Redefine the rule to explicitly define the param to resolve
16:38:22.036 INFO  Detected constructor definition has more then one argument to resolve. Redefine the rule to explicitly define the param to resolve
16:38:22.036 INFO  Detected constructor definition has more then one argument to resolve. Redefine the rule to explicitly define the param to resolve
16:38:22.036 INFO  Detected constructor definition has more then one argument to resolve. Redefine the rule to explicitly define the param to resolve
16:38:22.036 INFO  Detected constructor definition has more then one argument to resolve. Redefine the rule to explicitly define the param to resolve
16:38:22.036 INFO  Detected constructor definition has more then one argument to resolve. Redefine the rule to explicitly define the param to resolve
16:38:22.036 INFO  Detected constructor definition has more then one argument to resolve. Redefine the rule to explicitly define the param to resolve
16:38:22.036 INFO  Detected constructor definition has more then one argument to resolve. Redefine the rule to explicitly define the param to resolve
16:38:22.036 INFO  Detected constructor definition has more then one argument to resolve. Redefine the rule to explicitly define the param to resolve
16:38:22.036 INFO  Detected constructor definition has more then one argument to resolve. Redefine the rule to explicitly define the param to resolve
16:38:22.036 INFO  Detected constructor definition has more then one argument to resolve. Redefine the rule to explicitly define the param to resolve
16:38:22.036 INFO  Detected constructor definition has more then one argument to resolve. Redefine the rule to explicitly define the param to resolve
16:38:22.036 INFO  Detected constructor definition has more then one argument to resolve. Redefine the rule to explicitly define the param to resolve
16:38:22.036 INFO  Detected constructor definition has more then one argument to resolve. Redefine the rule to explicitly define the param to resolve
16:38:22.036 INFO  Detected constructor definition has more then one argument to resolve. Redefine the rule to explicitly define the param to resolve
16:38:22.036 INFO  Detected constructor definition has more then one argument to resolve. Redefine the rule to explicitly define the param to resolve
16:38:22.036 INFO  Detected constructor definition has more then one argument to resolve. Redefine the rule to explicitly define the param to resolve
16:38:22.037 INFO  Detected constructor definition has more then one argument to resolve. Redefine the rule to explicitly define the param to resolve
16:38:22.037 INFO  Detected constructor definition has more then one argument to resolve. Redefine the rule to explicitly define the param to resolve
16:38:22.037 INFO  Detected constructor definition has more then one argument to resolve. Redefine the rule to explicitly define the param to resolve
16:38:22.037 INFO  Detected constructor definition has more then one argument to resolve. Redefine the rule to explicitly define the param to resolve
16:38:22.037 INFO  Detected constructor definition has more then one argument to resolve. Redefine the rule to explicitly define the param to resolve
16:38:22.037 INFO  Detected constructor definition has more then one argument to resolve. Redefine the rule to explicitly define the param to resolve
16:38:22.037 INFO  Detected constructor definition has more then one argument to resolve. Redefine the rule to explicitly define the param to resolve
16:38:22.037 INFO  Detected constructor definition has more then one argument to resolve. Redefine the rule to explicitly define the param to resolve
16:38:22.037 INFO  Detected constructor definition has more then one argument to resolve. Redefine the rule to explicitly define the param to resolve
16:38:22.037 INFO  Detected constructor definition has more then one argument to resolve. Redefine the rule to explicitly define the param to resolve
16:38:22.037 INFO  Detected constructor definition has more then one argument to resolve. Redefine the rule to explicitly define the param to resolve
16:38:22.037 INFO  Detected constructor definition has more then one argument to resolve. Redefine the rule to explicitly define the param to resolve
16:38:22.037 INFO  Detected constructor definition has more then one argument to resolve. Redefine the rule to explicitly define the param to resolve
16:38:22.037 INFO  Detected constructor definition has more then one argument to resolve. Redefine the rule to explicitly define the param to resolve
16:38:22.037 INFO  Detected constructor definition has more then one argument to resolve. Redefine the rule to explicitly define the param to resolve
16:38:22.037 INFO  Detected constructor definition has more then one argument to resolve. Redefine the rule to explicitly define the param to resolve
16:38:22.037 INFO  Detected constructor definition has more then one argument to resolve. Redefine the rule to explicitly define the param to resolve
16:38:22.037 INFO  Detected constructor definition has more then one argument to resolve. Redefine the rule to explicitly define the param to resolve
16:38:22.037 INFO  Detected constructor definition has more then one argument to resolve. Redefine the rule to explicitly define the param to resolve
16:38:22.037 INFO  Detected constructor definition has more then one argument to resolve. Redefine the rule to explicitly define the param to resolve
16:38:22.037 INFO  Detected constructor definition has more then one argument to resolve. Redefine the rule to explicitly define the param to resolve
16:38:22.037 INFO  Detected constructor definition has more then one argument to resolve. Redefine the rule to explicitly define the param to resolve
16:38:22.037 INFO  Detected constructor definition has more then one argument to resolve. Redefine the rule to explicitly define the param to resolve
16:38:22.038 INFO  Detected constructor definition has more then one argument to resolve. Redefine the rule to explicitly define the param to resolve
16:38:22.038 INFO  Detected constructor definition has more then one argument to resolve. Redefine the rule to explicitly define the param to resolve
16:38:22.038 INFO  Detected constructor definition has more then one argument to resolve. Redefine the rule to explicitly define the param to resolve
16:38:22.038 INFO  Detected constructor definition has more then one argument to resolve. Redefine the rule to explicitly define the param to resolve
16:38:22.038 INFO  Detected constructor definition has more then one argument to resolve. Redefine the rule to explicitly define the param to resolve
16:38:22.038 INFO  Detected constructor definition has more then one argument to resolve. Redefine the rule to explicitly define the param to resolve
16:38:22.038 INFO  Detected constructor definition has more then one argument to resolve. Redefine the rule to explicitly define the param to resolve
16:38:22.038 INFO  Detected constructor definition has more then one argument to resolve. Redefine the rule to explicitly define the param to resolve
16:38:22.038 INFO  Detected constructor definition has more then one argument to resolve. Redefine the rule to explicitly define the param to resolve
16:38:22.038 INFO  Detected constructor definition has more then one argument to resolve. Redefine the rule to explicitly define the param to resolve
16:38:22.038 INFO  Detected constructor definition has more then one argument to resolve. Redefine the rule to explicitly define the param to resolve
16:38:22.038 INFO  Detected constructor definition has more then one argument to resolve. Redefine the rule to explicitly define the param to resolve
16:38:22.038 INFO  Detected constructor definition has more then one argument to resolve. Redefine the rule to explicitly define the param to resolve
16:38:22.038 INFO  Detected constructor definition has more then one argument to resolve. Redefine the rule to explicitly define the param to resolve
16:38:22.038 INFO  Detected constructor definition has more then one argument to resolve. Redefine the rule to explicitly define the param to resolve
16:38:22.038 INFO  Detected constructor definition has more then one argument to resolve. Redefine the rule to explicitly define the param to resolve
16:38:22.038 INFO  Detected constructor definition has more then one argument to resolve. Redefine the rule to explicitly define the param to resolve
16:38:22.038 INFO  Detected constructor definition has more then one argument to resolve. Redefine the rule to explicitly define the param to resolve
16:38:22.038 INFO  Detected constructor definition has more then one argument to resolve. Redefine the rule to explicitly define the param to resolve
16:38:22.038 INFO  Detected constructor definition has more then one argument to resolve. Redefine the rule to explicitly define the param to resolve
16:38:22.038 INFO  Detected constructor definition has more then one argument to resolve. Redefine the rule to explicitly define the param to resolve
16:38:22.038 INFO  Detected constructor definition has more then one argument to resolve. Redefine the rule to explicitly define the param to resolve
16:38:22.038 INFO  Detected constructor definition has more then one argument to resolve. Redefine the rule to explicitly define the param to resolve
16:38:22.038 INFO  Detected constructor definition has more then one argument to resolve. Redefine the rule to explicitly define the param to resolve
16:38:22.038 INFO  Detected constructor definition has more then one argument to resolve. Redefine the rule to explicitly define the param to resolve
16:38:22.039 INFO  Detected constructor definition has more then one argument to resolve. Redefine the rule to explicitly define the param to resolve
16:38:22.039 INFO  Detected constructor definition has more then one argument to resolve. Redefine the rule to explicitly define the param to resolve
16:38:22.039 INFO  Detected constructor definition has more then one argument to resolve. Redefine the rule to explicitly define the param to resolve
16:38:22.039 INFO  Detected constructor definition has more then one argument to resolve. Redefine the rule to explicitly define the param to resolve
16:38:22.039 INFO  Detected constructor definition has more then one argument to resolve. Redefine the rule to explicitly define the param to resolve
16:38:22.039 INFO  Detected constructor definition has more then one argument to resolve. Redefine the rule to explicitly define the param to resolve
16:38:22.039 INFO  Detected constructor definition has more then one argument to resolve. Redefine the rule to explicitly define the param to resolve
16:38:22.039 INFO  Detected constructor definition has more then one argument to resolve. Redefine the rule to explicitly define the param to resolve
16:38:22.039 INFO  Detected constructor definition has more then one argument to resolve. Redefine the rule to explicitly define the param to resolve
16:38:22.039 INFO  Detected constructor definition has more then one argument to resolve. Redefine the rule to explicitly define the param to resolve
16:38:22.039 INFO  Detected constructor definition has more then one argument to resolve. Redefine the rule to explicitly define the param to resolve
16:38:22.039 INFO  Detected constructor definition has more then one argument to resolve. Redefine the rule to explicitly define the param to resolve
16:38:22.039 INFO  Detected constructor definition has more then one argument to resolve. Redefine the rule to explicitly define the param to resolve
16:38:22.039 INFO  Detected constructor definition has more then one argument to resolve. Redefine the rule to explicitly define the param to resolve
16:38:22.039 INFO  Detected constructor definition has more then one argument to resolve. Redefine the rule to explicitly define the param to resolve
16:38:22.039 INFO  Detected constructor definition has more then one argument to resolve. Redefine the rule to explicitly define the param to resolve
16:38:22.039 INFO  Detected constructor definition has more then one argument to resolve. Redefine the rule to explicitly define the param to resolve
16:38:22.039 INFO  Detected constructor definition has more then one argument to resolve. Redefine the rule to explicitly define the param to resolve
16:38:22.039 INFO  Detected constructor definition has more then one argument to resolve. Redefine the rule to explicitly define the param to resolve
16:38:22.039 INFO  Detected constructor definition has more then one argument to resolve. Redefine the rule to explicitly define the param to resolve
16:38:22.039 INFO  Detected constructor definition has more then one argument to resolve. Redefine the rule to explicitly define the param to resolve
16:38:22.039 INFO  Detected constructor definition has more then one argument to resolve. Redefine the rule to explicitly define the param to resolve
16:38:22.039 INFO  Detected constructor definition has more then one argument to resolve. Redefine the rule to explicitly define the param to resolve
16:38:22.039 INFO  Detected constructor definition has more then one argument to resolve. Redefine the rule to explicitly define the param to resolve
16:38:22.040 INFO  Detected constructor definition has more then one argument to resolve. Redefine the rule to explicitly define the param to resolve
16:38:22.040 INFO  Detected constructor definition has more then one argument to resolve. Redefine the rule to explicitly define the param to resolve
16:38:22.040 INFO  Detected constructor definition has more then one argument to resolve. Redefine the rule to explicitly define the param to resolve
16:38:22.040 INFO  Detected constructor definition has more then one argument to resolve. Redefine the rule to explicitly define the param to resolve
16:38:22.040 INFO  Detected constructor definition has more then one argument to resolve. Redefine the rule to explicitly define the param to resolve
16:38:22.040 INFO  Detected constructor definition has more then one argument to resolve. Redefine the rule to explicitly define the param to resolve
16:38:22.040 INFO  Detected constructor definition has more then one argument to resolve. Redefine the rule to explicitly define the param to resolve
16:38:22.040 INFO  Detected constructor definition has more then one argument to resolve. Redefine the rule to explicitly define the param to resolve
16:38:22.040 INFO  Detected constructor definition has more then one argument to resolve. Redefine the rule to explicitly define the param to resolve
16:38:22.040 INFO  Detected constructor definition has more then one argument to resolve. Redefine the rule to explicitly define the param to resolve
16:38:22.040 INFO  Detected constructor definition has more then one argument to resolve. Redefine the rule to explicitly define the param to resolve
16:38:22.040 INFO  Detected constructor definition has more then one argument to resolve. Redefine the rule to explicitly define the param to resolve
16:38:22.040 INFO  Detected constructor definition has more then one argument to resolve. Redefine the rule to explicitly define the param to resolve
16:38:22.040 INFO  Detected constructor definition has more then one argument to resolve. Redefine the rule to explicitly define the param to resolve
16:38:22.040 INFO  Detected constructor definition has more then one argument to resolve. Redefine the rule to explicitly define the param to resolve
16:38:22.040 INFO  Detected constructor definition has more then one argument to resolve. Redefine the rule to explicitly define the param to resolve
16:38:22.040 INFO  Detected constructor definition has more then one argument to resolve. Redefine the rule to explicitly define the param to resolve
16:38:22.040 INFO  Detected constructor definition has more then one argument to resolve. Redefine the rule to explicitly define the param to resolve
16:38:22.040 INFO  Detected constructor definition has more then one argument to resolve. Redefine the rule to explicitly define the param to resolve
16:38:22.040 INFO  Detected constructor definition has more then one argument to resolve. Redefine the rule to explicitly define the param to resolve
16:38:22.040 INFO  Detected constructor definition has more then one argument to resolve. Redefine the rule to explicitly define the param to resolve
16:38:22.040 INFO  Detected constructor definition has more then one argument to resolve. Redefine the rule to explicitly define the param to resolve
16:38:22.040 INFO  Detected constructor definition has more then one argument to resolve. Redefine the rule to explicitly define the param to resolve
16:38:22.041 INFO  Detected constructor definition has more then one argument to resolve. Redefine the rule to explicitly define the param to resolve
16:38:22.041 INFO  Detected constructor definition has more then one argument to resolve. Redefine the rule to explicitly define the param to resolve
16:38:22.041 INFO  Detected constructor definition has more then one argument to resolve. Redefine the rule to explicitly define the param to resolve
16:38:22.041 INFO  Detected constructor definition has more then one argument to resolve. Redefine the rule to explicitly define the param to resolve
16:38:22.041 INFO  Detected constructor definition has more then one argument to resolve. Redefine the rule to explicitly define the param to resolve
16:38:22.041 INFO  Detected constructor definition has more then one argument to resolve. Redefine the rule to explicitly define the param to resolve
16:38:22.041 INFO  Detected constructor definition has more then one argument to resolve. Redefine the rule to explicitly define the param to resolve
16:38:22.041 INFO  Detected constructor definition has more then one argument to resolve. Redefine the rule to explicitly define the param to resolve
16:38:22.041 INFO  Detected constructor definition has more then one argument to resolve. Redefine the rule to explicitly define the param to resolve
16:38:22.041 INFO  Detected constructor definition has more then one argument to resolve. Redefine the rule to explicitly define the param to resolve
16:38:22.041 INFO  Detected constructor definition has more then one argument to resolve. Redefine the rule to explicitly define the param to resolve
16:38:22.041 INFO  Detected constructor definition has more then one argument to resolve. Redefine the rule to explicitly define the param to resolve
16:38:22.041 INFO  Detected constructor definition has more then one argument to resolve. Redefine the rule to explicitly define the param to resolve
16:38:22.041 INFO  Detected constructor definition has more then one argument to resolve. Redefine the rule to explicitly define the param to resolve
16:38:22.041 INFO  Detected constructor definition has more then one argument to resolve. Redefine the rule to explicitly define the param to resolve
16:38:22.041 INFO  Detected constructor definition has more then one argument to resolve. Redefine the rule to explicitly define the param to resolve
16:38:22.041 INFO  Detected constructor definition has more then one argument to resolve. Redefine the rule to explicitly define the param to resolve
16:38:22.041 INFO  Detected constructor definition has more then one argument to resolve. Redefine the rule to explicitly define the param to resolve
16:38:22.041 INFO  Detected constructor definition has more then one argument to resolve. Redefine the rule to explicitly define the param to resolve
16:38:22.041 INFO  Detected constructor definition has more then one argument to resolve. Redefine the rule to explicitly define the param to resolve
16:38:22.041 INFO  Detected constructor definition has more then one argument to resolve. Redefine the rule to explicitly define the param to resolve
16:38:22.041 INFO  Detected constructor definition has more then one argument to resolve. Redefine the rule to explicitly define the param to resolve
16:38:22.041 INFO  Detected constructor definition has more then one argument to resolve. Redefine the rule to explicitly define the param to resolve
16:38:22.041 INFO  Detected constructor definition has more then one argument to resolve. Redefine the rule to explicitly define the param to resolve
16:38:22.042 INFO  Detected constructor definition has more then one argument to resolve. Redefine the rule to explicitly define the param to resolve
16:38:22.042 INFO  Detected constructor definition has more then one argument to resolve. Redefine the rule to explicitly define the param to resolve
16:38:22.042 INFO  Detected constructor definition has more then one argument to resolve. Redefine the rule to explicitly define the param to resolve
16:38:22.042 INFO  Detected constructor definition has more then one argument to resolve. Redefine the rule to explicitly define the param to resolve
16:38:22.042 INFO  Detected constructor definition has more then one argument to resolve. Redefine the rule to explicitly define the param to resolve
16:38:22.042 INFO  Detected constructor definition has more then one argument to resolve. Redefine the rule to explicitly define the param to resolve
16:38:22.042 INFO  Detected constructor definition has more then one argument to resolve. Redefine the rule to explicitly define the param to resolve
16:38:22.042 INFO  Detected constructor definition has more then one argument to resolve. Redefine the rule to explicitly define the param to resolve
16:38:22.042 INFO  Detected constructor definition has more then one argument to resolve. Redefine the rule to explicitly define the param to resolve
16:38:22.042 INFO  Detected constructor definition has more then one argument to resolve. Redefine the rule to explicitly define the param to resolve
16:38:22.042 INFO  Detected constructor definition has more then one argument to resolve. Redefine the rule to explicitly define the param to resolve
16:38:22.042 INFO  Detected constructor definition has more then one argument to resolve. Redefine the rule to explicitly define the param to resolve
16:38:22.042 INFO  Detected constructor definition has more then one argument to resolve. Redefine the rule to explicitly define the param to resolve
16:38:22.042 INFO  Detected constructor definition has more then one argument to resolve. Redefine the rule to explicitly define the param to resolve
16:38:22.042 INFO  Detected constructor definition has more then one argument to resolve. Redefine the rule to explicitly define the param to resolve
16:38:22.042 INFO  Detected constructor definition has more then one argument to resolve. Redefine the rule to explicitly define the param to resolve
16:38:22.042 INFO  Detected constructor definition has more then one argument to resolve. Redefine the rule to explicitly define the param to resolve
16:38:22.042 INFO  Detected constructor definition has more then one argument to resolve. Redefine the rule to explicitly define the param to resolve
16:38:22.042 INFO  Detected constructor definition has more then one argument to resolve. Redefine the rule to explicitly define the param to resolve
16:38:22.042 INFO  Detected constructor definition has more then one argument to resolve. Redefine the rule to explicitly define the param to resolve
16:38:22.042 INFO  Detected constructor definition has more then one argument to resolve. Redefine the rule to explicitly define the param to resolve
16:38:22.042 INFO  Detected constructor definition has more then one argument to resolve. Redefine the rule to explicitly define the param to resolve
16:38:22.042 INFO  Detected constructor definition has more then one argument to resolve. Redefine the rule to explicitly define the param to resolve
16:38:22.043 INFO  Detected constructor definition has more then one argument to resolve. Redefine the rule to explicitly define the param to resolve
16:38:22.043 INFO  Detected constructor definition has more then one argument to resolve. Redefine the rule to explicitly define the param to resolve
16:38:22.043 INFO  Detected constructor definition has more then one argument to resolve. Redefine the rule to explicitly define the param to resolve
16:38:22.043 INFO  Detected constructor definition has more then one argument to resolve. Redefine the rule to explicitly define the param to resolve
16:38:22.043 INFO  Detected constructor definition has more then one argument to resolve. Redefine the rule to explicitly define the param to resolve
16:38:22.043 INFO  Detected constructor definition has more then one argument to resolve. Redefine the rule to explicitly define the param to resolve
16:38:22.043 INFO  Detected constructor definition has more then one argument to resolve. Redefine the rule to explicitly define the param to resolve
16:38:22.043 INFO  Detected constructor definition has more then one argument to resolve. Redefine the rule to explicitly define the param to resolve
16:38:22.043 INFO  Detected constructor definition has more then one argument to resolve. Redefine the rule to explicitly define the param to resolve
16:38:22.043 INFO  Detected constructor definition has more then one argument to resolve. Redefine the rule to explicitly define the param to resolve
16:38:22.043 INFO  Detected constructor definition has more then one argument to resolve. Redefine the rule to explicitly define the param to resolve
16:38:22.043 INFO  Detected constructor definition has more then one argument to resolve. Redefine the rule to explicitly define the param to resolve
16:38:22.043 INFO  Detected constructor definition has more then one argument to resolve. Redefine the rule to explicitly define the param to resolve
16:38:22.043 INFO  Detected constructor definition has more then one argument to resolve. Redefine the rule to explicitly define the param to resolve
16:38:22.043 INFO  Detected constructor definition has more then one argument to resolve. Redefine the rule to explicitly define the param to resolve
16:38:22.043 INFO  Detected constructor definition has more then one argument to resolve. Redefine the rule to explicitly define the param to resolve
16:38:22.043 INFO  Detected constructor definition has more then one argument to resolve. Redefine the rule to explicitly define the param to resolve
16:38:22.043 INFO  Detected constructor definition has more then one argument to resolve. Redefine the rule to explicitly define the param to resolve
16:38:22.043 INFO  Detected constructor definition has more then one argument to resolve. Redefine the rule to explicitly define the param to resolve
16:38:22.043 INFO  Detected constructor definition has more then one argument to resolve. Redefine the rule to explicitly define the param to resolve
16:38:22.043 INFO  Detected constructor definition has more then one argument to resolve. Redefine the rule to explicitly define the param to resolve
16:38:22.043 INFO  Detected constructor definition has more then one argument to resolve. Redefine the rule to explicitly define the param to resolve
16:38:22.043 INFO  Detected constructor definition has more then one argument to resolve. Redefine the rule to explicitly define the param to resolve
16:38:22.043 INFO  Detected constructor definition has more then one argument to resolve. Redefine the rule to explicitly define the param to resolve
16:38:22.044 INFO  Detected constructor definition has more then one argument to resolve. Redefine the rule to explicitly define the param to resolve
16:38:22.044 INFO  Detected constructor definition has more then one argument to resolve. Redefine the rule to explicitly define the param to resolve
16:38:22.044 INFO  Detected constructor definition has more then one argument to resolve. Redefine the rule to explicitly define the param to resolve
16:38:22.044 INFO  Detected constructor definition has more then one argument to resolve. Redefine the rule to explicitly define the param to resolve
16:38:22.044 INFO  Detected constructor definition has more then one argument to resolve. Redefine the rule to explicitly define the param to resolve
16:38:22.044 INFO  Detected constructor definition has more then one argument to resolve. Redefine the rule to explicitly define the param to resolve
16:38:22.044 INFO  Detected constructor definition has more then one argument to resolve. Redefine the rule to explicitly define the param to resolve
16:38:22.044 INFO  Detected constructor definition has more then one argument to resolve. Redefine the rule to explicitly define the param to resolve
16:38:22.044 INFO  Detected constructor definition has more then one argument to resolve. Redefine the rule to explicitly define the param to resolve
16:38:22.044 INFO  Detected constructor definition has more then one argument to resolve. Redefine the rule to explicitly define the param to resolve
16:38:22.044 INFO  Detected constructor definition has more then one argument to resolve. Redefine the rule to explicitly define the param to resolve
16:38:22.044 INFO  Detected constructor definition has more then one argument to resolve. Redefine the rule to explicitly define the param to resolve
16:38:22.044 INFO  Detected constructor definition has more then one argument to resolve. Redefine the rule to explicitly define the param to resolve
16:38:22.044 INFO  Detected constructor definition has more then one argument to resolve. Redefine the rule to explicitly define the param to resolve
16:38:22.044 INFO  Detected constructor definition has more then one argument to resolve. Redefine the rule to explicitly define the param to resolve
16:38:22.044 INFO  Detected constructor definition has more then one argument to resolve. Redefine the rule to explicitly define the param to resolve
16:38:22.044 INFO  Detected constructor definition has more then one argument to resolve. Redefine the rule to explicitly define the param to resolve
16:38:22.044 INFO  Detected constructor definition has more then one argument to resolve. Redefine the rule to explicitly define the param to resolve
16:38:22.044 INFO  Detected constructor definition has more then one argument to resolve. Redefine the rule to explicitly define the param to resolve
16:38:22.044 INFO  Detected constructor definition has more then one argument to resolve. Redefine the rule to explicitly define the param to resolve
16:38:22.044 INFO  Detected constructor definition has more then one argument to resolve. Redefine the rule to explicitly define the param to resolve
16:38:22.044 INFO  Detected constructor definition has more then one argument to resolve. Redefine the rule to explicitly define the param to resolve
16:38:22.044 INFO  Detected constructor definition has more then one argument to resolve. Redefine the rule to explicitly define the param to resolve
16:38:22.045 INFO  Detected constructor definition has more then one argument to resolve. Redefine the rule to explicitly define the param to resolve
16:38:22.045 INFO  Detected constructor definition has more then one argument to resolve. Redefine the rule to explicitly define the param to resolve
16:38:22.045 INFO  Detected constructor definition has more then one argument to resolve. Redefine the rule to explicitly define the param to resolve
16:38:22.045 INFO  Detected constructor definition has more then one argument to resolve. Redefine the rule to explicitly define the param to resolve
16:38:22.045 INFO  Detected constructor definition has more then one argument to resolve. Redefine the rule to explicitly define the param to resolve
16:38:22.045 INFO  Detected constructor definition has more then one argument to resolve. Redefine the rule to explicitly define the param to resolve
16:38:22.045 INFO  Detected constructor definition has more then one argument to resolve. Redefine the rule to explicitly define the param to resolve
16:38:22.045 INFO  Detected constructor definition has more then one argument to resolve. Redefine the rule to explicitly define the param to resolve
16:38:22.045 INFO  Detected constructor definition has more then one argument to resolve. Redefine the rule to explicitly define the param to resolve
16:38:22.045 INFO  Detected constructor definition has more then one argument to resolve. Redefine the rule to explicitly define the param to resolve
16:38:22.045 INFO  Detected constructor definition has more then one argument to resolve. Redefine the rule to explicitly define the param to resolve
16:38:22.045 INFO  Detected constructor definition has more then one argument to resolve. Redefine the rule to explicitly define the param to resolve
16:38:22.045 INFO  Detected constructor definition has more then one argument to resolve. Redefine the rule to explicitly define the param to resolve
16:38:22.045 INFO  Detected constructor definition has more then one argument to resolve. Redefine the rule to explicitly define the param to resolve
16:38:22.045 INFO  Detected constructor definition has more then one argument to resolve. Redefine the rule to explicitly define the param to resolve
16:38:22.045 INFO  Detected constructor definition has more then one argument to resolve. Redefine the rule to explicitly define the param to resolve
16:38:22.045 INFO  Detected constructor definition has more then one argument to resolve. Redefine the rule to explicitly define the param to resolve
16:38:22.045 INFO  Detected constructor definition has more then one argument to resolve. Redefine the rule to explicitly define the param to resolve
16:38:22.045 INFO  Detected constructor definition has more then one argument to resolve. Redefine the rule to explicitly define the param to resolve
16:38:22.045 INFO  Detected constructor definition has more then one argument to resolve. Redefine the rule to explicitly define the param to resolve
16:38:22.045 INFO  Detected constructor definition has more then one argument to resolve. Redefine the rule to explicitly define the param to resolve
16:38:22.045 INFO  Detected constructor definition has more then one argument to resolve. Redefine the rule to explicitly define the param to resolve
16:38:22.045 INFO  Detected constructor definition has more then one argument to resolve. Redefine the rule to explicitly define the param to resolve
16:38:22.045 INFO  Detected constructor definition has more then one argument to resolve. Redefine the rule to explicitly define the param to resolve
16:38:22.045 INFO  Detected constructor definition has more then one argument to resolve. Redefine the rule to explicitly define the param to resolve
16:38:22.046 INFO  Detected constructor definition has more then one argument to resolve. Redefine the rule to explicitly define the param to resolve
16:38:22.046 INFO  Detected constructor definition has more then one argument to resolve. Redefine the rule to explicitly define the param to resolve
16:38:22.046 INFO  Detected constructor definition has more then one argument to resolve. Redefine the rule to explicitly define the param to resolve
16:38:22.046 INFO  Detected constructor definition has more then one argument to resolve. Redefine the rule to explicitly define the param to resolve
16:38:22.046 INFO  Detected constructor definition has more then one argument to resolve. Redefine the rule to explicitly define the param to resolve
16:38:22.046 INFO  Detected constructor definition has more then one argument to resolve. Redefine the rule to explicitly define the param to resolve
16:38:22.046 INFO  Detected constructor definition has more then one argument to resolve. Redefine the rule to explicitly define the param to resolve
16:38:22.046 INFO  Detected constructor definition has more then one argument to resolve. Redefine the rule to explicitly define the param to resolve
16:38:22.046 INFO  Detected constructor definition has more then one argument to resolve. Redefine the rule to explicitly define the param to resolve
16:38:22.046 INFO  Detected constructor definition has more then one argument to resolve. Redefine the rule to explicitly define the param to resolve
16:38:22.046 INFO  Detected constructor definition has more then one argument to resolve. Redefine the rule to explicitly define the param to resolve
16:38:22.046 INFO  Detected constructor definition has more then one argument to resolve. Redefine the rule to explicitly define the param to resolve
16:38:22.046 INFO  Detected constructor definition has more then one argument to resolve. Redefine the rule to explicitly define the param to resolve
16:38:22.046 INFO  Detected constructor definition has more then one argument to resolve. Redefine the rule to explicitly define the param to resolve
16:38:22.046 INFO  Detected constructor definition has more then one argument to resolve. Redefine the rule to explicitly define the param to resolve
16:38:22.046 INFO  Detected constructor definition has more then one argument to resolve. Redefine the rule to explicitly define the param to resolve
16:38:22.046 INFO  Detected constructor definition has more then one argument to resolve. Redefine the rule to explicitly define the param to resolve
16:38:22.046 INFO  Detected constructor definition has more then one argument to resolve. Redefine the rule to explicitly define the param to resolve
16:38:22.046 INFO  Detected constructor definition has more then one argument to resolve. Redefine the rule to explicitly define the param to resolve
16:38:22.046 INFO  Detected constructor definition has more then one argument to resolve. Redefine the rule to explicitly define the param to resolve
16:38:22.046 INFO  Detected constructor definition has more then one argument to resolve. Redefine the rule to explicitly define the param to resolve
16:38:22.046 INFO  Detected constructor definition has more then one argument to resolve. Redefine the rule to explicitly define the param to resolve
16:38:22.046 INFO  Detected constructor definition has more then one argument to resolve. Redefine the rule to explicitly define the param to resolve
16:38:22.047 INFO  Detected constructor definition has more then one argument to resolve. Redefine the rule to explicitly define the param to resolve
16:38:22.047 INFO  Detected constructor definition has more then one argument to resolve. Redefine the rule to explicitly define the param to resolve
16:38:22.047 INFO  Detected constructor definition has more then one argument to resolve. Redefine the rule to explicitly define the param to resolve
16:38:22.047 INFO  Detected constructor definition has more then one argument to resolve. Redefine the rule to explicitly define the param to resolve
16:38:22.047 INFO  Detected constructor definition has more then one argument to resolve. Redefine the rule to explicitly define the param to resolve
16:38:22.047 INFO  Detected constructor definition has more then one argument to resolve. Redefine the rule to explicitly define the param to resolve
16:38:22.047 INFO  Detected constructor definition has more then one argument to resolve. Redefine the rule to explicitly define the param to resolve
16:38:22.047 INFO  Detected constructor definition has more then one argument to resolve. Redefine the rule to explicitly define the param to resolve
16:38:22.047 INFO  Detected constructor definition has more then one argument to resolve. Redefine the rule to explicitly define the param to resolve
16:38:22.047 INFO  Detected constructor definition has more then one argument to resolve. Redefine the rule to explicitly define the param to resolve
16:38:22.047 INFO  Detected constructor definition has more then one argument to resolve. Redefine the rule to explicitly define the param to resolve
16:38:22.047 INFO  Detected constructor definition has more then one argument to resolve. Redefine the rule to explicitly define the param to resolve
16:38:22.047 INFO  Detected constructor definition has more then one argument to resolve. Redefine the rule to explicitly define the param to resolve
16:38:22.047 INFO  Detected constructor definition has more then one argument to resolve. Redefine the rule to explicitly define the param to resolve
16:38:22.047 INFO  Detected constructor definition has more then one argument to resolve. Redefine the rule to explicitly define the param to resolve
16:38:22.047 INFO  Detected constructor definition has more then one argument to resolve. Redefine the rule to explicitly define the param to resolve
16:38:22.047 INFO  Detected constructor definition has more then one argument to resolve. Redefine the rule to explicitly define the param to resolve
16:38:22.047 INFO  Detected constructor definition has more then one argument to resolve. Redefine the rule to explicitly define the param to resolve
16:38:22.047 INFO  Detected constructor definition has more then one argument to resolve. Redefine the rule to explicitly define the param to resolve
16:38:22.047 INFO  Detected constructor definition has more then one argument to resolve. Redefine the rule to explicitly define the param to resolve
16:38:22.047 INFO  Detected constructor definition has more then one argument to resolve. Redefine the rule to explicitly define the param to resolve
16:38:22.047 INFO  Detected constructor definition has more then one argument to resolve. Redefine the rule to explicitly define the param to resolve
16:38:22.047 INFO  Detected constructor definition has more then one argument to resolve. Redefine the rule to explicitly define the param to resolve
16:38:22.047 INFO  Detected constructor definition has more then one argument to resolve. Redefine the rule to explicitly define the param to resolve
16:38:22.048 INFO  Detected constructor definition has more then one argument to resolve. Redefine the rule to explicitly define the param to resolve
16:38:22.048 INFO  Detected constructor definition has more then one argument to resolve. Redefine the rule to explicitly define the param to resolve
16:38:22.048 INFO  Detected constructor definition has more then one argument to resolve. Redefine the rule to explicitly define the param to resolve
16:38:22.048 INFO  Detected constructor definition has more then one argument to resolve. Redefine the rule to explicitly define the param to resolve
16:38:22.048 INFO  Detected constructor definition has more then one argument to resolve. Redefine the rule to explicitly define the param to resolve
16:38:22.048 INFO  Detected constructor definition has more then one argument to resolve. Redefine the rule to explicitly define the param to resolve
16:38:22.048 INFO  Detected constructor definition has more then one argument to resolve. Redefine the rule to explicitly define the param to resolve
16:38:22.048 INFO  Detected constructor definition has more then one argument to resolve. Redefine the rule to explicitly define the param to resolve
16:38:22.048 INFO  Detected constructor definition has more then one argument to resolve. Redefine the rule to explicitly define the param to resolve
16:38:22.048 INFO  Detected constructor definition has more then one argument to resolve. Redefine the rule to explicitly define the param to resolve
16:38:22.048 INFO  Detected constructor definition has more then one argument to resolve. Redefine the rule to explicitly define the param to resolve
16:38:22.048 INFO  Detected constructor definition has more then one argument to resolve. Redefine the rule to explicitly define the param to resolve
16:38:22.048 INFO  Detected constructor definition has more then one argument to resolve. Redefine the rule to explicitly define the param to resolve
16:38:22.048 INFO  Detected constructor definition has more then one argument to resolve. Redefine the rule to explicitly define the param to resolve
16:38:22.048 INFO  Detected constructor definition has more then one argument to resolve. Redefine the rule to explicitly define the param to resolve
16:38:22.048 INFO  Detected constructor definition has more then one argument to resolve. Redefine the rule to explicitly define the param to resolve
16:38:22.048 INFO  Detected constructor definition has more then one argument to resolve. Redefine the rule to explicitly define the param to resolve
16:38:22.048 INFO  Detected constructor definition has more then one argument to resolve. Redefine the rule to explicitly define the param to resolve
16:38:22.048 INFO  Detected constructor definition has more then one argument to resolve. Redefine the rule to explicitly define the param to resolve
16:38:22.048 INFO  Detected constructor definition has more then one argument to resolve. Redefine the rule to explicitly define the param to resolve
16:38:22.048 INFO  Detected constructor definition has more then one argument to resolve. Redefine the rule to explicitly define the param to resolve
16:38:22.048 INFO  Detected constructor definition has more then one argument to resolve. Redefine the rule to explicitly define the param to resolve
16:38:22.048 INFO  Detected constructor definition has more then one argument to resolve. Redefine the rule to explicitly define the param to resolve
16:38:22.048 INFO  Detected constructor definition has more then one argument to resolve. Redefine the rule to explicitly define the param to resolve
16:38:22.049 INFO  Detected constructor definition has more then one argument to resolve. Redefine the rule to explicitly define the param to resolve
16:38:22.049 INFO  Detected constructor definition has more then one argument to resolve. Redefine the rule to explicitly define the param to resolve
16:38:22.049 INFO  Detected constructor definition has more then one argument to resolve. Redefine the rule to explicitly define the param to resolve
16:38:22.049 INFO  Detected constructor definition has more then one argument to resolve. Redefine the rule to explicitly define the param to resolve
16:38:22.049 INFO  Detected constructor definition has more then one argument to resolve. Redefine the rule to explicitly define the param to resolve
16:38:22.049 INFO  Detected constructor definition has more then one argument to resolve. Redefine the rule to explicitly define the param to resolve
16:38:22.049 INFO  Detected constructor definition has more then one argument to resolve. Redefine the rule to explicitly define the param to resolve
16:38:22.049 INFO  Detected constructor definition has more then one argument to resolve. Redefine the rule to explicitly define the param to resolve
16:38:22.049 INFO  Detected constructor definition has more then one argument to resolve. Redefine the rule to explicitly define the param to resolve
16:38:22.049 INFO  Detected constructor definition has more then one argument to resolve. Redefine the rule to explicitly define the param to resolve
16:38:22.049 INFO  Detected constructor definition has more then one argument to resolve. Redefine the rule to explicitly define the param to resolve
16:38:22.049 INFO  Detected constructor definition has more then one argument to resolve. Redefine the rule to explicitly define the param to resolve
16:38:22.049 INFO  Detected constructor definition has more then one argument to resolve. Redefine the rule to explicitly define the param to resolve
16:38:22.049 INFO  Detected constructor definition has more then one argument to resolve. Redefine the rule to explicitly define the param to resolve
16:38:22.049 INFO  Detected constructor definition has more then one argument to resolve. Redefine the rule to explicitly define the param to resolve
16:38:22.049 INFO  Detected constructor definition has more then one argument to resolve. Redefine the rule to explicitly define the param to resolve
16:38:22.049 INFO  Detected constructor definition has more then one argument to resolve. Redefine the rule to explicitly define the param to resolve
16:38:22.049 INFO  Detected constructor definition has more then one argument to resolve. Redefine the rule to explicitly define the param to resolve
16:38:22.049 INFO  Detected constructor definition has more then one argument to resolve. Redefine the rule to explicitly define the param to resolve
16:38:22.049 INFO  Detected constructor definition has more then one argument to resolve. Redefine the rule to explicitly define the param to resolve
16:38:22.049 INFO  Detected constructor definition has more then one argument to resolve. Redefine the rule to explicitly define the param to resolve
16:38:22.049 INFO  Detected constructor definition has more then one argument to resolve. Redefine the rule to explicitly define the param to resolve
16:38:22.049 INFO  Detected constructor definition has more then one argument to resolve. Redefine the rule to explicitly define the param to resolve
16:38:22.049 INFO  Detected constructor definition has more then one argument to resolve. Redefine the rule to explicitly define the param to resolve
16:38:22.050 INFO  Detected constructor definition has more then one argument to resolve. Redefine the rule to explicitly define the param to resolve
16:38:22.050 INFO  Detected constructor definition has more then one argument to resolve. Redefine the rule to explicitly define the param to resolve
16:38:22.050 INFO  Detected constructor definition has more then one argument to resolve. Redefine the rule to explicitly define the param to resolve
16:38:22.050 INFO  Detected constructor definition has more then one argument to resolve. Redefine the rule to explicitly define the param to resolve
16:38:22.050 INFO  Detected constructor definition has more then one argument to resolve. Redefine the rule to explicitly define the param to resolve
16:38:22.050 INFO  Detected constructor definition has more then one argument to resolve. Redefine the rule to explicitly define the param to resolve
16:38:22.050 INFO  Detected constructor definition has more then one argument to resolve. Redefine the rule to explicitly define the param to resolve
16:38:22.050 INFO  Detected constructor definition has more then one argument to resolve. Redefine the rule to explicitly define the param to resolve
16:38:22.050 INFO  Detected constructor definition has more then one argument to resolve. Redefine the rule to explicitly define the param to resolve
16:38:22.050 INFO  Detected constructor definition has more then one argument to resolve. Redefine the rule to explicitly define the param to resolve
16:38:22.050 INFO  Detected constructor definition has more then one argument to resolve. Redefine the rule to explicitly define the param to resolve
16:38:22.050 INFO  Detected constructor definition has more then one argument to resolve. Redefine the rule to explicitly define the param to resolve
16:38:22.050 INFO  Detected constructor definition has more then one argument to resolve. Redefine the rule to explicitly define the param to resolve
16:38:22.050 INFO  Detected constructor definition has more then one argument to resolve. Redefine the rule to explicitly define the param to resolve
16:38:22.050 INFO  Detected constructor definition has more then one argument to resolve. Redefine the rule to explicitly define the param to resolve
16:38:22.050 INFO  Detected constructor definition has more then one argument to resolve. Redefine the rule to explicitly define the param to resolve
16:38:22.050 INFO  Detected constructor definition has more then one argument to resolve. Redefine the rule to explicitly define the param to resolve
16:38:22.050 INFO  Detected constructor definition has more then one argument to resolve. Redefine the rule to explicitly define the param to resolve
16:38:22.050 INFO  Detected constructor definition has more then one argument to resolve. Redefine the rule to explicitly define the param to resolve
16:38:22.050 INFO  Detected constructor definition has more then one argument to resolve. Redefine the rule to explicitly define the param to resolve
16:38:22.050 INFO  Detected constructor definition has more then one argument to resolve. Redefine the rule to explicitly define the param to resolve
16:38:22.050 INFO  Detected constructor definition has more then one argument to resolve. Redefine the rule to explicitly define the param to resolve
16:38:22.050 INFO  Detected constructor definition has more then one argument to resolve. Redefine the rule to explicitly define the param to resolve
16:38:22.050 INFO  Detected constructor definition has more then one argument to resolve. Redefine the rule to explicitly define the param to resolve
16:38:22.051 INFO  Detected constructor definition has more then one argument to resolve. Redefine the rule to explicitly define the param to resolve
16:38:22.051 INFO  Detected constructor definition has more then one argument to resolve. Redefine the rule to explicitly define the param to resolve
16:38:22.051 INFO  Detected constructor definition has more then one argument to resolve. Redefine the rule to explicitly define the param to resolve
16:38:22.051 INFO  Detected constructor definition has more then one argument to resolve. Redefine the rule to explicitly define the param to resolve
16:38:22.051 INFO  Detected constructor definition has more then one argument to resolve. Redefine the rule to explicitly define the param to resolve
16:38:22.051 INFO  Detected constructor definition has more then one argument to resolve. Redefine the rule to explicitly define the param to resolve
16:38:22.051 INFO  Detected constructor definition has more then one argument to resolve. Redefine the rule to explicitly define the param to resolve
16:38:22.051 INFO  Detected constructor definition has more then one argument to resolve. Redefine the rule to explicitly define the param to resolve
16:38:22.051 INFO  Detected constructor definition has more then one argument to resolve. Redefine the rule to explicitly define the param to resolve
16:38:22.051 INFO  Detected constructor definition has more then one argument to resolve. Redefine the rule to explicitly define the param to resolve
16:38:22.051 INFO  Detected constructor definition has more then one argument to resolve. Redefine the rule to explicitly define the param to resolve
16:38:22.051 INFO  Detected constructor definition has more then one argument to resolve. Redefine the rule to explicitly define the param to resolve
16:38:22.051 INFO  Detected constructor definition has more then one argument to resolve. Redefine the rule to explicitly define the param to resolve
16:38:22.051 INFO  Detected constructor definition has more then one argument to resolve. Redefine the rule to explicitly define the param to resolve
16:38:22.051 INFO  Detected constructor definition has more then one argument to resolve. Redefine the rule to explicitly define the param to resolve
16:38:22.051 INFO  Detected constructor definition has more then one argument to resolve. Redefine the rule to explicitly define the param to resolve
16:38:22.051 INFO  Detected constructor definition has more then one argument to resolve. Redefine the rule to explicitly define the param to resolve
16:38:22.051 INFO  Detected constructor definition has more then one argument to resolve. Redefine the rule to explicitly define the param to resolve
16:38:22.051 INFO  Detected constructor definition has more then one argument to resolve. Redefine the rule to explicitly define the param to resolve
16:38:22.051 INFO  Detected constructor definition has more then one argument to resolve. Redefine the rule to explicitly define the param to resolve
16:38:22.051 INFO  Detected constructor definition has more then one argument to resolve. Redefine the rule to explicitly define the param to resolve
16:38:22.051 INFO  Detected constructor definition has more then one argument to resolve. Redefine the rule to explicitly define the param to resolve
16:38:22.051 INFO  Detected constructor definition has more then one argument to resolve. Redefine the rule to explicitly define the param to resolve
16:38:22.051 INFO  Detected constructor definition has more then one argument to resolve. Redefine the rule to explicitly define the param to resolve
16:38:22.052 INFO  Detected constructor definition has more then one argument to resolve. Redefine the rule to explicitly define the param to resolve
16:38:22.052 INFO  Detected constructor definition has more then one argument to resolve. Redefine the rule to explicitly define the param to resolve
16:38:22.052 INFO  Detected constructor definition has more then one argument to resolve. Redefine the rule to explicitly define the param to resolve
16:38:22.052 INFO  Detected constructor definition has more then one argument to resolve. Redefine the rule to explicitly define the param to resolve
16:38:22.052 INFO  Detected constructor definition has more then one argument to resolve. Redefine the rule to explicitly define the param to resolve
16:38:22.052 INFO  Detected constructor definition has more then one argument to resolve. Redefine the rule to explicitly define the param to resolve
16:38:22.052 INFO  Detected constructor definition has more then one argument to resolve. Redefine the rule to explicitly define the param to resolve
16:38:22.052 INFO  Detected constructor definition has more then one argument to resolve. Redefine the rule to explicitly define the param to resolve
16:38:22.052 INFO  Detected constructor definition has more then one argument to resolve. Redefine the rule to explicitly define the param to resolve
16:38:22.052 INFO  Detected constructor definition has more then one argument to resolve. Redefine the rule to explicitly define the param to resolve
16:38:22.052 INFO  Detected constructor definition has more then one argument to resolve. Redefine the rule to explicitly define the param to resolve
16:38:22.052 INFO  Detected constructor definition has more then one argument to resolve. Redefine the rule to explicitly define the param to resolve
16:38:22.052 INFO  Detected constructor definition has more then one argument to resolve. Redefine the rule to explicitly define the param to resolve
16:38:22.052 INFO  Detected constructor definition has more then one argument to resolve. Redefine the rule to explicitly define the param to resolve
16:38:22.052 INFO  Detected constructor definition has more then one argument to resolve. Redefine the rule to explicitly define the param to resolve
16:38:22.052 INFO  Detected constructor definition has more then one argument to resolve. Redefine the rule to explicitly define the param to resolve
16:38:22.052 INFO  Detected constructor definition has more then one argument to resolve. Redefine the rule to explicitly define the param to resolve
16:38:22.052 INFO  Detected constructor definition has more then one argument to resolve. Redefine the rule to explicitly define the param to resolve
16:38:22.052 INFO  Detected constructor definition has more then one argument to resolve. Redefine the rule to explicitly define the param to resolve
16:38:22.052 INFO  Detected constructor definition has more then one argument to resolve. Redefine the rule to explicitly define the param to resolve
16:38:22.052 INFO  Detected constructor definition has more then one argument to resolve. Redefine the rule to explicitly define the param to resolve
16:38:22.052 INFO  Detected constructor definition has more then one argument to resolve. Redefine the rule to explicitly define the param to resolve
16:38:22.052 INFO  Detected constructor definition has more then one argument to resolve. Redefine the rule to explicitly define the param to resolve
16:38:22.052 INFO  Detected constructor definition has more then one argument to resolve. Redefine the rule to explicitly define the param to resolve
16:38:22.053 INFO  Detected constructor definition has more then one argument to resolve. Redefine the rule to explicitly define the param to resolve
16:38:22.053 INFO  Detected constructor definition has more then one argument to resolve. Redefine the rule to explicitly define the param to resolve
16:38:22.053 INFO  Detected constructor definition has more then one argument to resolve. Redefine the rule to explicitly define the param to resolve
16:38:22.053 INFO  Detected constructor definition has more then one argument to resolve. Redefine the rule to explicitly define the param to resolve
16:38:22.053 INFO  Detected constructor definition has more then one argument to resolve. Redefine the rule to explicitly define the param to resolve
16:38:22.053 INFO  Detected constructor definition has more then one argument to resolve. Redefine the rule to explicitly define the param to resolve
16:38:22.053 INFO  Detected constructor definition has more then one argument to resolve. Redefine the rule to explicitly define the param to resolve
16:38:22.053 INFO  Detected constructor definition has more then one argument to resolve. Redefine the rule to explicitly define the param to resolve
16:38:22.053 INFO  Detected constructor definition has more then one argument to resolve. Redefine the rule to explicitly define the param to resolve
16:38:22.053 INFO  Detected constructor definition has more then one argument to resolve. Redefine the rule to explicitly define the param to resolve
16:38:22.053 INFO  Detected constructor definition has more then one argument to resolve. Redefine the rule to explicitly define the param to resolve
16:38:22.053 INFO  Detected constructor definition has more then one argument to resolve. Redefine the rule to explicitly define the param to resolve
16:38:22.053 INFO  Detected constructor definition has more then one argument to resolve. Redefine the rule to explicitly define the param to resolve
16:38:22.053 INFO  Detected constructor definition has more then one argument to resolve. Redefine the rule to explicitly define the param to resolve
16:38:22.053 INFO  Detected constructor definition has more then one argument to resolve. Redefine the rule to explicitly define the param to resolve
16:38:22.053 INFO  Detected constructor definition has more then one argument to resolve. Redefine the rule to explicitly define the param to resolve
16:38:22.053 INFO  Detected constructor definition has more then one argument to resolve. Redefine the rule to explicitly define the param to resolve
16:38:22.053 INFO  Detected constructor definition has more then one argument to resolve. Redefine the rule to explicitly define the param to resolve
16:38:22.053 INFO  Detected constructor definition has more then one argument to resolve. Redefine the rule to explicitly define the param to resolve
16:38:22.053 INFO  Detected constructor definition has more then one argument to resolve. Redefine the rule to explicitly define the param to resolve
16:38:22.053 INFO  Detected constructor definition has more then one argument to resolve. Redefine the rule to explicitly define the param to resolve
16:38:22.053 INFO  Detected constructor definition has more then one argument to resolve. Redefine the rule to explicitly define the param to resolve
16:38:22.053 INFO  Detected constructor definition has more then one argument to resolve. Redefine the rule to explicitly define the param to resolve
16:38:22.053 INFO  Detected constructor definition has more then one argument to resolve. Redefine the rule to explicitly define the param to resolve
16:38:22.053 INFO  Detected constructor definition has more then one argument to resolve. Redefine the rule to explicitly define the param to resolve
16:38:22.054 INFO  Detected constructor definition has more then one argument to resolve. Redefine the rule to explicitly define the param to resolve
16:38:22.054 INFO  Detected constructor definition has more then one argument to resolve. Redefine the rule to explicitly define the param to resolve
16:38:22.054 INFO  Detected constructor definition has more then one argument to resolve. Redefine the rule to explicitly define the param to resolve
16:38:22.054 INFO  Detected constructor definition has more then one argument to resolve. Redefine the rule to explicitly define the param to resolve
16:38:22.054 INFO  Detected constructor definition has more then one argument to resolve. Redefine the rule to explicitly define the param to resolve
16:38:22.054 INFO  Detected constructor definition has more then one argument to resolve. Redefine the rule to explicitly define the param to resolve
16:38:22.054 INFO  Detected constructor definition has more then one argument to resolve. Redefine the rule to explicitly define the param to resolve
16:38:22.054 INFO  Detected constructor definition has more then one argument to resolve. Redefine the rule to explicitly define the param to resolve
16:38:22.054 INFO  Detected constructor definition has more then one argument to resolve. Redefine the rule to explicitly define the param to resolve
16:38:22.054 INFO  Detected constructor definition has more then one argument to resolve. Redefine the rule to explicitly define the param to resolve
16:38:22.054 INFO  Detected constructor definition has more then one argument to resolve. Redefine the rule to explicitly define the param to resolve
16:38:22.054 INFO  Detected constructor definition has more then one argument to resolve. Redefine the rule to explicitly define the param to resolve
16:38:22.054 INFO  Detected constructor definition has more then one argument to resolve. Redefine the rule to explicitly define the param to resolve
16:38:22.054 INFO  Detected constructor definition has more then one argument to resolve. Redefine the rule to explicitly define the param to resolve
16:38:22.054 INFO  Detected constructor definition has more then one argument to resolve. Redefine the rule to explicitly define the param to resolve
16:38:22.054 INFO  Detected constructor definition has more then one argument to resolve. Redefine the rule to explicitly define the param to resolve
16:38:22.054 INFO  Detected constructor definition has more then one argument to resolve. Redefine the rule to explicitly define the param to resolve
16:38:22.054 INFO  Detected constructor definition has more then one argument to resolve. Redefine the rule to explicitly define the param to resolve
16:38:22.054 INFO  Detected constructor definition has more then one argument to resolve. Redefine the rule to explicitly define the param to resolve
16:38:22.054 INFO  Detected constructor definition has more then one argument to resolve. Redefine the rule to explicitly define the param to resolve
16:38:22.054 INFO  Detected constructor definition has more then one argument to resolve. Redefine the rule to explicitly define the param to resolve
16:38:22.054 INFO  Detected constructor definition has more then one argument to resolve. Redefine the rule to explicitly define the param to resolve
16:38:22.054 INFO  Detected constructor definition has more then one argument to resolve. Redefine the rule to explicitly define the param to resolve
16:38:22.054 INFO  Detected constructor definition has more then one argument to resolve. Redefine the rule to explicitly define the param to resolve
16:38:22.054 INFO  Detected constructor definition has more then one argument to resolve. Redefine the rule to explicitly define the param to resolve
16:38:22.055 INFO  Detected constructor definition has more then one argument to resolve. Redefine the rule to explicitly define the param to resolve
16:38:22.055 INFO  Detected constructor definition has more then one argument to resolve. Redefine the rule to explicitly define the param to resolve
16:38:22.055 INFO  Detected constructor definition has more then one argument to resolve. Redefine the rule to explicitly define the param to resolve
16:38:22.055 INFO  Detected constructor definition has more then one argument to resolve. Redefine the rule to explicitly define the param to resolve
16:38:22.055 INFO  Detected constructor definition has more then one argument to resolve. Redefine the rule to explicitly define the param to resolve
16:38:22.055 INFO  Detected constructor definition has more then one argument to resolve. Redefine the rule to explicitly define the param to resolve
16:38:22.055 INFO  Detected constructor definition has more then one argument to resolve. Redefine the rule to explicitly define the param to resolve
16:38:22.055 INFO  Detected constructor definition has more then one argument to resolve. Redefine the rule to explicitly define the param to resolve
16:38:22.055 INFO  Detected constructor definition has more then one argument to resolve. Redefine the rule to explicitly define the param to resolve
16:38:22.055 INFO  Detected constructor definition has more then one argument to resolve. Redefine the rule to explicitly define the param to resolve
16:38:22.055 INFO  Detected constructor definition has more then one argument to resolve. Redefine the rule to explicitly define the param to resolve
16:38:22.055 INFO  Detected constructor definition has more then one argument to resolve. Redefine the rule to explicitly define the param to resolve
16:38:22.055 INFO  Detected constructor definition has more then one argument to resolve. Redefine the rule to explicitly define the param to resolve
16:38:22.055 INFO  Detected constructor definition has more then one argument to resolve. Redefine the rule to explicitly define the param to resolve
16:38:22.055 INFO  Detected constructor definition has more then one argument to resolve. Redefine the rule to explicitly define the param to resolve
16:38:22.055 INFO  Detected constructor definition has more then one argument to resolve. Redefine the rule to explicitly define the param to resolve
16:38:22.055 INFO  Detected constructor definition has more then one argument to resolve. Redefine the rule to explicitly define the param to resolve
16:38:22.055 INFO  Detected constructor definition has more then one argument to resolve. Redefine the rule to explicitly define the param to resolve
16:38:22.055 INFO  Detected constructor definition has more then one argument to resolve. Redefine the rule to explicitly define the param to resolve
16:38:22.055 INFO  Detected constructor definition has more then one argument to resolve. Redefine the rule to explicitly define the param to resolve
16:38:22.055 INFO  Detected constructor definition has more then one argument to resolve. Redefine the rule to explicitly define the param to resolve
16:38:22.056 INFO  Detected constructor definition has more then one argument to resolve. Redefine the rule to explicitly define the param to resolve
16:38:22.056 INFO  Detected constructor definition has more then one argument to resolve. Redefine the rule to explicitly define the param to resolve
16:38:22.056 INFO  Detected constructor definition has more then one argument to resolve. Redefine the rule to explicitly define the param to resolve
16:38:22.056 INFO  Detected constructor definition has more then one argument to resolve. Redefine the rule to explicitly define the param to resolve
16:38:22.056 INFO  Detected constructor definition has more then one argument to resolve. Redefine the rule to explicitly define the param to resolve
16:38:22.056 INFO  Detected constructor definition has more then one argument to resolve. Redefine the rule to explicitly define the param to resolve
16:38:22.056 INFO  Detected constructor definition has more then one argument to resolve. Redefine the rule to explicitly define the param to resolve
16:38:22.056 INFO  Detected constructor definition has more then one argument to resolve. Redefine the rule to explicitly define the param to resolve
16:38:22.056 INFO  Detected constructor definition has more then one argument to resolve. Redefine the rule to explicitly define the param to resolve
16:38:22.056 INFO  Detected constructor definition has more then one argument to resolve. Redefine the rule to explicitly define the param to resolve
16:38:22.056 INFO  Detected constructor definition has more then one argument to resolve. Redefine the rule to explicitly define the param to resolve
16:38:22.056 INFO  Detected constructor definition has more then one argument to resolve. Redefine the rule to explicitly define the param to resolve
16:38:22.056 INFO  Detected constructor definition has more then one argument to resolve. Redefine the rule to explicitly define the param to resolve
16:38:22.056 INFO  Detected constructor definition has more then one argument to resolve. Redefine the rule to explicitly define the param to resolve
16:38:22.056 INFO  Detected constructor definition has more then one argument to resolve. Redefine the rule to explicitly define the param to resolve
16:38:22.056 INFO  Detected constructor definition has more then one argument to resolve. Redefine the rule to explicitly define the param to resolve
16:38:22.056 INFO  Detected constructor definition has more then one argument to resolve. Redefine the rule to explicitly define the param to resolve
16:38:22.056 INFO  Detected constructor definition has more then one argument to resolve. Redefine the rule to explicitly define the param to resolve
16:38:22.056 INFO  Detected constructor definition has more then one argument to resolve. Redefine the rule to explicitly define the param to resolve
16:38:22.056 INFO  Detected constructor definition has more then one argument to resolve. Redefine the rule to explicitly define the param to resolve
16:38:22.056 INFO  Detected constructor definition has more then one argument to resolve. Redefine the rule to explicitly define the param to resolve
16:38:22.056 INFO  Detected constructor definition has more then one argument to resolve. Redefine the rule to explicitly define the param to resolve
16:38:22.057 INFO  Detected constructor definition has more then one argument to resolve. Redefine the rule to explicitly define the param to resolve
16:38:22.057 INFO  Detected constructor definition has more then one argument to resolve. Redefine the rule to explicitly define the param to resolve
16:38:22.057 INFO  Detected constructor definition has more then one argument to resolve. Redefine the rule to explicitly define the param to resolve
16:38:22.057 INFO  Detected constructor definition has more then one argument to resolve. Redefine the rule to explicitly define the param to resolve
16:38:22.057 INFO  Detected constructor definition has more then one argument to resolve. Redefine the rule to explicitly define the param to resolve
16:38:22.057 INFO  Detected constructor definition has more then one argument to resolve. Redefine the rule to explicitly define the param to resolve
16:38:22.057 INFO  Detected constructor definition has more then one argument to resolve. Redefine the rule to explicitly define the param to resolve
16:38:22.057 INFO  Detected constructor definition has more then one argument to resolve. Redefine the rule to explicitly define the param to resolve
16:38:22.057 INFO  Detected constructor definition has more then one argument to resolve. Redefine the rule to explicitly define the param to resolve
16:38:22.057 INFO  Detected constructor definition has more then one argument to resolve. Redefine the rule to explicitly define the param to resolve
16:38:22.057 INFO  Detected constructor definition has more then one argument to resolve. Redefine the rule to explicitly define the param to resolve
16:38:22.057 INFO  Detected constructor definition has more then one argument to resolve. Redefine the rule to explicitly define the param to resolve
16:38:22.057 INFO  Detected constructor definition has more then one argument to resolve. Redefine the rule to explicitly define the param to resolve
16:38:22.057 INFO  Detected constructor definition has more then one argument to resolve. Redefine the rule to explicitly define the param to resolve
16:38:22.057 INFO  Detected constructor definition has more then one argument to resolve. Redefine the rule to explicitly define the param to resolve
16:38:22.057 INFO  Detected constructor definition has more then one argument to resolve. Redefine the rule to explicitly define the param to resolve
16:38:22.057 INFO  Detected constructor definition has more then one argument to resolve. Redefine the rule to explicitly define the param to resolve
16:38:22.057 INFO  Detected constructor definition has more then one argument to resolve. Redefine the rule to explicitly define the param to resolve
16:38:22.057 INFO  Detected constructor definition has more then one argument to resolve. Redefine the rule to explicitly define the param to resolve
16:38:22.058 INFO  Detected constructor definition has more then one argument to resolve. Redefine the rule to explicitly define the param to resolve
16:38:22.058 INFO  Detected constructor definition has more then one argument to resolve. Redefine the rule to explicitly define the param to resolve
16:38:22.058 INFO  Detected constructor definition has more then one argument to resolve. Redefine the rule to explicitly define the param to resolve
16:38:22.058 INFO  Detected constructor definition has more then one argument to resolve. Redefine the rule to explicitly define the param to resolve
16:38:22.058 INFO  Detected constructor definition has more then one argument to resolve. Redefine the rule to explicitly define the param to resolve
16:38:22.058 INFO  Detected constructor definition has more then one argument to resolve. Redefine the rule to explicitly define the param to resolve
16:38:22.058 INFO  Detected constructor definition has more then one argument to resolve. Redefine the rule to explicitly define the param to resolve
16:38:22.058 INFO  Detected constructor definition has more then one argument to resolve. Redefine the rule to explicitly define the param to resolve
16:38:22.058 INFO  Detected constructor definition has more then one argument to resolve. Redefine the rule to explicitly define the param to resolve
16:38:22.058 INFO  Detected constructor definition has more then one argument to resolve. Redefine the rule to explicitly define the param to resolve
16:38:22.058 INFO  Detected constructor definition has more then one argument to resolve. Redefine the rule to explicitly define the param to resolve
16:38:22.058 INFO  Detected constructor definition has more then one argument to resolve. Redefine the rule to explicitly define the param to resolve
16:38:22.058 INFO  Detected constructor definition has more then one argument to resolve. Redefine the rule to explicitly define the param to resolve
16:38:22.058 INFO  Detected constructor definition has more then one argument to resolve. Redefine the rule to explicitly define the param to resolve
16:38:22.058 INFO  Detected constructor definition has more then one argument to resolve. Redefine the rule to explicitly define the param to resolve
16:38:22.058 INFO  Detected constructor definition has more then one argument to resolve. Redefine the rule to explicitly define the param to resolve
16:38:22.058 INFO  Detected constructor definition has more then one argument to resolve. Redefine the rule to explicitly define the param to resolve
16:38:22.058 INFO  Detected constructor definition has more then one argument to resolve. Redefine the rule to explicitly define the param to resolve
16:38:22.059 INFO  Detected constructor definition has more then one argument to resolve. Redefine the rule to explicitly define the param to resolve
16:38:22.059 INFO  Detected constructor definition has more then one argument to resolve. Redefine the rule to explicitly define the param to resolve
16:38:22.059 INFO  Detected constructor definition has more then one argument to resolve. Redefine the rule to explicitly define the param to resolve
16:38:22.059 INFO  Detected constructor definition has more then one argument to resolve. Redefine the rule to explicitly define the param to resolve
16:38:22.059 INFO  Detected constructor definition has more then one argument to resolve. Redefine the rule to explicitly define the param to resolve
16:38:22.059 INFO  Detected constructor definition has more then one argument to resolve. Redefine the rule to explicitly define the param to resolve
16:38:22.059 INFO  Detected constructor definition has more then one argument to resolve. Redefine the rule to explicitly define the param to resolve
16:38:22.059 INFO  Detected constructor definition has more then one argument to resolve. Redefine the rule to explicitly define the param to resolve
16:38:22.059 INFO  Detected constructor definition has more then one argument to resolve. Redefine the rule to explicitly define the param to resolve
16:38:22.059 INFO  Detected constructor definition has more then one argument to resolve. Redefine the rule to explicitly define the param to resolve
16:38:22.059 INFO  Detected constructor definition has more then one argument to resolve. Redefine the rule to explicitly define the param to resolve
16:38:22.059 INFO  Detected constructor definition has more then one argument to resolve. Redefine the rule to explicitly define the param to resolve
16:38:22.059 INFO  Detected constructor definition has more then one argument to resolve. Redefine the rule to explicitly define the param to resolve
16:38:22.059 INFO  Detected constructor definition has more then one argument to resolve. Redefine the rule to explicitly define the param to resolve
16:38:22.059 INFO  Detected constructor definition has more then one argument to resolve. Redefine the rule to explicitly define the param to resolve
16:38:22.059 INFO  Detected constructor definition has more then one argument to resolve. Redefine the rule to explicitly define the param to resolve
16:38:22.059 INFO  Detected constructor definition has more then one argument to resolve. Redefine the rule to explicitly define the param to resolve
16:38:22.059 INFO  Detected constructor definition has more then one argument to resolve. Redefine the rule to explicitly define the param to resolve
16:38:22.059 INFO  Detected constructor definition has more then one argument to resolve. Redefine the rule to explicitly define the param to resolve
16:38:22.059 INFO  Detected constructor definition has more then one argument to resolve. Redefine the rule to explicitly define the param to resolve
16:38:22.059 INFO  Detected constructor definition has more then one argument to resolve. Redefine the rule to explicitly define the param to resolve
16:38:22.060 INFO  Detected constructor definition has more then one argument to resolve. Redefine the rule to explicitly define the param to resolve
16:38:22.060 INFO  Detected constructor definition has more then one argument to resolve. Redefine the rule to explicitly define the param to resolve
16:38:22.060 INFO  Detected constructor definition has more then one argument to resolve. Redefine the rule to explicitly define the param to resolve
16:38:22.060 INFO  Detected constructor definition has more then one argument to resolve. Redefine the rule to explicitly define the param to resolve
16:38:22.060 INFO  Detected constructor definition has more then one argument to resolve. Redefine the rule to explicitly define the param to resolve
16:38:22.060 INFO  Detected constructor definition has more then one argument to resolve. Redefine the rule to explicitly define the param to resolve
16:38:22.060 INFO  Detected constructor definition has more then one argument to resolve. Redefine the rule to explicitly define the param to resolve
16:38:22.060 INFO  Detected constructor definition has more then one argument to resolve. Redefine the rule to explicitly define the param to resolve
16:38:22.060 INFO  Detected constructor definition has more then one argument to resolve. Redefine the rule to explicitly define the param to resolve
16:38:22.060 INFO  Detected constructor definition has more then one argument to resolve. Redefine the rule to explicitly define the param to resolve
16:38:22.060 INFO  Detected constructor definition has more then one argument to resolve. Redefine the rule to explicitly define the param to resolve
16:38:22.060 INFO  Detected constructor definition has more then one argument to resolve. Redefine the rule to explicitly define the param to resolve
16:38:22.060 INFO  Detected constructor definition has more then one argument to resolve. Redefine the rule to explicitly define the param to resolve
16:38:22.060 INFO  Detected constructor definition has more then one argument to resolve. Redefine the rule to explicitly define the param to resolve
16:38:22.060 INFO  Detected constructor definition has more then one argument to resolve. Redefine the rule to explicitly define the param to resolve
16:38:22.060 INFO  Detected constructor definition has more then one argument to resolve. Redefine the rule to explicitly define the param to resolve
16:38:22.060 INFO  Detected constructor definition has more then one argument to resolve. Redefine the rule to explicitly define the param to resolve
16:38:22.060 INFO  Detected constructor definition has more then one argument to resolve. Redefine the rule to explicitly define the param to resolve
16:38:22.060 INFO  Detected constructor definition has more then one argument to resolve. Redefine the rule to explicitly define the param to resolve
16:38:22.060 INFO  Detected constructor definition has more then one argument to resolve. Redefine the rule to explicitly define the param to resolve
16:38:22.060 INFO  Detected constructor definition has more then one argument to resolve. Redefine the rule to explicitly define the param to resolve
16:38:22.060 INFO  Detected constructor definition has more then one argument to resolve. Redefine the rule to explicitly define the param to resolve
16:38:22.061 INFO  Detected constructor definition has more then one argument to resolve. Redefine the rule to explicitly define the param to resolve
16:38:22.061 INFO  Detected constructor definition has more then one argument to resolve. Redefine the rule to explicitly define the param to resolve
16:38:22.061 INFO  Detected constructor definition has more then one argument to resolve. Redefine the rule to explicitly define the param to resolve
16:38:22.061 INFO  Detected constructor definition has more then one argument to resolve. Redefine the rule to explicitly define the param to resolve
16:38:22.061 INFO  Detected constructor definition has more then one argument to resolve. Redefine the rule to explicitly define the param to resolve
16:38:22.061 INFO  Detected constructor definition has more then one argument to resolve. Redefine the rule to explicitly define the param to resolve
16:38:22.061 INFO  Detected constructor definition has more then one argument to resolve. Redefine the rule to explicitly define the param to resolve
16:38:22.061 INFO  Detected constructor definition has more then one argument to resolve. Redefine the rule to explicitly define the param to resolve
16:38:22.061 INFO  Detected constructor definition has more then one argument to resolve. Redefine the rule to explicitly define the param to resolve
16:38:22.061 INFO  Detected constructor definition has more then one argument to resolve. Redefine the rule to explicitly define the param to resolve
16:38:22.061 INFO  Detected constructor definition has more then one argument to resolve. Redefine the rule to explicitly define the param to resolve
16:38:22.061 INFO  Detected constructor definition has more then one argument to resolve. Redefine the rule to explicitly define the param to resolve
16:38:22.061 INFO  Detected constructor definition has more then one argument to resolve. Redefine the rule to explicitly define the param to resolve
16:38:22.061 INFO  Detected constructor definition has more then one argument to resolve. Redefine the rule to explicitly define the param to resolve
16:38:22.061 INFO  Detected constructor definition has more then one argument to resolve. Redefine the rule to explicitly define the param to resolve
16:38:22.061 INFO  Detected constructor definition has more then one argument to resolve. Redefine the rule to explicitly define the param to resolve
16:38:22.061 INFO  Detected constructor definition has more then one argument to resolve. Redefine the rule to explicitly define the param to resolve
16:38:22.061 INFO  Detected constructor definition has more then one argument to resolve. Redefine the rule to explicitly define the param to resolve
16:38:22.061 INFO  Detected constructor definition has more then one argument to resolve. Redefine the rule to explicitly define the param to resolve
16:38:22.061 INFO  Detected constructor definition has more then one argument to resolve. Redefine the rule to explicitly define the param to resolve
16:38:22.061 INFO  Detected constructor definition has more then one argument to resolve. Redefine the rule to explicitly define the param to resolve
16:38:22.061 INFO  Detected constructor definition has more then one argument to resolve. Redefine the rule to explicitly define the param to resolve
16:38:22.062 INFO  Detected constructor definition has more then one argument to resolve. Redefine the rule to explicitly define the param to resolve
16:38:22.062 INFO  Detected constructor definition has more then one argument to resolve. Redefine the rule to explicitly define the param to resolve
16:38:22.062 INFO  Detected constructor definition has more then one argument to resolve. Redefine the rule to explicitly define the param to resolve
16:38:22.062 INFO  Detected constructor definition has more then one argument to resolve. Redefine the rule to explicitly define the param to resolve
16:38:22.062 INFO  Detected constructor definition has more then one argument to resolve. Redefine the rule to explicitly define the param to resolve
16:38:22.062 INFO  Detected constructor definition has more then one argument to resolve. Redefine the rule to explicitly define the param to resolve
16:38:22.062 INFO  Detected constructor definition has more then one argument to resolve. Redefine the rule to explicitly define the param to resolve
16:38:22.062 INFO  Detected constructor definition has more then one argument to resolve. Redefine the rule to explicitly define the param to resolve
16:38:22.062 INFO  Detected constructor definition has more then one argument to resolve. Redefine the rule to explicitly define the param to resolve
16:38:22.062 INFO  Detected constructor definition has more then one argument to resolve. Redefine the rule to explicitly define the param to resolve
16:38:22.062 INFO  Detected constructor definition has more then one argument to resolve. Redefine the rule to explicitly define the param to resolve
16:38:22.062 INFO  Detected constructor definition has more then one argument to resolve. Redefine the rule to explicitly define the param to resolve
16:38:22.062 INFO  Detected constructor definition has more then one argument to resolve. Redefine the rule to explicitly define the param to resolve
16:38:22.062 INFO  Detected constructor definition has more then one argument to resolve. Redefine the rule to explicitly define the param to resolve
16:38:22.062 INFO  Detected constructor definition has more then one argument to resolve. Redefine the rule to explicitly define the param to resolve
16:38:22.062 INFO  Detected constructor definition has more then one argument to resolve. Redefine the rule to explicitly define the param to resolve
16:38:22.062 INFO  Detected constructor definition has more then one argument to resolve. Redefine the rule to explicitly define the param to resolve
16:38:22.062 INFO  Detected constructor definition has more then one argument to resolve. Redefine the rule to explicitly define the param to resolve
16:38:22.062 INFO  Detected constructor definition has more then one argument to resolve. Redefine the rule to explicitly define the param to resolve
16:38:22.062 INFO  Detected constructor definition has more then one argument to resolve. Redefine the rule to explicitly define the param to resolve
16:38:22.062 INFO  Detected constructor definition has more then one argument to resolve. Redefine the rule to explicitly define the param to resolve
16:38:22.062 INFO  Detected constructor definition has more then one argument to resolve. Redefine the rule to explicitly define the param to resolve
16:38:22.062 INFO  Detected constructor definition has more then one argument to resolve. Redefine the rule to explicitly define the param to resolve
16:38:22.063 INFO  Detected constructor definition has more then one argument to resolve. Redefine the rule to explicitly define the param to resolve
16:38:22.063 INFO  Detected constructor definition has more then one argument to resolve. Redefine the rule to explicitly define the param to resolve
16:38:22.063 INFO  Detected constructor definition has more then one argument to resolve. Redefine the rule to explicitly define the param to resolve
16:38:22.063 INFO  Detected constructor definition has more then one argument to resolve. Redefine the rule to explicitly define the param to resolve
16:38:22.063 INFO  Detected constructor definition has more then one argument to resolve. Redefine the rule to explicitly define the param to resolve
16:38:22.063 INFO  Detected constructor definition has more then one argument to resolve. Redefine the rule to explicitly define the param to resolve
16:38:22.063 INFO  Detected constructor definition has more then one argument to resolve. Redefine the rule to explicitly define the param to resolve
16:38:22.063 INFO  Detected constructor definition has more then one argument to resolve. Redefine the rule to explicitly define the param to resolve
16:38:22.063 INFO  Detected constructor definition has more then one argument to resolve. Redefine the rule to explicitly define the param to resolve
16:38:22.063 INFO  Detected constructor definition has more then one argument to resolve. Redefine the rule to explicitly define the param to resolve
16:38:22.063 INFO  Detected constructor definition has more then one argument to resolve. Redefine the rule to explicitly define the param to resolve
16:38:22.063 INFO  Detected constructor definition has more then one argument to resolve. Redefine the rule to explicitly define the param to resolve
16:38:22.063 INFO  Detected constructor definition has more then one argument to resolve. Redefine the rule to explicitly define the param to resolve
16:38:22.063 INFO  Detected constructor definition has more then one argument to resolve. Redefine the rule to explicitly define the param to resolve
16:38:22.063 INFO  Detected constructor definition has more then one argument to resolve. Redefine the rule to explicitly define the param to resolve
16:38:22.063 INFO  Detected constructor definition has more then one argument to resolve. Redefine the rule to explicitly define the param to resolve
16:38:22.063 INFO  Detected constructor definition has more then one argument to resolve. Redefine the rule to explicitly define the param to resolve
16:38:22.063 INFO  Detected constructor definition has more then one argument to resolve. Redefine the rule to explicitly define the param to resolve
16:38:22.063 INFO  Detected constructor definition has more then one argument to resolve. Redefine the rule to explicitly define the param to resolve
16:38:22.063 INFO  Detected constructor definition has more then one argument to resolve. Redefine the rule to explicitly define the param to resolve
16:38:22.063 INFO  Detected constructor definition has more then one argument to resolve. Redefine the rule to explicitly define the param to resolve
16:38:22.063 INFO  Detected constructor definition has more then one argument to resolve. Redefine the rule to explicitly define the param to resolve
16:38:22.063 INFO  Detected constructor definition has more then one argument to resolve. Redefine the rule to explicitly define the param to resolve
16:38:22.063 INFO  Detected constructor definition has more then one argument to resolve. Redefine the rule to explicitly define the param to resolve
16:38:22.064 INFO  Detected constructor definition has more then one argument to resolve. Redefine the rule to explicitly define the param to resolve
16:38:22.064 INFO  Detected constructor definition has more then one argument to resolve. Redefine the rule to explicitly define the param to resolve
16:38:22.064 INFO  Detected constructor definition has more then one argument to resolve. Redefine the rule to explicitly define the param to resolve
16:38:22.064 INFO  Detected constructor definition has more then one argument to resolve. Redefine the rule to explicitly define the param to resolve
16:38:22.064 INFO  Detected constructor definition has more then one argument to resolve. Redefine the rule to explicitly define the param to resolve
16:38:22.064 INFO  Detected constructor definition has more then one argument to resolve. Redefine the rule to explicitly define the param to resolve
16:38:22.064 INFO  Detected constructor definition has more then one argument to resolve. Redefine the rule to explicitly define the param to resolve
16:38:22.064 INFO  Detected constructor definition has more then one argument to resolve. Redefine the rule to explicitly define the param to resolve
16:38:22.064 INFO  Detected constructor definition has more then one argument to resolve. Redefine the rule to explicitly define the param to resolve
16:38:22.064 INFO  Detected constructor definition has more then one argument to resolve. Redefine the rule to explicitly define the param to resolve
16:38:22.064 INFO  Detected constructor definition has more then one argument to resolve. Redefine the rule to explicitly define the param to resolve
16:38:22.064 INFO  Detected constructor definition has more then one argument to resolve. Redefine the rule to explicitly define the param to resolve
16:38:22.064 INFO  Detected constructor definition has more then one argument to resolve. Redefine the rule to explicitly define the param to resolve
16:38:22.064 INFO  Detected constructor definition has more then one argument to resolve. Redefine the rule to explicitly define the param to resolve
16:38:22.064 INFO  Detected constructor definition has more then one argument to resolve. Redefine the rule to explicitly define the param to resolve
16:38:22.064 INFO  Detected constructor definition has more then one argument to resolve. Redefine the rule to explicitly define the param to resolve
16:38:22.064 INFO  Detected constructor definition has more then one argument to resolve. Redefine the rule to explicitly define the param to resolve
16:38:22.064 INFO  Detected constructor definition has more then one argument to resolve. Redefine the rule to explicitly define the param to resolve
16:38:22.064 INFO  Detected constructor definition has more then one argument to resolve. Redefine the rule to explicitly define the param to resolve
16:38:22.064 INFO  Detected constructor definition has more then one argument to resolve. Redefine the rule to explicitly define the param to resolve
16:38:22.064 INFO  Detected constructor definition has more then one argument to resolve. Redefine the rule to explicitly define the param to resolve
16:38:22.064 INFO  Detected constructor definition has more then one argument to resolve. Redefine the rule to explicitly define the param to resolve
16:38:22.065 INFO  Detected constructor definition has more then one argument to resolve. Redefine the rule to explicitly define the param to resolve
16:38:22.065 INFO  Detected constructor definition has more then one argument to resolve. Redefine the rule to explicitly define the param to resolve
16:38:22.065 INFO  Detected constructor definition has more then one argument to resolve. Redefine the rule to explicitly define the param to resolve
16:38:22.065 INFO  Detected constructor definition has more then one argument to resolve. Redefine the rule to explicitly define the param to resolve
16:38:22.065 INFO  Detected constructor definition has more then one argument to resolve. Redefine the rule to explicitly define the param to resolve
16:38:22.065 INFO  Detected constructor definition has more then one argument to resolve. Redefine the rule to explicitly define the param to resolve
16:38:22.065 INFO  Detected constructor definition has more then one argument to resolve. Redefine the rule to explicitly define the param to resolve
16:38:22.065 INFO  Detected constructor definition has more then one argument to resolve. Redefine the rule to explicitly define the param to resolve
16:38:22.065 INFO  Detected constructor definition has more then one argument to resolve. Redefine the rule to explicitly define the param to resolve
16:38:22.065 INFO  Detected constructor definition has more then one argument to resolve. Redefine the rule to explicitly define the param to resolve
16:38:22.065 INFO  Detected constructor definition has more then one argument to resolve. Redefine the rule to explicitly define the param to resolve
16:38:22.065 INFO  Detected constructor definition has more then one argument to resolve. Redefine the rule to explicitly define the param to resolve
16:38:22.065 INFO  Detected constructor definition has more then one argument to resolve. Redefine the rule to explicitly define the param to resolve
16:38:22.065 INFO  Detected constructor definition has more then one argument to resolve. Redefine the rule to explicitly define the param to resolve
16:38:22.065 INFO  Detected constructor definition has more then one argument to resolve. Redefine the rule to explicitly define the param to resolve
16:38:22.065 INFO  Detected constructor definition has more then one argument to resolve. Redefine the rule to explicitly define the param to resolve
16:38:22.065 INFO  Detected constructor definition has more then one argument to resolve. Redefine the rule to explicitly define the param to resolve
16:38:22.065 INFO  Detected constructor definition has more then one argument to resolve. Redefine the rule to explicitly define the param to resolve
16:38:22.065 INFO  Detected constructor definition has more then one argument to resolve. Redefine the rule to explicitly define the param to resolve
16:38:22.065 INFO  Detected constructor definition has more then one argument to resolve. Redefine the rule to explicitly define the param to resolve
16:38:22.065 INFO  Detected constructor definition has more then one argument to resolve. Redefine the rule to explicitly define the param to resolve
16:38:22.065 INFO  Detected constructor definition has more then one argument to resolve. Redefine the rule to explicitly define the param to resolve
16:38:22.065 INFO  Detected constructor definition has more then one argument to resolve. Redefine the rule to explicitly define the param to resolve
16:38:22.066 INFO  Detected constructor definition has more then one argument to resolve. Redefine the rule to explicitly define the param to resolve
16:38:22.066 INFO  Detected constructor definition has more then one argument to resolve. Redefine the rule to explicitly define the param to resolve
16:38:22.066 INFO  Detected constructor definition has more then one argument to resolve. Redefine the rule to explicitly define the param to resolve
16:38:22.066 INFO  Detected constructor definition has more then one argument to resolve. Redefine the rule to explicitly define the param to resolve
16:38:22.066 INFO  Detected constructor definition has more then one argument to resolve. Redefine the rule to explicitly define the param to resolve
16:38:22.066 INFO  Detected constructor definition has more then one argument to resolve. Redefine the rule to explicitly define the param to resolve
16:38:22.066 INFO  Detected constructor definition has more then one argument to resolve. Redefine the rule to explicitly define the param to resolve
16:38:22.066 INFO  Detected constructor definition has more then one argument to resolve. Redefine the rule to explicitly define the param to resolve
16:38:22.066 INFO  Detected constructor definition has more then one argument to resolve. Redefine the rule to explicitly define the param to resolve
16:38:22.066 INFO  Detected constructor definition has more then one argument to resolve. Redefine the rule to explicitly define the param to resolve
16:38:22.066 INFO  Detected constructor definition has more then one argument to resolve. Redefine the rule to explicitly define the param to resolve
16:38:22.066 INFO  Detected constructor definition has more then one argument to resolve. Redefine the rule to explicitly define the param to resolve
16:38:22.066 INFO  Detected constructor definition has more then one argument to resolve. Redefine the rule to explicitly define the param to resolve
16:38:22.066 INFO  Detected constructor definition has more then one argument to resolve. Redefine the rule to explicitly define the param to resolve
16:38:22.066 INFO  Detected constructor definition has more then one argument to resolve. Redefine the rule to explicitly define the param to resolve
16:38:22.066 INFO  Detected constructor definition has more then one argument to resolve. Redefine the rule to explicitly define the param to resolve
16:38:22.066 INFO  Detected constructor definition has more then one argument to resolve. Redefine the rule to explicitly define the param to resolve
16:38:22.066 INFO  Detected constructor definition has more then one argument to resolve. Redefine the rule to explicitly define the param to resolve
16:38:22.066 INFO  Detected constructor definition has more then one argument to resolve. Redefine the rule to explicitly define the param to resolve
16:38:22.066 INFO  Detected constructor definition has more then one argument to resolve. Redefine the rule to explicitly define the param to resolve
16:38:22.066 INFO  Detected constructor definition has more then one argument to resolve. Redefine the rule to explicitly define the param to resolve
16:38:22.066 INFO  Detected constructor definition has more then one argument to resolve. Redefine the rule to explicitly define the param to resolve
16:38:22.066 INFO  Detected constructor definition has more then one argument to resolve. Redefine the rule to explicitly define the param to resolve
16:38:22.066 INFO  Detected constructor definition has more then one argument to resolve. Redefine the rule to explicitly define the param to resolve
16:38:22.067 INFO  Detected constructor definition has more then one argument to resolve. Redefine the rule to explicitly define the param to resolve
16:38:22.067 INFO  Detected constructor definition has more then one argument to resolve. Redefine the rule to explicitly define the param to resolve
16:38:22.067 INFO  Detected constructor definition has more then one argument to resolve. Redefine the rule to explicitly define the param to resolve
16:38:22.067 INFO  Detected constructor definition has more then one argument to resolve. Redefine the rule to explicitly define the param to resolve
16:38:22.067 INFO  Detected constructor definition has more then one argument to resolve. Redefine the rule to explicitly define the param to resolve
16:38:22.067 INFO  Detected constructor definition has more then one argument to resolve. Redefine the rule to explicitly define the param to resolve
16:38:22.067 INFO  Detected constructor definition has more then one argument to resolve. Redefine the rule to explicitly define the param to resolve
16:38:22.067 INFO  Detected constructor definition has more then one argument to resolve. Redefine the rule to explicitly define the param to resolve
16:38:22.067 INFO  Detected constructor definition has more then one argument to resolve. Redefine the rule to explicitly define the param to resolve
16:38:22.067 INFO  Detected constructor definition has more then one argument to resolve. Redefine the rule to explicitly define the param to resolve
16:38:22.067 INFO  Detected constructor definition has more then one argument to resolve. Redefine the rule to explicitly define the param to resolve
16:38:22.067 INFO  Detected constructor definition has more then one argument to resolve. Redefine the rule to explicitly define the param to resolve
16:38:22.067 INFO  Detected constructor definition has more then one argument to resolve. Redefine the rule to explicitly define the param to resolve
16:38:22.067 INFO  Detected constructor definition has more then one argument to resolve. Redefine the rule to explicitly define the param to resolve
16:38:22.067 INFO  Detected constructor definition has more then one argument to resolve. Redefine the rule to explicitly define the param to resolve
16:38:22.067 INFO  Detected constructor definition has more then one argument to resolve. Redefine the rule to explicitly define the param to resolve
16:38:22.067 INFO  Detected constructor definition has more then one argument to resolve. Redefine the rule to explicitly define the param to resolve
16:38:22.067 INFO  Detected constructor definition has more then one argument to resolve. Redefine the rule to explicitly define the param to resolve
16:38:22.067 INFO  Detected constructor definition has more then one argument to resolve. Redefine the rule to explicitly define the param to resolve
16:38:22.067 INFO  Detected constructor definition has more then one argument to resolve. Redefine the rule to explicitly define the param to resolve
16:38:22.067 INFO  Detected constructor definition has more then one argument to resolve. Redefine the rule to explicitly define the param to resolve
16:38:22.067 INFO  Detected constructor definition has more then one argument to resolve. Redefine the rule to explicitly define the param to resolve
16:38:22.067 INFO  Detected constructor definition has more then one argument to resolve. Redefine the rule to explicitly define the param to resolve
16:38:22.068 INFO  Detected constructor definition has more then one argument to resolve. Redefine the rule to explicitly define the param to resolve
16:38:22.068 INFO  Detected constructor definition has more then one argument to resolve. Redefine the rule to explicitly define the param to resolve
16:38:22.068 INFO  Detected constructor definition has more then one argument to resolve. Redefine the rule to explicitly define the param to resolve
16:38:22.068 INFO  Detected constructor definition has more then one argument to resolve. Redefine the rule to explicitly define the param to resolve
16:38:22.068 INFO  Detected constructor definition has more then one argument to resolve. Redefine the rule to explicitly define the param to resolve
16:38:22.068 INFO  Detected constructor definition has more then one argument to resolve. Redefine the rule to explicitly define the param to resolve
16:38:22.068 INFO  Detected constructor definition has more then one argument to resolve. Redefine the rule to explicitly define the param to resolve
16:38:22.068 INFO  Detected constructor definition has more then one argument to resolve. Redefine the rule to explicitly define the param to resolve
16:38:22.068 INFO  Detected constructor definition has more then one argument to resolve. Redefine the rule to explicitly define the param to resolve
16:38:22.068 INFO  Detected constructor definition has more then one argument to resolve. Redefine the rule to explicitly define the param to resolve
16:38:22.068 INFO  Detected constructor definition has more then one argument to resolve. Redefine the rule to explicitly define the param to resolve
16:38:22.068 INFO  Detected constructor definition has more then one argument to resolve. Redefine the rule to explicitly define the param to resolve
16:38:22.068 INFO  Detected constructor definition has more then one argument to resolve. Redefine the rule to explicitly define the param to resolve
16:38:22.068 INFO  Detected constructor definition has more then one argument to resolve. Redefine the rule to explicitly define the param to resolve
16:38:22.068 INFO  Detected constructor definition has more then one argument to resolve. Redefine the rule to explicitly define the param to resolve
16:38:22.068 INFO  Detected constructor definition has more then one argument to resolve. Redefine the rule to explicitly define the param to resolve
16:38:22.068 INFO  Detected constructor definition has more then one argument to resolve. Redefine the rule to explicitly define the param to resolve
16:38:22.068 INFO  Detected constructor definition has more then one argument to resolve. Redefine the rule to explicitly define the param to resolve
16:38:22.068 INFO  Detected constructor definition has more then one argument to resolve. Redefine the rule to explicitly define the param to resolve
16:38:22.068 INFO  Detected constructor definition has more then one argument to resolve. Redefine the rule to explicitly define the param to resolve
16:38:22.068 INFO  Detected constructor definition has more then one argument to resolve. Redefine the rule to explicitly define the param to resolve
16:38:22.068 INFO  Detected constructor definition has more then one argument to resolve. Redefine the rule to explicitly define the param to resolve
16:38:22.068 INFO  Detected constructor definition has more then one argument to resolve. Redefine the rule to explicitly define the param to resolve
16:38:22.068 INFO  Detected constructor definition has more then one argument to resolve. Redefine the rule to explicitly define the param to resolve
16:38:22.069 INFO  Detected constructor definition has more then one argument to resolve. Redefine the rule to explicitly define the param to resolve
16:38:22.069 INFO  Detected constructor definition has more then one argument to resolve. Redefine the rule to explicitly define the param to resolve
16:38:22.069 INFO  Detected constructor definition has more then one argument to resolve. Redefine the rule to explicitly define the param to resolve
16:38:22.069 INFO  Detected constructor definition has more then one argument to resolve. Redefine the rule to explicitly define the param to resolve
16:38:22.069 INFO  Detected constructor definition has more then one argument to resolve. Redefine the rule to explicitly define the param to resolve
16:38:22.069 INFO  Detected constructor definition has more then one argument to resolve. Redefine the rule to explicitly define the param to resolve
16:38:22.069 INFO  Detected constructor definition has more then one argument to resolve. Redefine the rule to explicitly define the param to resolve
16:38:22.069 INFO  Detected constructor definition has more then one argument to resolve. Redefine the rule to explicitly define the param to resolve
16:38:22.069 INFO  Detected constructor definition has more then one argument to resolve. Redefine the rule to explicitly define the param to resolve
16:38:22.069 INFO  Detected constructor definition has more then one argument to resolve. Redefine the rule to explicitly define the param to resolve
16:38:22.069 INFO  Detected constructor definition has more then one argument to resolve. Redefine the rule to explicitly define the param to resolve
16:38:22.069 INFO  Detected constructor definition has more then one argument to resolve. Redefine the rule to explicitly define the param to resolve
16:38:22.069 INFO  Detected constructor definition has more then one argument to resolve. Redefine the rule to explicitly define the param to resolve
16:38:22.069 INFO  Detected constructor definition has more then one argument to resolve. Redefine the rule to explicitly define the param to resolve
16:38:22.069 INFO  Detected constructor definition has more then one argument to resolve. Redefine the rule to explicitly define the param to resolve
16:38:22.069 INFO  Detected constructor definition has more then one argument to resolve. Redefine the rule to explicitly define the param to resolve
16:38:22.069 INFO  Detected constructor definition has more then one argument to resolve. Redefine the rule to explicitly define the param to resolve
16:38:22.069 INFO  Detected constructor definition has more then one argument to resolve. Redefine the rule to explicitly define the param to resolve
16:38:22.069 INFO  Detected constructor definition has more then one argument to resolve. Redefine the rule to explicitly define the param to resolve
16:38:22.069 INFO  Detected constructor definition has more then one argument to resolve. Redefine the rule to explicitly define the param to resolve
16:38:22.069 INFO  Detected constructor definition has more then one argument to resolve. Redefine the rule to explicitly define the param to resolve
16:38:22.070 INFO  Detected constructor definition has more then one argument to resolve. Redefine the rule to explicitly define the param to resolve
16:38:22.070 INFO  Detected constructor definition has more then one argument to resolve. Redefine the rule to explicitly define the param to resolve
16:38:22.070 INFO  Detected constructor definition has more then one argument to resolve. Redefine the rule to explicitly define the param to resolve
16:38:22.070 INFO  Detected constructor definition has more then one argument to resolve. Redefine the rule to explicitly define the param to resolve
16:38:22.070 INFO  Detected constructor definition has more then one argument to resolve. Redefine the rule to explicitly define the param to resolve
16:38:22.070 INFO  Detected constructor definition has more then one argument to resolve. Redefine the rule to explicitly define the param to resolve
16:38:22.070 INFO  Detected constructor definition has more then one argument to resolve. Redefine the rule to explicitly define the param to resolve
16:38:22.070 INFO  Detected constructor definition has more then one argument to resolve. Redefine the rule to explicitly define the param to resolve
16:38:22.070 INFO  Detected constructor definition has more then one argument to resolve. Redefine the rule to explicitly define the param to resolve
16:38:22.070 INFO  Detected constructor definition has more then one argument to resolve. Redefine the rule to explicitly define the param to resolve
16:38:22.071 INFO  Detected constructor definition has more then one argument to resolve. Redefine the rule to explicitly define the param to resolve
16:38:22.071 INFO  Detected constructor definition has more then one argument to resolve. Redefine the rule to explicitly define the param to resolve
16:38:22.071 INFO  Detected constructor definition has more then one argument to resolve. Redefine the rule to explicitly define the param to resolve
16:38:22.071 INFO  Detected constructor definition has more then one argument to resolve. Redefine the rule to explicitly define the param to resolve
16:38:22.071 INFO  Detected constructor definition has more then one argument to resolve. Redefine the rule to explicitly define the param to resolve
16:38:22.071 INFO  Detected constructor definition has more then one argument to resolve. Redefine the rule to explicitly define the param to resolve
16:38:22.071 INFO  Detected constructor definition has more then one argument to resolve. Redefine the rule to explicitly define the param to resolve
16:38:22.071 INFO  Detected constructor definition has more then one argument to resolve. Redefine the rule to explicitly define the param to resolve
16:38:22.071 INFO  Detected constructor definition has more then one argument to resolve. Redefine the rule to explicitly define the param to resolve
16:38:22.071 INFO  Detected constructor definition has more then one argument to resolve. Redefine the rule to explicitly define the param to resolve
16:38:22.071 INFO  Detected constructor definition has more then one argument to resolve. Redefine the rule to explicitly define the param to resolve
16:38:22.071 INFO  Detected constructor definition has more then one argument to resolve. Redefine the rule to explicitly define the param to resolve
16:38:22.071 INFO  Detected constructor definition has more then one argument to resolve. Redefine the rule to explicitly define the param to resolve
16:38:22.071 INFO  Detected constructor definition has more then one argument to resolve. Redefine the rule to explicitly define the param to resolve
16:38:22.071 INFO  Detected constructor definition has more then one argument to resolve. Redefine the rule to explicitly define the param to resolve
16:38:22.071 INFO  Detected constructor definition has more then one argument to resolve. Redefine the rule to explicitly define the param to resolve
16:38:22.071 INFO  Detected constructor definition has more then one argument to resolve. Redefine the rule to explicitly define the param to resolve
16:38:22.071 INFO  Detected constructor definition has more then one argument to resolve. Redefine the rule to explicitly define the param to resolve
16:38:22.071 INFO  Detected constructor definition has more then one argument to resolve. Redefine the rule to explicitly define the param to resolve
16:38:22.071 INFO  Detected constructor definition has more then one argument to resolve. Redefine the rule to explicitly define the param to resolve
16:38:22.071 INFO  Detected constructor definition has more then one argument to resolve. Redefine the rule to explicitly define the param to resolve
16:38:22.071 INFO  Detected constructor definition has more then one argument to resolve. Redefine the rule to explicitly define the param to resolve
16:38:22.071 INFO  Detected constructor definition has more then one argument to resolve. Redefine the rule to explicitly define the param to resolve
16:38:22.072 INFO  Detected constructor definition has more then one argument to resolve. Redefine the rule to explicitly define the param to resolve
16:38:22.072 INFO  Detected constructor definition has more then one argument to resolve. Redefine the rule to explicitly define the param to resolve
16:38:22.072 INFO  Detected constructor definition has more then one argument to resolve. Redefine the rule to explicitly define the param to resolve
16:38:22.072 INFO  Detected constructor definition has more then one argument to resolve. Redefine the rule to explicitly define the param to resolve
16:38:22.072 INFO  Detected constructor definition has more then one argument to resolve. Redefine the rule to explicitly define the param to resolve
16:38:22.072 INFO  Detected constructor definition has more then one argument to resolve. Redefine the rule to explicitly define the param to resolve
16:38:22.072 INFO  Detected constructor definition has more then one argument to resolve. Redefine the rule to explicitly define the param to resolve
16:38:22.072 INFO  Detected constructor definition has more then one argument to resolve. Redefine the rule to explicitly define the param to resolve
16:38:22.072 INFO  Detected constructor definition has more then one argument to resolve. Redefine the rule to explicitly define the param to resolve
16:38:22.072 INFO  Detected constructor definition has more then one argument to resolve. Redefine the rule to explicitly define the param to resolve
16:38:22.072 INFO  Detected constructor definition has more then one argument to resolve. Redefine the rule to explicitly define the param to resolve
16:38:22.072 INFO  Detected constructor definition has more then one argument to resolve. Redefine the rule to explicitly define the param to resolve
16:38:22.072 INFO  Detected constructor definition has more then one argument to resolve. Redefine the rule to explicitly define the param to resolve
16:38:22.072 INFO  Detected constructor definition has more then one argument to resolve. Redefine the rule to explicitly define the param to resolve
16:38:22.072 INFO  Detected constructor definition has more then one argument to resolve. Redefine the rule to explicitly define the param to resolve
16:38:22.072 INFO  Detected constructor definition has more then one argument to resolve. Redefine the rule to explicitly define the param to resolve
16:38:22.072 INFO  Detected constructor definition has more then one argument to resolve. Redefine the rule to explicitly define the param to resolve
16:38:22.072 INFO  Detected constructor definition has more then one argument to resolve. Redefine the rule to explicitly define the param to resolve
16:38:22.072 INFO  Detected constructor definition has more then one argument to resolve. Redefine the rule to explicitly define the param to resolve
16:38:22.072 INFO  Detected constructor definition has more then one argument to resolve. Redefine the rule to explicitly define the param to resolve
16:38:22.072 INFO  Detected constructor definition has more then one argument to resolve. Redefine the rule to explicitly define the param to resolve
16:38:22.072 INFO  Detected constructor definition has more then one argument to resolve. Redefine the rule to explicitly define the param to resolve
16:38:22.072 INFO  Detected constructor definition has more then one argument to resolve. Redefine the rule to explicitly define the param to resolve
16:38:22.072 INFO  Detected constructor definition has more then one argument to resolve. Redefine the rule to explicitly define the param to resolve
16:38:22.072 INFO  Detected constructor definition has more then one argument to resolve. Redefine the rule to explicitly define the param to resolve
16:38:22.072 INFO  Detected constructor definition has more then one argument to resolve. Redefine the rule to explicitly define the param to resolve
16:38:22.073 INFO  Detected constructor definition has more then one argument to resolve. Redefine the rule to explicitly define the param to resolve
16:38:22.073 INFO  Detected constructor definition has more then one argument to resolve. Redefine the rule to explicitly define the param to resolve
16:38:22.073 INFO  Detected constructor definition has more then one argument to resolve. Redefine the rule to explicitly define the param to resolve
16:38:22.073 INFO  Detected constructor definition has more then one argument to resolve. Redefine the rule to explicitly define the param to resolve
16:38:22.073 INFO  Detected constructor definition has more then one argument to resolve. Redefine the rule to explicitly define the param to resolve
16:38:22.073 INFO  Detected constructor definition has more then one argument to resolve. Redefine the rule to explicitly define the param to resolve
16:38:22.073 INFO  Detected constructor definition has more then one argument to resolve. Redefine the rule to explicitly define the param to resolve
16:38:22.073 INFO  Detected constructor definition has more then one argument to resolve. Redefine the rule to explicitly define the param to resolve
16:38:22.073 INFO  Detected constructor definition has more then one argument to resolve. Redefine the rule to explicitly define the param to resolve
16:38:22.073 INFO  Detected constructor definition has more then one argument to resolve. Redefine the rule to explicitly define the param to resolve
16:38:22.073 INFO  Detected constructor definition has more then one argument to resolve. Redefine the rule to explicitly define the param to resolve
16:38:22.073 INFO  Detected constructor definition has more then one argument to resolve. Redefine the rule to explicitly define the param to resolve
16:38:22.073 INFO  Detected constructor definition has more then one argument to resolve. Redefine the rule to explicitly define the param to resolve
16:38:22.073 INFO  Detected constructor definition has more then one argument to resolve. Redefine the rule to explicitly define the param to resolve
16:38:22.073 INFO  Detected constructor definition has more then one argument to resolve. Redefine the rule to explicitly define the param to resolve
16:38:22.073 INFO  Detected constructor definition has more then one argument to resolve. Redefine the rule to explicitly define the param to resolve
16:38:22.073 INFO  Detected constructor definition has more then one argument to resolve. Redefine the rule to explicitly define the param to resolve
16:38:22.073 INFO  Detected constructor definition has more then one argument to resolve. Redefine the rule to explicitly define the param to resolve
16:38:22.073 INFO  Detected constructor definition has more then one argument to resolve. Redefine the rule to explicitly define the param to resolve
16:38:22.073 INFO  Detected constructor definition has more then one argument to resolve. Redefine the rule to explicitly define the param to resolve
16:38:22.073 INFO  Detected constructor definition has more then one argument to resolve. Redefine the rule to explicitly define the param to resolve
16:38:22.073 INFO  Detected constructor definition has more then one argument to resolve. Redefine the rule to explicitly define the param to resolve
16:38:22.073 INFO  Detected constructor definition has more then one argument to resolve. Redefine the rule to explicitly define the param to resolve
16:38:22.073 INFO  Detected constructor definition has more then one argument to resolve. Redefine the rule to explicitly define the param to resolve
16:38:22.074 INFO  Detected constructor definition has more then one argument to resolve. Redefine the rule to explicitly define the param to resolve
16:38:22.074 INFO  Detected constructor definition has more then one argument to resolve. Redefine the rule to explicitly define the param to resolve
16:38:22.074 INFO  Detected constructor definition has more then one argument to resolve. Redefine the rule to explicitly define the param to resolve
16:38:22.074 INFO  Detected constructor definition has more then one argument to resolve. Redefine the rule to explicitly define the param to resolve
16:38:22.074 INFO  Detected constructor definition has more then one argument to resolve. Redefine the rule to explicitly define the param to resolve
16:38:22.074 INFO  Detected constructor definition has more then one argument to resolve. Redefine the rule to explicitly define the param to resolve
16:38:22.074 INFO  Detected constructor definition has more then one argument to resolve. Redefine the rule to explicitly define the param to resolve
16:38:22.074 INFO  Detected constructor definition has more then one argument to resolve. Redefine the rule to explicitly define the param to resolve
16:38:22.074 INFO  Detected constructor definition has more then one argument to resolve. Redefine the rule to explicitly define the param to resolve
16:38:22.074 INFO  Detected constructor definition has more then one argument to resolve. Redefine the rule to explicitly define the param to resolve
16:38:22.074 INFO  Detected constructor definition has more then one argument to resolve. Redefine the rule to explicitly define the param to resolve
16:38:22.074 INFO  Detected constructor definition has more then one argument to resolve. Redefine the rule to explicitly define the param to resolve
16:38:22.074 INFO  Detected constructor definition has more then one argument to resolve. Redefine the rule to explicitly define the param to resolve
16:38:22.074 INFO  Detected constructor definition has more then one argument to resolve. Redefine the rule to explicitly define the param to resolve
16:38:22.074 INFO  Detected constructor definition has more then one argument to resolve. Redefine the rule to explicitly define the param to resolve
16:38:22.074 INFO  Detected constructor definition has more then one argument to resolve. Redefine the rule to explicitly define the param to resolve
16:38:22.074 INFO  Detected constructor definition has more then one argument to resolve. Redefine the rule to explicitly define the param to resolve
16:38:22.074 INFO  Detected constructor definition has more then one argument to resolve. Redefine the rule to explicitly define the param to resolve
16:38:22.074 INFO  Detected constructor definition has more then one argument to resolve. Redefine the rule to explicitly define the param to resolve
16:38:22.074 INFO  Detected constructor definition has more then one argument to resolve. Redefine the rule to explicitly define the param to resolve
16:38:22.074 INFO  Detected constructor definition has more then one argument to resolve. Redefine the rule to explicitly define the param to resolve
16:38:22.074 INFO  Detected constructor definition has more then one argument to resolve. Redefine the rule to explicitly define the param to resolve
16:38:22.074 INFO  Detected constructor definition has more then one argument to resolve. Redefine the rule to explicitly define the param to resolve
16:38:22.074 INFO  Detected constructor definition has more then one argument to resolve. Redefine the rule to explicitly define the param to resolve
16:38:22.075 INFO  Detected constructor definition has more then one argument to resolve. Redefine the rule to explicitly define the param to resolve
16:38:22.075 INFO  Detected constructor definition has more then one argument to resolve. Redefine the rule to explicitly define the param to resolve
16:38:22.092 INFO  Detected (SecretKey) AES
16:38:22.104 INFO  Detected (SecretKey) AES
16:38:22.169 INFO  Detected (Key) RSA
16:38:22.244 INFO  Detected (PublicKeyEncryption) RSA-OAEP
16:38:22.380 INFO  Detected (MessageDigest) SHA-256
16:38:22.435 INFO  Detected (MessageDigest) MD5
16:38:22.519 INFO  Detected constructor definition has more then one argument to resolve. Redefine the rule to explicitly define the param to resolve
16:38:22.520 INFO  Detected constructor definition has more then one argument to resolve. Redefine the rule to explicitly define the param to resolve
16:38:22.520 INFO  Detected constructor definition has more then one argument to resolve. Redefine the rule to explicitly define the param to resolve
16:38:22.520 INFO  Detected constructor definition has more then one argument to resolve. Redefine the rule to explicitly define the param to resolve
16:38:22.520 INFO  Detected constructor definition has more then one argument to resolve. Redefine the rule to explicitly define the param to resolve
16:38:22.520 INFO  Detected constructor definition has more then one argument to resolve. Redefine the rule to explicitly define the param to resolve
16:38:22.520 INFO  Detected constructor definition has more then one argument to resolve. Redefine the rule to explicitly define the param to resolve
16:38:22.520 INFO  Detected constructor definition has more then one argument to resolve. Redefine the rule to explicitly define the param to resolve
16:38:22.520 INFO  Detected constructor definition has more then one argument to resolve. Redefine the rule to explicitly define the param to resolve
16:38:22.520 INFO  Detected constructor definition has more then one argument to resolve. Redefine the rule to explicitly define the param to resolve
16:38:22.520 INFO  Detected constructor definition has more then one argument to resolve. Redefine the rule to explicitly define the param to resolve
16:38:22.520 INFO  Detected constructor definition has more then one argument to resolve. Redefine the rule to explicitly define the param to resolve
16:38:22.520 INFO  Detected constructor definition has more then one argument to resolve. Redefine the rule to explicitly define the param to resolve
16:38:22.520 INFO  Detected constructor definition has more then one argument to resolve. Redefine the rule to explicitly define the param to resolve
16:38:22.520 INFO  Detected constructor definition has more then one argument to resolve. Redefine the rule to explicitly define the param to resolve
16:38:22.520 INFO  Detected constructor definition has more then one argument to resolve. Redefine the rule to explicitly define the param to resolve
16:38:22.520 INFO  Detected constructor definition has more then one argument to resolve. Redefine the rule to explicitly define the param to resolve
16:38:22.520 INFO  Detected constructor definition has more then one argument to resolve. Redefine the rule to explicitly define the param to resolve
16:38:22.520 INFO  Detected constructor definition has more then one argument to resolve. Redefine the rule to explicitly define the param to resolve
16:38:22.520 INFO  Detected constructor definition has more then one argument to resolve. Redefine the rule to explicitly define the param to resolve
16:38:22.520 INFO  Detected constructor definition has more then one argument to resolve. Redefine the rule to explicitly define the param to resolve
16:38:22.520 INFO  Detected constructor definition has more then one argument to resolve. Redefine the rule to explicitly define the param to resolve
16:38:22.520 INFO  Detected constructor definition has more then one argument to resolve. Redefine the rule to explicitly define the param to resolve
16:38:22.520 INFO  Detected constructor definition has more then one argument to resolve. Redefine the rule to explicitly define the param to resolve
16:38:22.521 INFO  Detected constructor definition has more then one argument to resolve. Redefine the rule to explicitly define the param to resolve
16:38:22.521 INFO  Detected constructor definition has more then one argument to resolve. Redefine the rule to explicitly define the param to resolve
16:38:22.521 INFO  Detected constructor definition has more then one argument to resolve. Redefine the rule to explicitly define the param to resolve
16:38:22.521 INFO  Detected constructor definition has more then one argument to resolve. Redefine the rule to explicitly define the param to resolve
16:38:22.521 INFO  Detected constructor definition has more then one argument to resolve. Redefine the rule to explicitly define the param to resolve
16:38:22.521 INFO  Detected constructor definition has more then one argument to resolve. Redefine the rule to explicitly define the param to resolve
16:38:22.521 INFO  Detected constructor definition has more then one argument to resolve. Redefine the rule to explicitly define the param to resolve
16:38:22.521 INFO  Detected constructor definition has more then one argument to resolve. Redefine the rule to explicitly define the param to resolve
16:38:22.521 INFO  Detected constructor definition has more then one argument to resolve. Redefine the rule to explicitly define the param to resolve
16:38:22.521 INFO  Detected constructor definition has more then one argument to resolve. Redefine the rule to explicitly define the param to resolve
16:38:22.521 INFO  Detected constructor definition has more then one argument to resolve. Redefine the rule to explicitly define the param to resolve
16:38:22.521 INFO  Detected constructor definition has more then one argument to resolve. Redefine the rule to explicitly define the param to resolve
16:38:22.521 INFO  Detected constructor definition has more then one argument to resolve. Redefine the rule to explicitly define the param to resolve
16:38:22.521 INFO  Detected constructor definition has more then one argument to resolve. Redefine the rule to explicitly define the param to resolve
16:38:22.521 INFO  Detected constructor definition has more then one argument to resolve. Redefine the rule to explicitly define the param to resolve
16:38:22.521 INFO  Detected constructor definition has more then one argument to resolve. Redefine the rule to explicitly define the param to resolve
16:38:22.521 INFO  Detected constructor definition has more then one argument to resolve. Redefine the rule to explicitly define the param to resolve
16:38:22.521 INFO  Detected constructor definition has more then one argument to resolve. Redefine the rule to explicitly define the param to resolve
16:38:22.521 INFO  Detected constructor definition has more then one argument to resolve. Redefine the rule to explicitly define the param to resolve
16:38:22.521 INFO  Detected constructor definition has more then one argument to resolve. Redefine the rule to explicitly define the param to resolve
16:38:22.521 INFO  Detected constructor definition has more then one argument to resolve. Redefine the rule to explicitly define the param to resolve
16:38:22.521 INFO  Detected constructor definition has more then one argument to resolve. Redefine the rule to explicitly define the param to resolve
16:38:22.521 INFO  Detected constructor definition has more then one argument to resolve. Redefine the rule to explicitly define the param to resolve
16:38:22.521 INFO  Detected constructor definition has more then one argument to resolve. Redefine the rule to explicitly define the param to resolve
16:38:22.521 INFO  Detected constructor definition has more then one argument to resolve. Redefine the rule to explicitly define the param to resolve
16:38:22.521 INFO  Detected constructor definition has more then one argument to resolve. Redefine the rule to explicitly define the param to resolve
16:38:22.522 INFO  Detected constructor definition has more then one argument to resolve. Redefine the rule to explicitly define the param to resolve
16:38:22.522 INFO  Detected constructor definition has more then one argument to resolve. Redefine the rule to explicitly define the param to resolve
16:38:22.522 INFO  Detected constructor definition has more then one argument to resolve. Redefine the rule to explicitly define the param to resolve
16:38:22.522 INFO  Detected constructor definition has more then one argument to resolve. Redefine the rule to explicitly define the param to resolve
16:38:22.522 INFO  Detected constructor definition has more then one argument to resolve. Redefine the rule to explicitly define the param to resolve
16:38:22.522 INFO  Detected constructor definition has more then one argument to resolve. Redefine the rule to explicitly define the param to resolve
16:38:22.522 INFO  Detected constructor definition has more then one argument to resolve. Redefine the rule to explicitly define the param to resolve
16:38:22.522 INFO  Detected constructor definition has more then one argument to resolve. Redefine the rule to explicitly define the param to resolve
16:38:22.522 INFO  Detected constructor definition has more then one argument to resolve. Redefine the rule to explicitly define the param to resolve
16:38:22.522 INFO  Detected constructor definition has more then one argument to resolve. Redefine the rule to explicitly define the param to resolve
16:38:22.522 INFO  Detected constructor definition has more then one argument to resolve. Redefine the rule to explicitly define the param to resolve
16:38:22.522 INFO  Detected constructor definition has more then one argument to resolve. Redefine the rule to explicitly define the param to resolve
16:38:22.522 INFO  Detected constructor definition has more then one argument to resolve. Redefine the rule to explicitly define the param to resolve
16:38:22.522 INFO  Detected constructor definition has more then one argument to resolve. Redefine the rule to explicitly define the param to resolve
16:38:22.522 INFO  Detected constructor definition has more then one argument to resolve. Redefine the rule to explicitly define the param to resolve
16:38:22.522 INFO  Detected constructor definition has more then one argument to resolve. Redefine the rule to explicitly define the param to resolve
16:38:22.522 INFO  Detected constructor definition has more then one argument to resolve. Redefine the rule to explicitly define the param to resolve
16:38:22.522 INFO  Detected constructor definition has more then one argument to resolve. Redefine the rule to explicitly define the param to resolve
16:38:22.522 INFO  Detected constructor definition has more then one argument to resolve. Redefine the rule to explicitly define the param to resolve
16:38:22.522 INFO  Detected constructor definition has more then one argument to resolve. Redefine the rule to explicitly define the param to resolve
16:38:22.522 INFO  Detected constructor definition has more then one argument to resolve. Redefine the rule to explicitly define the param to resolve
16:38:22.522 INFO  Detected constructor definition has more then one argument to resolve. Redefine the rule to explicitly define the param to resolve
16:38:22.522 INFO  Detected constructor definition has more then one argument to resolve. Redefine the rule to explicitly define the param to resolve
16:38:22.522 INFO  Detected constructor definition has more then one argument to resolve. Redefine the rule to explicitly define the param to resolve
16:38:22.522 INFO  Detected constructor definition has more then one argument to resolve. Redefine the rule to explicitly define the param to resolve
16:38:22.522 INFO  Detected constructor definition has more then one argument to resolve. Redefine the rule to explicitly define the param to resolve
16:38:22.522 INFO  Detected constructor definition has more then one argument to resolve. Redefine the rule to explicitly define the param to resolve
16:38:22.522 INFO  Detected constructor definition has more then one argument to resolve. Redefine the rule to explicitly define the param to resolve
16:38:22.523 INFO  Detected constructor definition has more then one argument to resolve. Redefine the rule to explicitly define the param to resolve
16:38:22.523 INFO  Detected constructor definition has more then one argument to resolve. Redefine the rule to explicitly define the param to resolve
16:38:22.523 INFO  Detected constructor definition has more then one argument to resolve. Redefine the rule to explicitly define the param to resolve
16:38:22.523 INFO  Detected constructor definition has more then one argument to resolve. Redefine the rule to explicitly define the param to resolve
16:38:22.523 INFO  Detected constructor definition has more then one argument to resolve. Redefine the rule to explicitly define the param to resolve
16:38:22.523 INFO  Detected constructor definition has more then one argument to resolve. Redefine the rule to explicitly define the param to resolve
16:38:22.523 INFO  Detected constructor definition has more then one argument to resolve. Redefine the rule to explicitly define the param to resolve
16:38:22.523 INFO  Detected constructor definition has more then one argument to resolve. Redefine the rule to explicitly define the param to resolve
16:38:22.523 INFO  Detected constructor definition has more then one argument to resolve. Redefine the rule to explicitly define the param to resolve
16:38:22.523 INFO  Detected constructor definition has more then one argument to resolve. Redefine the rule to explicitly define the param to resolve
16:38:22.523 INFO  Detected constructor definition has more then one argument to resolve. Redefine the rule to explicitly define the param to resolve
16:38:22.523 INFO  Detected constructor definition has more then one argument to resolve. Redefine the rule to explicitly define the param to resolve
16:38:22.523 INFO  Detected constructor definition has more then one argument to resolve. Redefine the rule to explicitly define the param to resolve
16:38:22.523 INFO  Detected constructor definition has more then one argument to resolve. Redefine the rule to explicitly define the param to resolve
16:38:22.523 INFO  Detected constructor definition has more then one argument to resolve. Redefine the rule to explicitly define the param to resolve
16:38:22.523 INFO  Detected constructor definition has more then one argument to resolve. Redefine the rule to explicitly define the param to resolve
16:38:22.523 INFO  Detected constructor definition has more then one argument to resolve. Redefine the rule to explicitly define the param to resolve
16:38:22.523 INFO  Detected constructor definition has more then one argument to resolve. Redefine the rule to explicitly define the param to resolve
16:38:22.523 INFO  Detected constructor definition has more then one argument to resolve. Redefine the rule to explicitly define the param to resolve
16:38:22.523 INFO  Detected constructor definition has more then one argument to resolve. Redefine the rule to explicitly define the param to resolve
16:38:22.523 INFO  Detected constructor definition has more then one argument to resolve. Redefine the rule to explicitly define the param to resolve
16:38:22.523 INFO  Detected constructor definition has more then one argument to resolve. Redefine the rule to explicitly define the param to resolve
16:38:22.523 INFO  Detected constructor definition has more then one argument to resolve. Redefine the rule to explicitly define the param to resolve
16:38:22.523 INFO  Detected constructor definition has more then one argument to resolve. Redefine the rule to explicitly define the param to resolve
16:38:22.523 INFO  Detected constructor definition has more then one argument to resolve. Redefine the rule to explicitly define the param to resolve
16:38:22.523 INFO  Detected constructor definition has more then one argument to resolve. Redefine the rule to explicitly define the param to resolve
16:38:22.523 INFO  Detected constructor definition has more then one argument to resolve. Redefine the rule to explicitly define the param to resolve
16:38:22.523 INFO  Detected constructor definition has more then one argument to resolve. Redefine the rule to explicitly define the param to resolve
16:38:22.524 INFO  Detected constructor definition has more then one argument to resolve. Redefine the rule to explicitly define the param to resolve
16:38:22.524 INFO  Detected constructor definition has more then one argument to resolve. Redefine the rule to explicitly define the param to resolve
16:38:22.524 INFO  Detected constructor definition has more then one argument to resolve. Redefine the rule to explicitly define the param to resolve
16:38:22.524 INFO  Detected constructor definition has more then one argument to resolve. Redefine the rule to explicitly define the param to resolve
16:38:22.524 INFO  Detected constructor definition has more then one argument to resolve. Redefine the rule to explicitly define the param to resolve
16:38:22.524 INFO  Detected constructor definition has more then one argument to resolve. Redefine the rule to explicitly define the param to resolve
16:38:22.524 INFO  Detected constructor definition has more then one argument to resolve. Redefine the rule to explicitly define the param to resolve
16:38:22.524 INFO  Detected constructor definition has more then one argument to resolve. Redefine the rule to explicitly define the param to resolve
16:38:22.524 INFO  Detected constructor definition has more then one argument to resolve. Redefine the rule to explicitly define the param to resolve
16:38:22.524 INFO  Detected constructor definition has more then one argument to resolve. Redefine the rule to explicitly define the param to resolve
16:38:22.524 INFO  Detected constructor definition has more then one argument to resolve. Redefine the rule to explicitly define the param to resolve
16:38:22.524 INFO  Detected constructor definition has more then one argument to resolve. Redefine the rule to explicitly define the param to resolve
16:38:22.524 INFO  Detected constructor definition has more then one argument to resolve. Redefine the rule to explicitly define the param to resolve
16:38:22.524 INFO  Detected constructor definition has more then one argument to resolve. Redefine the rule to explicitly define the param to resolve
16:38:22.524 INFO  Detected constructor definition has more then one argument to resolve. Redefine the rule to explicitly define the param to resolve
16:38:22.524 INFO  Detected constructor definition has more then one argument to resolve. Redefine the rule to explicitly define the param to resolve
16:38:22.524 INFO  Detected constructor definition has more then one argument to resolve. Redefine the rule to explicitly define the param to resolve
16:38:22.524 INFO  Detected constructor definition has more then one argument to resolve. Redefine the rule to explicitly define the param to resolve
16:38:22.524 INFO  Detected constructor definition has more then one argument to resolve. Redefine the rule to explicitly define the param to resolve
16:38:22.524 INFO  Detected constructor definition has more then one argument to resolve. Redefine the rule to explicitly define the param to resolve
16:38:22.524 INFO  Detected constructor definition has more then one argument to resolve. Redefine the rule to explicitly define the param to resolve
16:38:22.524 INFO  Detected constructor definition has more then one argument to resolve. Redefine the rule to explicitly define the param to resolve
16:38:22.524 INFO  Detected constructor definition has more then one argument to resolve. Redefine the rule to explicitly define the param to resolve
16:38:22.524 INFO  Detected constructor definition has more then one argument to resolve. Redefine the rule to explicitly define the param to resolve
16:38:22.524 INFO  Detected constructor definition has more then one argument to resolve. Redefine the rule to explicitly define the param to resolve
16:38:22.525 INFO  Detected constructor definition has more then one argument to resolve. Redefine the rule to explicitly define the param to resolve
16:38:22.525 INFO  Detected constructor definition has more then one argument to resolve. Redefine the rule to explicitly define the param to resolve
16:38:22.525 INFO  Detected constructor definition has more then one argument to resolve. Redefine the rule to explicitly define the param to resolve
16:38:22.525 INFO  Detected constructor definition has more then one argument to resolve. Redefine the rule to explicitly define the param to resolve
16:38:22.525 INFO  Detected constructor definition has more then one argument to resolve. Redefine the rule to explicitly define the param to resolve
16:38:22.525 INFO  Detected constructor definition has more then one argument to resolve. Redefine the rule to explicitly define the param to resolve
16:38:22.525 INFO  Detected constructor definition has more then one argument to resolve. Redefine the rule to explicitly define the param to resolve
16:38:22.525 INFO  Detected constructor definition has more then one argument to resolve. Redefine the rule to explicitly define the param to resolve
16:38:22.525 INFO  Detected constructor definition has more then one argument to resolve. Redefine the rule to explicitly define the param to resolve
16:38:22.525 INFO  Detected constructor definition has more then one argument to resolve. Redefine the rule to explicitly define the param to resolve
16:38:22.525 INFO  Detected constructor definition has more then one argument to resolve. Redefine the rule to explicitly define the param to resolve
16:38:22.525 INFO  Detected constructor definition has more then one argument to resolve. Redefine the rule to explicitly define the param to resolve
16:38:22.525 INFO  Detected constructor definition has more then one argument to resolve. Redefine the rule to explicitly define the param to resolve
16:38:22.525 INFO  Detected constructor definition has more then one argument to resolve. Redefine the rule to explicitly define the param to resolve
16:38:22.525 INFO  Detected constructor definition has more then one argument to resolve. Redefine the rule to explicitly define the param to resolve
16:38:22.525 INFO  Detected constructor definition has more then one argument to resolve. Redefine the rule to explicitly define the param to resolve
16:38:22.525 INFO  Detected constructor definition has more then one argument to resolve. Redefine the rule to explicitly define the param to resolve
16:38:22.525 INFO  Detected constructor definition has more then one argument to resolve. Redefine the rule to explicitly define the param to resolve
16:38:22.525 INFO  Detected constructor definition has more then one argument to resolve. Redefine the rule to explicitly define the param to resolve
16:38:22.525 INFO  Detected constructor definition has more then one argument to resolve. Redefine the rule to explicitly define the param to resolve
16:38:22.525 INFO  Detected constructor definition has more then one argument to resolve. Redefine the rule to explicitly define the param to resolve
16:38:22.525 INFO  Detected constructor definition has more then one argument to resolve. Redefine the rule to explicitly define the param to resolve
16:38:22.526 INFO  Detected constructor definition has more then one argument to resolve. Redefine the rule to explicitly define the param to resolve
16:38:22.526 INFO  Detected constructor definition has more then one argument to resolve. Redefine the rule to explicitly define the param to resolve
16:38:22.526 INFO  Detected constructor definition has more then one argument to resolve. Redefine the rule to explicitly define the param to resolve
16:38:22.526 INFO  Detected constructor definition has more then one argument to resolve. Redefine the rule to explicitly define the param to resolve
16:38:22.526 INFO  Detected constructor definition has more then one argument to resolve. Redefine the rule to explicitly define the param to resolve
16:38:22.526 INFO  Detected constructor definition has more then one argument to resolve. Redefine the rule to explicitly define the param to resolve
16:38:22.526 INFO  Detected constructor definition has more then one argument to resolve. Redefine the rule to explicitly define the param to resolve
16:38:22.526 INFO  Detected constructor definition has more then one argument to resolve. Redefine the rule to explicitly define the param to resolve
16:38:22.526 INFO  Detected constructor definition has more then one argument to resolve. Redefine the rule to explicitly define the param to resolve
16:38:22.526 INFO  Detected constructor definition has more then one argument to resolve. Redefine the rule to explicitly define the param to resolve
16:38:22.526 INFO  Detected constructor definition has more then one argument to resolve. Redefine the rule to explicitly define the param to resolve
16:38:22.526 INFO  Detected constructor definition has more then one argument to resolve. Redefine the rule to explicitly define the param to resolve
16:38:22.526 INFO  Detected constructor definition has more then one argument to resolve. Redefine the rule to explicitly define the param to resolve
16:38:22.526 INFO  Detected constructor definition has more then one argument to resolve. Redefine the rule to explicitly define the param to resolve
16:38:22.526 INFO  Detected constructor definition has more then one argument to resolve. Redefine the rule to explicitly define the param to resolve
16:38:22.526 INFO  Detected constructor definition has more then one argument to resolve. Redefine the rule to explicitly define the param to resolve
16:38:22.526 INFO  Detected constructor definition has more then one argument to resolve. Redefine the rule to explicitly define the param to resolve
16:38:22.526 INFO  Detected constructor definition has more then one argument to resolve. Redefine the rule to explicitly define the param to resolve
16:38:22.526 INFO  Detected constructor definition has more then one argument to resolve. Redefine the rule to explicitly define the param to resolve
16:38:22.526 INFO  Detected constructor definition has more then one argument to resolve. Redefine the rule to explicitly define the param to resolve
16:38:22.526 INFO  Detected constructor definition has more then one argument to resolve. Redefine the rule to explicitly define the param to resolve
16:38:22.526 INFO  Detected constructor definition has more then one argument to resolve. Redefine the rule to explicitly define the param to resolve
16:38:22.526 INFO  Detected constructor definition has more then one argument to resolve. Redefine the rule to explicitly define the param to resolve
16:38:22.526 INFO  Detected constructor definition has more then one argument to resolve. Redefine the rule to explicitly define the param to resolve
16:38:22.526 INFO  Detected constructor definition has more then one argument to resolve. Redefine the rule to explicitly define the param to resolve
16:38:22.527 INFO  Detected constructor definition has more then one argument to resolve. Redefine the rule to explicitly define the param to resolve
16:38:22.527 INFO  Detected constructor definition has more then one argument to resolve. Redefine the rule to explicitly define the param to resolve
16:38:22.527 INFO  Detected constructor definition has more then one argument to resolve. Redefine the rule to explicitly define the param to resolve
16:38:22.527 INFO  Detected constructor definition has more then one argument to resolve. Redefine the rule to explicitly define the param to resolve
16:38:22.527 INFO  Detected constructor definition has more then one argument to resolve. Redefine the rule to explicitly define the param to resolve
16:38:22.527 INFO  Detected constructor definition has more then one argument to resolve. Redefine the rule to explicitly define the param to resolve
16:38:22.527 INFO  Detected constructor definition has more then one argument to resolve. Redefine the rule to explicitly define the param to resolve
16:38:22.527 INFO  Detected constructor definition has more then one argument to resolve. Redefine the rule to explicitly define the param to resolve
16:38:22.527 INFO  Detected constructor definition has more then one argument to resolve. Redefine the rule to explicitly define the param to resolve
16:38:22.527 INFO  Detected constructor definition has more then one argument to resolve. Redefine the rule to explicitly define the param to resolve
16:38:22.527 INFO  Detected constructor definition has more then one argument to resolve. Redefine the rule to explicitly define the param to resolve
16:38:22.527 INFO  Detected constructor definition has more then one argument to resolve. Redefine the rule to explicitly define the param to resolve
16:38:22.527 INFO  Detected constructor definition has more then one argument to resolve. Redefine the rule to explicitly define the param to resolve
16:38:22.527 INFO  Detected constructor definition has more then one argument to resolve. Redefine the rule to explicitly define the param to resolve
16:38:22.527 INFO  Detected constructor definition has more then one argument to resolve. Redefine the rule to explicitly define the param to resolve
16:38:22.527 INFO  Detected constructor definition has more then one argument to resolve. Redefine the rule to explicitly define the param to resolve
16:38:22.527 INFO  Detected constructor definition has more then one argument to resolve. Redefine the rule to explicitly define the param to resolve
16:38:22.527 INFO  Detected constructor definition has more then one argument to resolve. Redefine the rule to explicitly define the param to resolve
16:38:22.527 INFO  Detected constructor definition has more then one argument to resolve. Redefine the rule to explicitly define the param to resolve
16:38:22.527 INFO  Detected constructor definition has more then one argument to resolve. Redefine the rule to explicitly define the param to resolve
16:38:22.527 INFO  Detected constructor definition has more then one argument to resolve. Redefine the rule to explicitly define the param to resolve
16:38:22.527 INFO  Detected constructor definition has more then one argument to resolve. Redefine the rule to explicitly define the param to resolve
16:38:22.527 INFO  Detected constructor definition has more then one argument to resolve. Redefine the rule to explicitly define the param to resolve
16:38:22.527 INFO  Detected constructor definition has more then one argument to resolve. Redefine the rule to explicitly define the param to resolve
16:38:22.527 INFO  Detected constructor definition has more then one argument to resolve. Redefine the rule to explicitly define the param to resolve
16:38:22.527 INFO  Detected constructor definition has more then one argument to resolve. Redefine the rule to explicitly define the param to resolve
16:38:22.528 INFO  Detected constructor definition has more then one argument to resolve. Redefine the rule to explicitly define the param to resolve
16:38:22.528 INFO  Detected constructor definition has more then one argument to resolve. Redefine the rule to explicitly define the param to resolve
16:38:22.528 INFO  Detected constructor definition has more then one argument to resolve. Redefine the rule to explicitly define the param to resolve
16:38:22.528 INFO  Detected constructor definition has more then one argument to resolve. Redefine the rule to explicitly define the param to resolve
16:38:22.528 INFO  Detected constructor definition has more then one argument to resolve. Redefine the rule to explicitly define the param to resolve
16:38:22.528 INFO  Detected constructor definition has more then one argument to resolve. Redefine the rule to explicitly define the param to resolve
16:38:22.528 INFO  Detected constructor definition has more then one argument to resolve. Redefine the rule to explicitly define the param to resolve
16:38:22.528 INFO  Detected constructor definition has more then one argument to resolve. Redefine the rule to explicitly define the param to resolve
16:38:22.528 INFO  Detected constructor definition has more then one argument to resolve. Redefine the rule to explicitly define the param to resolve
16:38:22.528 INFO  Detected constructor definition has more then one argument to resolve. Redefine the rule to explicitly define the param to resolve
16:38:22.528 INFO  Detected constructor definition has more then one argument to resolve. Redefine the rule to explicitly define the param to resolve
16:38:22.528 INFO  Detected constructor definition has more then one argument to resolve. Redefine the rule to explicitly define the param to resolve
16:38:22.528 INFO  Detected constructor definition has more then one argument to resolve. Redefine the rule to explicitly define the param to resolve
16:38:22.528 INFO  Detected constructor definition has more then one argument to resolve. Redefine the rule to explicitly define the param to resolve
16:38:22.528 INFO  Detected constructor definition has more then one argument to resolve. Redefine the rule to explicitly define the param to resolve
16:38:22.528 INFO  Detected constructor definition has more then one argument to resolve. Redefine the rule to explicitly define the param to resolve
16:38:22.528 INFO  Detected constructor definition has more then one argument to resolve. Redefine the rule to explicitly define the param to resolve
16:38:22.528 INFO  Detected constructor definition has more then one argument to resolve. Redefine the rule to explicitly define the param to resolve
16:38:22.528 INFO  Detected constructor definition has more then one argument to resolve. Redefine the rule to explicitly define the param to resolve
16:38:22.528 INFO  Detected constructor definition has more then one argument to resolve. Redefine the rule to explicitly define the param to resolve
16:38:22.528 INFO  Detected constructor definition has more then one argument to resolve. Redefine the rule to explicitly define the param to resolve
16:38:22.528 INFO  Detected constructor definition has more then one argument to resolve. Redefine the rule to explicitly define the param to resolve
16:38:22.528 INFO  Detected constructor definition has more then one argument to resolve. Redefine the rule to explicitly define the param to resolve
16:38:22.528 INFO  Detected constructor definition has more then one argument to resolve. Redefine the rule to explicitly define the param to resolve
16:38:22.528 INFO  Detected constructor definition has more then one argument to resolve. Redefine the rule to explicitly define the param to resolve
16:38:22.528 INFO  Detected constructor definition has more then one argument to resolve. Redefine the rule to explicitly define the param to resolve
16:38:22.528 INFO  Detected constructor definition has more then one argument to resolve. Redefine the rule to explicitly define the param to resolve
16:38:22.528 INFO  Detected constructor definition has more then one argument to resolve. Redefine the rule to explicitly define the param to resolve
16:38:22.529 INFO  Detected constructor definition has more then one argument to resolve. Redefine the rule to explicitly define the param to resolve
16:38:22.529 INFO  Detected constructor definition has more then one argument to resolve. Redefine the rule to explicitly define the param to resolve
16:38:22.529 INFO  Detected constructor definition has more then one argument to resolve. Redefine the rule to explicitly define the param to resolve
16:38:22.529 INFO  Detected constructor definition has more then one argument to resolve. Redefine the rule to explicitly define the param to resolve
16:38:22.529 INFO  Detected constructor definition has more then one argument to resolve. Redefine the rule to explicitly define the param to resolve
16:38:22.529 INFO  Detected constructor definition has more then one argument to resolve. Redefine the rule to explicitly define the param to resolve
16:38:22.529 INFO  Detected constructor definition has more then one argument to resolve. Redefine the rule to explicitly define the param to resolve
16:38:22.529 INFO  Detected constructor definition has more then one argument to resolve. Redefine the rule to explicitly define the param to resolve
16:38:22.529 INFO  Detected constructor definition has more then one argument to resolve. Redefine the rule to explicitly define the param to resolve
16:38:22.529 INFO  Detected constructor definition has more then one argument to resolve. Redefine the rule to explicitly define the param to resolve
16:38:22.529 INFO  Detected constructor definition has more then one argument to resolve. Redefine the rule to explicitly define the param to resolve
16:38:22.529 INFO  Detected constructor definition has more then one argument to resolve. Redefine the rule to explicitly define the param to resolve
16:38:22.529 INFO  Detected constructor definition has more then one argument to resolve. Redefine the rule to explicitly define the param to resolve
16:38:22.529 INFO  Detected constructor definition has more then one argument to resolve. Redefine the rule to explicitly define the param to resolve
16:38:22.529 INFO  Detected constructor definition has more then one argument to resolve. Redefine the rule to explicitly define the param to resolve
16:38:22.529 INFO  Detected constructor definition has more then one argument to resolve. Redefine the rule to explicitly define the param to resolve
16:38:22.529 INFO  Detected constructor definition has more then one argument to resolve. Redefine the rule to explicitly define the param to resolve
16:38:22.529 INFO  Detected constructor definition has more then one argument to resolve. Redefine the rule to explicitly define the param to resolve
16:38:22.529 INFO  Detected constructor definition has more then one argument to resolve. Redefine the rule to explicitly define the param to resolve
16:38:22.529 INFO  Detected constructor definition has more then one argument to resolve. Redefine the rule to explicitly define the param to resolve
16:38:22.529 INFO  Detected constructor definition has more then one argument to resolve. Redefine the rule to explicitly define the param to resolve
16:38:22.529 INFO  Detected constructor definition has more then one argument to resolve. Redefine the rule to explicitly define the param to resolve
16:38:22.529 INFO  Detected constructor definition has more then one argument to resolve. Redefine the rule to explicitly define the param to resolve
16:38:22.529 INFO  Detected constructor definition has more then one argument to resolve. Redefine the rule to explicitly define the param to resolve
16:38:22.529 INFO  Detected constructor definition has more then one argument to resolve. Redefine the rule to explicitly define the param to resolve
16:38:22.529 INFO  Detected constructor definition has more then one argument to resolve. Redefine the rule to explicitly define the param to resolve
16:38:22.529 INFO  Detected constructor definition has more then one argument to resolve. Redefine the rule to explicitly define the param to resolve
16:38:22.530 INFO  Detected constructor definition has more then one argument to resolve. Redefine the rule to explicitly define the param to resolve
16:38:22.530 INFO  Detected constructor definition has more then one argument to resolve. Redefine the rule to explicitly define the param to resolve
16:38:22.530 INFO  Detected constructor definition has more then one argument to resolve. Redefine the rule to explicitly define the param to resolve
16:38:22.530 INFO  Detected constructor definition has more then one argument to resolve. Redefine the rule to explicitly define the param to resolve
16:38:22.530 INFO  Detected constructor definition has more then one argument to resolve. Redefine the rule to explicitly define the param to resolve
16:38:22.530 INFO  Detected constructor definition has more then one argument to resolve. Redefine the rule to explicitly define the param to resolve
16:38:22.530 INFO  Detected constructor definition has more then one argument to resolve. Redefine the rule to explicitly define the param to resolve
16:38:22.530 INFO  Detected constructor definition has more then one argument to resolve. Redefine the rule to explicitly define the param to resolve
16:38:22.530 INFO  Detected constructor definition has more then one argument to resolve. Redefine the rule to explicitly define the param to resolve
16:38:22.530 INFO  Detected constructor definition has more then one argument to resolve. Redefine the rule to explicitly define the param to resolve
16:38:22.530 INFO  Detected constructor definition has more then one argument to resolve. Redefine the rule to explicitly define the param to resolve
16:38:22.530 INFO  Detected constructor definition has more then one argument to resolve. Redefine the rule to explicitly define the param to resolve
16:38:22.530 INFO  Detected constructor definition has more then one argument to resolve. Redefine the rule to explicitly define the param to resolve
16:38:22.530 INFO  Detected constructor definition has more then one argument to resolve. Redefine the rule to explicitly define the param to resolve
16:38:22.530 INFO  Detected constructor definition has more then one argument to resolve. Redefine the rule to explicitly define the param to resolve
16:38:22.530 INFO  Detected constructor definition has more then one argument to resolve. Redefine the rule to explicitly define the param to resolve
16:38:22.530 INFO  Detected constructor definition has more then one argument to resolve. Redefine the rule to explicitly define the param to resolve
16:38:22.530 INFO  Detected constructor definition has more then one argument to resolve. Redefine the rule to explicitly define the param to resolve
16:38:22.530 INFO  Detected constructor definition has more then one argument to resolve. Redefine the rule to explicitly define the param to resolve
16:38:22.530 INFO  Detected constructor definition has more then one argument to resolve. Redefine the rule to explicitly define the param to resolve
16:38:22.530 INFO  Detected constructor definition has more then one argument to resolve. Redefine the rule to explicitly define the param to resolve
16:38:22.530 INFO  Detected constructor definition has more then one argument to resolve. Redefine the rule to explicitly define the param to resolve
16:38:22.530 INFO  Detected constructor definition has more then one argument to resolve. Redefine the rule to explicitly define the param to resolve
16:38:22.530 INFO  Detected constructor definition has more then one argument to resolve. Redefine the rule to explicitly define the param to resolve
16:38:22.530 INFO  Detected constructor definition has more then one argument to resolve. Redefine the rule to explicitly define the param to resolve
16:38:22.530 INFO  Detected constructor definition has more then one argument to resolve. Redefine the rule to explicitly define the param to resolve
16:38:22.531 INFO  Detected constructor definition has more then one argument to resolve. Redefine the rule to explicitly define the param to resolve
16:38:22.531 INFO  Detected constructor definition has more then one argument to resolve. Redefine the rule to explicitly define the param to resolve
16:38:22.531 INFO  Detected constructor definition has more then one argument to resolve. Redefine the rule to explicitly define the param to resolve
16:38:22.531 INFO  Detected constructor definition has more then one argument to resolve. Redefine the rule to explicitly define the param to resolve
16:38:22.531 INFO  Detected constructor definition has more then one argument to resolve. Redefine the rule to explicitly define the param to resolve
16:38:22.531 INFO  Detected constructor definition has more then one argument to resolve. Redefine the rule to explicitly define the param to resolve
16:38:22.531 INFO  Detected constructor definition has more then one argument to resolve. Redefine the rule to explicitly define the param to resolve
16:38:22.531 INFO  Detected constructor definition has more then one argument to resolve. Redefine the rule to explicitly define the param to resolve
16:38:22.531 INFO  Detected constructor definition has more then one argument to resolve. Redefine the rule to explicitly define the param to resolve
16:38:22.531 INFO  Detected constructor definition has more then one argument to resolve. Redefine the rule to explicitly define the param to resolve
16:38:22.531 INFO  Detected constructor definition has more then one argument to resolve. Redefine the rule to explicitly define the param to resolve
16:38:22.531 INFO  Detected constructor definition has more then one argument to resolve. Redefine the rule to explicitly define the param to resolve
16:38:22.531 INFO  Detected constructor definition has more then one argument to resolve. Redefine the rule to explicitly define the param to resolve
16:38:22.531 INFO  Detected constructor definition has more then one argument to resolve. Redefine the rule to explicitly define the param to resolve
16:38:22.531 INFO  Detected constructor definition has more then one argument to resolve. Redefine the rule to explicitly define the param to resolve
16:38:22.531 INFO  Detected constructor definition has more then one argument to resolve. Redefine the rule to explicitly define the param to resolve
16:38:22.531 INFO  Detected constructor definition has more then one argument to resolve. Redefine the rule to explicitly define the param to resolve
16:38:22.531 INFO  Detected constructor definition has more then one argument to resolve. Redefine the rule to explicitly define the param to resolve
16:38:22.531 INFO  Detected constructor definition has more then one argument to resolve. Redefine the rule to explicitly define the param to resolve
16:38:22.531 INFO  Detected constructor definition has more then one argument to resolve. Redefine the rule to explicitly define the param to resolve
16:38:22.531 INFO  Detected constructor definition has more then one argument to resolve. Redefine the rule to explicitly define the param to resolve
16:38:22.531 INFO  Detected constructor definition has more then one argument to resolve. Redefine the rule to explicitly define the param to resolve
16:38:22.531 INFO  Detected constructor definition has more then one argument to resolve. Redefine the rule to explicitly define the param to resolve
16:38:22.531 INFO  Detected constructor definition has more then one argument to resolve. Redefine the rule to explicitly define the param to resolve
16:38:22.531 INFO  Detected constructor definition has more then one argument to resolve. Redefine the rule to explicitly define the param to resolve
16:38:22.532 INFO  Detected constructor definition has more then one argument to resolve. Redefine the rule to explicitly define the param to resolve
16:38:22.532 INFO  Detected constructor definition has more then one argument to resolve. Redefine the rule to explicitly define the param to resolve
16:38:22.532 INFO  Detected constructor definition has more then one argument to resolve. Redefine the rule to explicitly define the param to resolve
16:38:22.532 INFO  Detected constructor definition has more then one argument to resolve. Redefine the rule to explicitly define the param to resolve
16:38:22.532 INFO  Detected constructor definition has more then one argument to resolve. Redefine the rule to explicitly define the param to resolve
16:38:22.532 INFO  Detected constructor definition has more then one argument to resolve. Redefine the rule to explicitly define the param to resolve
16:38:22.532 INFO  Detected constructor definition has more then one argument to resolve. Redefine the rule to explicitly define the param to resolve
16:38:22.532 INFO  Detected constructor definition has more then one argument to resolve. Redefine the rule to explicitly define the param to resolve
16:38:22.532 INFO  Detected constructor definition has more then one argument to resolve. Redefine the rule to explicitly define the param to resolve
16:38:22.532 INFO  Detected constructor definition has more then one argument to resolve. Redefine the rule to explicitly define the param to resolve
16:38:22.532 INFO  Detected constructor definition has more then one argument to resolve. Redefine the rule to explicitly define the param to resolve
16:38:22.532 INFO  Detected constructor definition has more then one argument to resolve. Redefine the rule to explicitly define the param to resolve
16:38:22.532 INFO  Detected constructor definition has more then one argument to resolve. Redefine the rule to explicitly define the param to resolve
16:38:22.532 INFO  Detected constructor definition has more then one argument to resolve. Redefine the rule to explicitly define the param to resolve
16:38:22.532 INFO  Detected constructor definition has more then one argument to resolve. Redefine the rule to explicitly define the param to resolve
16:38:22.532 INFO  Detected constructor definition has more then one argument to resolve. Redefine the rule to explicitly define the param to resolve
16:38:22.532 INFO  Detected constructor definition has more then one argument to resolve. Redefine the rule to explicitly define the param to resolve
16:38:22.532 INFO  Detected constructor definition has more then one argument to resolve. Redefine the rule to explicitly define the param to resolve
16:38:22.532 INFO  Detected constructor definition has more then one argument to resolve. Redefine the rule to explicitly define the param to resolve
16:38:22.532 INFO  Detected constructor definition has more then one argument to resolve. Redefine the rule to explicitly define the param to resolve
16:38:22.532 INFO  Detected constructor definition has more then one argument to resolve. Redefine the rule to explicitly define the param to resolve
16:38:22.532 INFO  Detected constructor definition has more then one argument to resolve. Redefine the rule to explicitly define the param to resolve
16:38:22.532 INFO  Detected constructor definition has more then one argument to resolve. Redefine the rule to explicitly define the param to resolve
16:38:22.532 INFO  Detected constructor definition has more then one argument to resolve. Redefine the rule to explicitly define the param to resolve
16:38:22.532 INFO  Detected constructor definition has more then one argument to resolve. Redefine the rule to explicitly define the param to resolve
16:38:22.533 INFO  Detected constructor definition has more then one argument to resolve. Redefine the rule to explicitly define the param to resolve
16:38:22.533 INFO  Detected constructor definition has more then one argument to resolve. Redefine the rule to explicitly define the param to resolve
16:38:22.533 INFO  Detected constructor definition has more then one argument to resolve. Redefine the rule to explicitly define the param to resolve
16:38:22.533 INFO  Detected constructor definition has more then one argument to resolve. Redefine the rule to explicitly define the param to resolve
16:38:22.533 INFO  Detected constructor definition has more then one argument to resolve. Redefine the rule to explicitly define the param to resolve
16:38:22.533 INFO  Detected constructor definition has more then one argument to resolve. Redefine the rule to explicitly define the param to resolve
16:38:22.533 INFO  Detected constructor definition has more then one argument to resolve. Redefine the rule to explicitly define the param to resolve
16:38:22.533 INFO  Detected constructor definition has more then one argument to resolve. Redefine the rule to explicitly define the param to resolve
16:38:22.533 INFO  Detected constructor definition has more then one argument to resolve. Redefine the rule to explicitly define the param to resolve
16:38:22.533 INFO  Detected constructor definition has more then one argument to resolve. Redefine the rule to explicitly define the param to resolve
16:38:22.533 INFO  Detected constructor definition has more then one argument to resolve. Redefine the rule to explicitly define the param to resolve
16:38:22.533 INFO  Detected constructor definition has more then one argument to resolve. Redefine the rule to explicitly define the param to resolve
16:38:22.533 INFO  Detected constructor definition has more then one argument to resolve. Redefine the rule to explicitly define the param to resolve
16:38:22.533 INFO  Detected constructor definition has more then one argument to resolve. Redefine the rule to explicitly define the param to resolve
16:38:22.533 INFO  Detected constructor definition has more then one argument to resolve. Redefine the rule to explicitly define the param to resolve
16:38:22.533 INFO  Detected constructor definition has more then one argument to resolve. Redefine the rule to explicitly define the param to resolve
16:38:22.533 INFO  Detected constructor definition has more then one argument to resolve. Redefine the rule to explicitly define the param to resolve
16:38:22.533 INFO  Detected constructor definition has more then one argument to resolve. Redefine the rule to explicitly define the param to resolve
16:38:22.533 INFO  Detected constructor definition has more then one argument to resolve. Redefine the rule to explicitly define the param to resolve
16:38:22.533 INFO  Detected constructor definition has more then one argument to resolve. Redefine the rule to explicitly define the param to resolve
16:38:22.533 INFO  Detected constructor definition has more then one argument to resolve. Redefine the rule to explicitly define the param to resolve
16:38:22.533 INFO  Detected constructor definition has more then one argument to resolve. Redefine the rule to explicitly define the param to resolve
16:38:22.533 INFO  Detected constructor definition has more then one argument to resolve. Redefine the rule to explicitly define the param to resolve
16:38:22.533 INFO  Detected constructor definition has more then one argument to resolve. Redefine the rule to explicitly define the param to resolve
16:38:22.533 INFO  Detected constructor definition has more then one argument to resolve. Redefine the rule to explicitly define the param to resolve
16:38:22.533 INFO  Detected constructor definition has more then one argument to resolve. Redefine the rule to explicitly define the param to resolve
16:38:22.534 INFO  Detected constructor definition has more then one argument to resolve. Redefine the rule to explicitly define the param to resolve
16:38:22.534 INFO  Detected constructor definition has more then one argument to resolve. Redefine the rule to explicitly define the param to resolve
16:38:22.534 INFO  Detected constructor definition has more then one argument to resolve. Redefine the rule to explicitly define the param to resolve
16:38:22.534 INFO  Detected constructor definition has more then one argument to resolve. Redefine the rule to explicitly define the param to resolve
16:38:22.534 INFO  Detected constructor definition has more then one argument to resolve. Redefine the rule to explicitly define the param to resolve
16:38:22.534 INFO  Detected constructor definition has more then one argument to resolve. Redefine the rule to explicitly define the param to resolve
16:38:22.534 INFO  Detected constructor definition has more then one argument to resolve. Redefine the rule to explicitly define the param to resolve
16:38:22.534 INFO  Detected constructor definition has more then one argument to resolve. Redefine the rule to explicitly define the param to resolve
16:38:22.534 INFO  Detected constructor definition has more then one argument to resolve. Redefine the rule to explicitly define the param to resolve
16:38:22.534 INFO  Detected constructor definition has more then one argument to resolve. Redefine the rule to explicitly define the param to resolve
16:38:22.534 INFO  Detected constructor definition has more then one argument to resolve. Redefine the rule to explicitly define the param to resolve
16:38:22.534 INFO  Detected constructor definition has more then one argument to resolve. Redefine the rule to explicitly define the param to resolve
16:38:22.534 INFO  Detected constructor definition has more then one argument to resolve. Redefine the rule to explicitly define the param to resolve
16:38:22.534 INFO  Detected constructor definition has more then one argument to resolve. Redefine the rule to explicitly define the param to resolve
16:38:22.534 INFO  Detected constructor definition has more then one argument to resolve. Redefine the rule to explicitly define the param to resolve
16:38:22.534 INFO  Detected constructor definition has more then one argument to resolve. Redefine the rule to explicitly define the param to resolve
16:38:22.534 INFO  Detected constructor definition has more then one argument to resolve. Redefine the rule to explicitly define the param to resolve
16:38:22.534 INFO  Detected constructor definition has more then one argument to resolve. Redefine the rule to explicitly define the param to resolve
16:38:22.534 INFO  Detected constructor definition has more then one argument to resolve. Redefine the rule to explicitly define the param to resolve
16:38:22.534 INFO  Detected constructor definition has more then one argument to resolve. Redefine the rule to explicitly define the param to resolve
16:38:22.534 INFO  Detected constructor definition has more then one argument to resolve. Redefine the rule to explicitly define the param to resolve
16:38:22.534 INFO  Detected constructor definition has more then one argument to resolve. Redefine the rule to explicitly define the param to resolve
16:38:22.534 INFO  Detected constructor definition has more then one argument to resolve. Redefine the rule to explicitly define the param to resolve
16:38:22.534 INFO  Detected constructor definition has more then one argument to resolve. Redefine the rule to explicitly define the param to resolve
16:38:22.534 INFO  Detected constructor definition has more then one argument to resolve. Redefine the rule to explicitly define the param to resolve
16:38:22.535 INFO  Detected constructor definition has more then one argument to resolve. Redefine the rule to explicitly define the param to resolve
16:38:22.535 INFO  Detected constructor definition has more then one argument to resolve. Redefine the rule to explicitly define the param to resolve
16:38:22.535 INFO  Detected constructor definition has more then one argument to resolve. Redefine the rule to explicitly define the param to resolve
16:38:22.535 INFO  Detected constructor definition has more then one argument to resolve. Redefine the rule to explicitly define the param to resolve
16:38:22.535 INFO  Detected constructor definition has more then one argument to resolve. Redefine the rule to explicitly define the param to resolve
16:38:22.535 INFO  Detected constructor definition has more then one argument to resolve. Redefine the rule to explicitly define the param to resolve
16:38:22.535 INFO  Detected constructor definition has more then one argument to resolve. Redefine the rule to explicitly define the param to resolve
16:38:22.535 INFO  Detected constructor definition has more then one argument to resolve. Redefine the rule to explicitly define the param to resolve
16:38:22.535 INFO  Detected constructor definition has more then one argument to resolve. Redefine the rule to explicitly define the param to resolve
16:38:22.535 INFO  Detected constructor definition has more then one argument to resolve. Redefine the rule to explicitly define the param to resolve
16:38:22.535 INFO  Detected constructor definition has more then one argument to resolve. Redefine the rule to explicitly define the param to resolve
16:38:22.535 INFO  Detected constructor definition has more then one argument to resolve. Redefine the rule to explicitly define the param to resolve
16:38:22.535 INFO  Detected constructor definition has more then one argument to resolve. Redefine the rule to explicitly define the param to resolve
16:38:22.535 INFO  Detected constructor definition has more then one argument to resolve. Redefine the rule to explicitly define the param to resolve
16:38:22.535 INFO  Detected constructor definition has more then one argument to resolve. Redefine the rule to explicitly define the param to resolve
16:38:22.535 INFO  Detected constructor definition has more then one argument to resolve. Redefine the rule to explicitly define the param to resolve
16:38:22.535 INFO  Detected constructor definition has more then one argument to resolve. Redefine the rule to explicitly define the param to resolve
16:38:22.535 INFO  Detected constructor definition has more then one argument to resolve. Redefine the rule to explicitly define the param to resolve
16:38:22.535 INFO  Detected constructor definition has more then one argument to resolve. Redefine the rule to explicitly define the param to resolve
16:38:22.535 INFO  Detected constructor definition has more then one argument to resolve. Redefine the rule to explicitly define the param to resolve
16:38:22.535 INFO  Detected constructor definition has more then one argument to resolve. Redefine the rule to explicitly define the param to resolve
16:38:22.535 INFO  Detected constructor definition has more then one argument to resolve. Redefine the rule to explicitly define the param to resolve
16:38:22.535 INFO  Detected constructor definition has more then one argument to resolve. Redefine the rule to explicitly define the param to resolve
16:38:22.535 INFO  Detected constructor definition has more then one argument to resolve. Redefine the rule to explicitly define the param to resolve
16:38:22.535 INFO  Detected constructor definition has more then one argument to resolve. Redefine the rule to explicitly define the param to resolve
16:38:22.536 INFO  Detected constructor definition has more then one argument to resolve. Redefine the rule to explicitly define the param to resolve
16:38:22.536 INFO  Detected constructor definition has more then one argument to resolve. Redefine the rule to explicitly define the param to resolve
16:38:22.536 INFO  Detected constructor definition has more then one argument to resolve. Redefine the rule to explicitly define the param to resolve
16:38:22.536 INFO  Detected constructor definition has more then one argument to resolve. Redefine the rule to explicitly define the param to resolve
16:38:22.536 INFO  Detected constructor definition has more then one argument to resolve. Redefine the rule to explicitly define the param to resolve
16:38:22.536 INFO  Detected constructor definition has more then one argument to resolve. Redefine the rule to explicitly define the param to resolve
16:38:22.536 INFO  Detected constructor definition has more then one argument to resolve. Redefine the rule to explicitly define the param to resolve
16:38:22.536 INFO  Detected constructor definition has more then one argument to resolve. Redefine the rule to explicitly define the param to resolve
16:38:22.536 INFO  Detected constructor definition has more then one argument to resolve. Redefine the rule to explicitly define the param to resolve
16:38:22.536 INFO  Detected constructor definition has more then one argument to resolve. Redefine the rule to explicitly define the param to resolve
16:38:22.536 INFO  Detected constructor definition has more then one argument to resolve. Redefine the rule to explicitly define the param to resolve
16:38:22.536 INFO  Detected constructor definition has more then one argument to resolve. Redefine the rule to explicitly define the param to resolve
16:38:22.536 INFO  Detected constructor definition has more then one argument to resolve. Redefine the rule to explicitly define the param to resolve
16:38:22.536 INFO  Detected constructor definition has more then one argument to resolve. Redefine the rule to explicitly define the param to resolve
16:38:22.536 INFO  Detected constructor definition has more then one argument to resolve. Redefine the rule to explicitly define the param to resolve
16:38:22.536 INFO  Detected constructor definition has more then one argument to resolve. Redefine the rule to explicitly define the param to resolve
16:38:22.536 INFO  Detected constructor definition has more then one argument to resolve. Redefine the rule to explicitly define the param to resolve
16:38:22.536 INFO  Detected constructor definition has more then one argument to resolve. Redefine the rule to explicitly define the param to resolve
16:38:22.536 INFO  Detected constructor definition has more then one argument to resolve. Redefine the rule to explicitly define the param to resolve
16:38:22.536 INFO  Detected constructor definition has more then one argument to resolve. Redefine the rule to explicitly define the param to resolve
16:38:22.536 INFO  Detected constructor definition has more then one argument to resolve. Redefine the rule to explicitly define the param to resolve
16:38:22.536 INFO  Detected constructor definition has more then one argument to resolve. Redefine the rule to explicitly define the param to resolve
16:38:22.536 INFO  Detected constructor definition has more then one argument to resolve. Redefine the rule to explicitly define the param to resolve
16:38:22.536 INFO  Detected constructor definition has more then one argument to resolve. Redefine the rule to explicitly define the param to resolve
16:38:22.536 INFO  Detected constructor definition has more then one argument to resolve. Redefine the rule to explicitly define the param to resolve
16:38:22.537 INFO  Detected constructor definition has more then one argument to resolve. Redefine the rule to explicitly define the param to resolve
16:38:22.537 INFO  Detected constructor definition has more then one argument to resolve. Redefine the rule to explicitly define the param to resolve
16:38:22.537 INFO  Detected constructor definition has more then one argument to resolve. Redefine the rule to explicitly define the param to resolve
16:38:22.537 INFO  Detected constructor definition has more then one argument to resolve. Redefine the rule to explicitly define the param to resolve
16:38:22.537 INFO  Detected constructor definition has more then one argument to resolve. Redefine the rule to explicitly define the param to resolve
16:38:22.537 INFO  Detected constructor definition has more then one argument to resolve. Redefine the rule to explicitly define the param to resolve
16:38:22.537 INFO  Detected constructor definition has more then one argument to resolve. Redefine the rule to explicitly define the param to resolve
16:38:22.537 INFO  Detected constructor definition has more then one argument to resolve. Redefine the rule to explicitly define the param to resolve
16:38:22.537 INFO  Detected constructor definition has more then one argument to resolve. Redefine the rule to explicitly define the param to resolve
16:38:22.537 INFO  Detected constructor definition has more then one argument to resolve. Redefine the rule to explicitly define the param to resolve
16:38:22.537 INFO  Detected constructor definition has more then one argument to resolve. Redefine the rule to explicitly define the param to resolve
16:38:22.537 INFO  Detected constructor definition has more then one argument to resolve. Redefine the rule to explicitly define the param to resolve
16:38:22.537 INFO  Detected constructor definition has more then one argument to resolve. Redefine the rule to explicitly define the param to resolve
16:38:22.537 INFO  Detected constructor definition has more then one argument to resolve. Redefine the rule to explicitly define the param to resolve
16:38:22.537 INFO  Detected constructor definition has more then one argument to resolve. Redefine the rule to explicitly define the param to resolve
16:38:22.537 INFO  Detected constructor definition has more then one argument to resolve. Redefine the rule to explicitly define the param to resolve
16:38:22.537 INFO  Detected constructor definition has more then one argument to resolve. Redefine the rule to explicitly define the param to resolve
16:38:22.537 INFO  Detected constructor definition has more then one argument to resolve. Redefine the rule to explicitly define the param to resolve
16:38:22.537 INFO  Detected constructor definition has more then one argument to resolve. Redefine the rule to explicitly define the param to resolve
16:38:22.537 INFO  Detected constructor definition has more then one argument to resolve. Redefine the rule to explicitly define the param to resolve
16:38:22.537 INFO  Detected constructor definition has more then one argument to resolve. Redefine the rule to explicitly define the param to resolve
16:38:22.537 INFO  Detected constructor definition has more then one argument to resolve. Redefine the rule to explicitly define the param to resolve
16:38:22.537 INFO  Detected constructor definition has more then one argument to resolve. Redefine the rule to explicitly define the param to resolve
16:38:22.538 INFO  Detected constructor definition has more then one argument to resolve. Redefine the rule to explicitly define the param to resolve
16:38:22.538 INFO  Detected constructor definition has more then one argument to resolve. Redefine the rule to explicitly define the param to resolve
16:38:22.538 INFO  Detected constructor definition has more then one argument to resolve. Redefine the rule to explicitly define the param to resolve
16:38:22.538 INFO  Detected constructor definition has more then one argument to resolve. Redefine the rule to explicitly define the param to resolve
16:38:22.538 INFO  Detected constructor definition has more then one argument to resolve. Redefine the rule to explicitly define the param to resolve
16:38:22.538 INFO  Detected constructor definition has more then one argument to resolve. Redefine the rule to explicitly define the param to resolve
16:38:22.538 INFO  Detected constructor definition has more then one argument to resolve. Redefine the rule to explicitly define the param to resolve
16:38:22.538 INFO  Detected constructor definition has more then one argument to resolve. Redefine the rule to explicitly define the param to resolve
16:38:22.538 INFO  Detected constructor definition has more then one argument to resolve. Redefine the rule to explicitly define the param to resolve
16:38:22.538 INFO  Detected constructor definition has more then one argument to resolve. Redefine the rule to explicitly define the param to resolve
16:38:22.538 INFO  Detected constructor definition has more then one argument to resolve. Redefine the rule to explicitly define the param to resolve
16:38:22.538 INFO  Detected constructor definition has more then one argument to resolve. Redefine the rule to explicitly define the param to resolve
16:38:22.538 INFO  Detected constructor definition has more then one argument to resolve. Redefine the rule to explicitly define the param to resolve
16:38:22.538 INFO  Detected constructor definition has more then one argument to resolve. Redefine the rule to explicitly define the param to resolve
16:38:22.538 INFO  Detected constructor definition has more then one argument to resolve. Redefine the rule to explicitly define the param to resolve
16:38:22.538 INFO  Detected constructor definition has more then one argument to resolve. Redefine the rule to explicitly define the param to resolve
16:38:22.538 INFO  Detected constructor definition has more then one argument to resolve. Redefine the rule to explicitly define the param to resolve
16:38:22.538 INFO  Detected constructor definition has more then one argument to resolve. Redefine the rule to explicitly define the param to resolve
16:38:22.538 INFO  Detected constructor definition has more then one argument to resolve. Redefine the rule to explicitly define the param to resolve
16:38:22.538 INFO  Detected constructor definition has more then one argument to resolve. Redefine the rule to explicitly define the param to resolve
16:38:22.538 INFO  Detected constructor definition has more then one argument to resolve. Redefine the rule to explicitly define the param to resolve
16:38:22.538 INFO  Detected constructor definition has more then one argument to resolve. Redefine the rule to explicitly define the param to resolve
16:38:22.538 INFO  Detected constructor definition has more then one argument to resolve. Redefine the rule to explicitly define the param to resolve
16:38:22.538 INFO  Detected constructor definition has more then one argument to resolve. Redefine the rule to explicitly define the param to resolve
16:38:22.538 INFO  Detected constructor definition has more then one argument to resolve. Redefine the rule to explicitly define the param to resolve
16:38:22.539 INFO  Detected constructor definition has more then one argument to resolve. Redefine the rule to explicitly define the param to resolve
16:38:22.539 INFO  Detected constructor definition has more then one argument to resolve. Redefine the rule to explicitly define the param to resolve
16:38:22.539 INFO  Detected constructor definition has more then one argument to resolve. Redefine the rule to explicitly define the param to resolve
16:38:22.539 INFO  Detected constructor definition has more then one argument to resolve. Redefine the rule to explicitly define the param to resolve
16:38:22.539 INFO  Detected constructor definition has more then one argument to resolve. Redefine the rule to explicitly define the param to resolve
16:38:22.539 INFO  Detected constructor definition has more then one argument to resolve. Redefine the rule to explicitly define the param to resolve
16:38:22.539 INFO  Detected constructor definition has more then one argument to resolve. Redefine the rule to explicitly define the param to resolve
16:38:22.539 INFO  Detected constructor definition has more then one argument to resolve. Redefine the rule to explicitly define the param to resolve
16:38:22.539 INFO  Detected constructor definition has more then one argument to resolve. Redefine the rule to explicitly define the param to resolve
16:38:22.539 INFO  Detected constructor definition has more then one argument to resolve. Redefine the rule to explicitly define the param to resolve
16:38:22.539 INFO  Detected constructor definition has more then one argument to resolve. Redefine the rule to explicitly define the param to resolve
16:38:22.539 INFO  Detected constructor definition has more then one argument to resolve. Redefine the rule to explicitly define the param to resolve
16:38:22.539 INFO  Detected constructor definition has more then one argument to resolve. Redefine the rule to explicitly define the param to resolve
16:38:22.539 INFO  Detected constructor definition has more then one argument to resolve. Redefine the rule to explicitly define the param to resolve
16:38:22.539 INFO  Detected constructor definition has more then one argument to resolve. Redefine the rule to explicitly define the param to resolve
16:38:22.539 INFO  Detected constructor definition has more then one argument to resolve. Redefine the rule to explicitly define the param to resolve
16:38:22.539 INFO  Detected constructor definition has more then one argument to resolve. Redefine the rule to explicitly define the param to resolve
16:38:22.539 INFO  Detected constructor definition has more then one argument to resolve. Redefine the rule to explicitly define the param to resolve
16:38:22.539 INFO  Detected constructor definition has more then one argument to resolve. Redefine the rule to explicitly define the param to resolve
16:38:22.539 INFO  Detected constructor definition has more then one argument to resolve. Redefine the rule to explicitly define the param to resolve
16:38:22.539 INFO  Detected constructor definition has more then one argument to resolve. Redefine the rule to explicitly define the param to resolve
16:38:22.539 INFO  Detected constructor definition has more then one argument to resolve. Redefine the rule to explicitly define the param to resolve
16:38:22.539 INFO  Detected constructor definition has more then one argument to resolve. Redefine the rule to explicitly define the param to resolve
16:38:22.539 INFO  Detected constructor definition has more then one argument to resolve. Redefine the rule to explicitly define the param to resolve
16:38:22.540 INFO  Detected constructor definition has more then one argument to resolve. Redefine the rule to explicitly define the param to resolve
16:38:22.540 INFO  Detected constructor definition has more then one argument to resolve. Redefine the rule to explicitly define the param to resolve
16:38:22.540 INFO  Detected constructor definition has more then one argument to resolve. Redefine the rule to explicitly define the param to resolve
16:38:22.540 INFO  Detected constructor definition has more then one argument to resolve. Redefine the rule to explicitly define the param to resolve
16:38:22.540 INFO  Detected constructor definition has more then one argument to resolve. Redefine the rule to explicitly define the param to resolve
16:38:22.540 INFO  Detected constructor definition has more then one argument to resolve. Redefine the rule to explicitly define the param to resolve
16:38:22.540 INFO  Detected constructor definition has more then one argument to resolve. Redefine the rule to explicitly define the param to resolve
16:38:22.540 INFO  Detected constructor definition has more then one argument to resolve. Redefine the rule to explicitly define the param to resolve
16:38:22.540 INFO  Detected constructor definition has more then one argument to resolve. Redefine the rule to explicitly define the param to resolve
16:38:22.540 INFO  Detected constructor definition has more then one argument to resolve. Redefine the rule to explicitly define the param to resolve
16:38:22.540 INFO  Detected constructor definition has more then one argument to resolve. Redefine the rule to explicitly define the param to resolve
16:38:22.540 INFO  Detected constructor definition has more then one argument to resolve. Redefine the rule to explicitly define the param to resolve
16:38:22.540 INFO  Detected constructor definition has more then one argument to resolve. Redefine the rule to explicitly define the param to resolve
16:38:22.540 INFO  Detected constructor definition has more then one argument to resolve. Redefine the rule to explicitly define the param to resolve
16:38:22.540 INFO  Detected constructor definition has more then one argument to resolve. Redefine the rule to explicitly define the param to resolve
16:38:22.540 INFO  Detected constructor definition has more then one argument to resolve. Redefine the rule to explicitly define the param to resolve
16:38:22.540 INFO  Detected constructor definition has more then one argument to resolve. Redefine the rule to explicitly define the param to resolve
16:38:22.540 INFO  Detected constructor definition has more then one argument to resolve. Redefine the rule to explicitly define the param to resolve
16:38:22.540 INFO  Detected constructor definition has more then one argument to resolve. Redefine the rule to explicitly define the param to resolve
16:38:22.540 INFO  Detected constructor definition has more then one argument to resolve. Redefine the rule to explicitly define the param to resolve
16:38:22.540 INFO  Detected constructor definition has more then one argument to resolve. Redefine the rule to explicitly define the param to resolve
16:38:22.540 INFO  Detected constructor definition has more then one argument to resolve. Redefine the rule to explicitly define the param to resolve
16:38:22.540 INFO  Detected constructor definition has more then one argument to resolve. Redefine the rule to explicitly define the param to resolve
16:38:22.541 INFO  Detected constructor definition has more then one argument to resolve. Redefine the rule to explicitly define the param to resolve
16:38:22.541 INFO  Detected constructor definition has more then one argument to resolve. Redefine the rule to explicitly define the param to resolve
16:38:22.541 INFO  Detected constructor definition has more then one argument to resolve. Redefine the rule to explicitly define the param to resolve
16:38:22.541 INFO  Detected constructor definition has more then one argument to resolve. Redefine the rule to explicitly define the param to resolve
16:38:22.541 INFO  Detected constructor definition has more then one argument to resolve. Redefine the rule to explicitly define the param to resolve
16:38:22.541 INFO  Detected constructor definition has more then one argument to resolve. Redefine the rule to explicitly define the param to resolve
16:38:22.541 INFO  Detected constructor definition has more then one argument to resolve. Redefine the rule to explicitly define the param to resolve
16:38:22.541 INFO  Detected constructor definition has more then one argument to resolve. Redefine the rule to explicitly define the param to resolve
16:38:22.541 INFO  Detected constructor definition has more then one argument to resolve. Redefine the rule to explicitly define the param to resolve
16:38:22.541 INFO  Detected constructor definition has more then one argument to resolve. Redefine the rule to explicitly define the param to resolve
16:38:22.541 INFO  Detected constructor definition has more then one argument to resolve. Redefine the rule to explicitly define the param to resolve
16:38:22.541 INFO  Detected constructor definition has more then one argument to resolve. Redefine the rule to explicitly define the param to resolve
16:38:22.541 INFO  Detected constructor definition has more then one argument to resolve. Redefine the rule to explicitly define the param to resolve
16:38:22.541 INFO  Detected constructor definition has more then one argument to resolve. Redefine the rule to explicitly define the param to resolve
16:38:22.541 INFO  Detected constructor definition has more then one argument to resolve. Redefine the rule to explicitly define the param to resolve
16:38:22.541 INFO  Detected constructor definition has more then one argument to resolve. Redefine the rule to explicitly define the param to resolve
16:38:22.541 INFO  Detected constructor definition has more then one argument to resolve. Redefine the rule to explicitly define the param to resolve
16:38:22.541 INFO  Detected constructor definition has more then one argument to resolve. Redefine the rule to explicitly define the param to resolve
16:38:22.541 INFO  Detected constructor definition has more then one argument to resolve. Redefine the rule to explicitly define the param to resolve
16:38:22.541 INFO  Detected constructor definition has more then one argument to resolve. Redefine the rule to explicitly define the param to resolve
16:38:22.541 INFO  Detected constructor definition has more then one argument to resolve. Redefine the rule to explicitly define the param to resolve
16:38:22.541 INFO  Detected constructor definition has more then one argument to resolve. Redefine the rule to explicitly define the param to resolve
16:38:22.542 INFO  Detected constructor definition has more then one argument to resolve. Redefine the rule to explicitly define the param to resolve
16:38:22.542 INFO  Detected constructor definition has more then one argument to resolve. Redefine the rule to explicitly define the param to resolve
16:38:22.542 INFO  Detected constructor definition has more then one argument to resolve. Redefine the rule to explicitly define the param to resolve
16:38:22.542 INFO  Detected constructor definition has more then one argument to resolve. Redefine the rule to explicitly define the param to resolve
16:38:22.542 INFO  Detected constructor definition has more then one argument to resolve. Redefine the rule to explicitly define the param to resolve
16:38:22.542 INFO  Detected constructor definition has more then one argument to resolve. Redefine the rule to explicitly define the param to resolve
16:38:22.542 INFO  Detected constructor definition has more then one argument to resolve. Redefine the rule to explicitly define the param to resolve
16:38:22.542 INFO  Detected constructor definition has more then one argument to resolve. Redefine the rule to explicitly define the param to resolve
16:38:22.542 INFO  Detected constructor definition has more then one argument to resolve. Redefine the rule to explicitly define the param to resolve
16:38:22.542 INFO  Detected constructor definition has more then one argument to resolve. Redefine the rule to explicitly define the param to resolve
16:38:22.542 INFO  Detected constructor definition has more then one argument to resolve. Redefine the rule to explicitly define the param to resolve
16:38:22.542 INFO  Detected constructor definition has more then one argument to resolve. Redefine the rule to explicitly define the param to resolve
16:38:22.542 INFO  Detected constructor definition has more then one argument to resolve. Redefine the rule to explicitly define the param to resolve
16:38:22.542 INFO  Detected constructor definition has more then one argument to resolve. Redefine the rule to explicitly define the param to resolve
16:38:22.542 INFO  Detected constructor definition has more then one argument to resolve. Redefine the rule to explicitly define the param to resolve
16:38:22.542 INFO  Detected constructor definition has more then one argument to resolve. Redefine the rule to explicitly define the param to resolve
16:38:22.542 INFO  Detected constructor definition has more then one argument to resolve. Redefine the rule to explicitly define the param to resolve
16:38:22.542 INFO  Detected constructor definition has more then one argument to resolve. Redefine the rule to explicitly define the param to resolve
16:38:22.542 INFO  Detected constructor definition has more then one argument to resolve. Redefine the rule to explicitly define the param to resolve
16:38:22.542 INFO  Detected constructor definition has more then one argument to resolve. Redefine the rule to explicitly define the param to resolve
16:38:22.543 INFO  Detected constructor definition has more then one argument to resolve. Redefine the rule to explicitly define the param to resolve
16:38:22.543 INFO  Detected constructor definition has more then one argument to resolve. Redefine the rule to explicitly define the param to resolve
16:38:22.543 INFO  Detected constructor definition has more then one argument to resolve. Redefine the rule to explicitly define the param to resolve
16:38:22.543 INFO  Detected constructor definition has more then one argument to resolve. Redefine the rule to explicitly define the param to resolve
16:38:22.543 INFO  Detected constructor definition has more then one argument to resolve. Redefine the rule to explicitly define the param to resolve
16:38:22.543 INFO  Detected constructor definition has more then one argument to resolve. Redefine the rule to explicitly define the param to resolve
16:38:22.543 INFO  Detected constructor definition has more then one argument to resolve. Redefine the rule to explicitly define the param to resolve
16:38:22.543 INFO  Detected constructor definition has more then one argument to resolve. Redefine the rule to explicitly define the param to resolve
16:38:22.543 INFO  Detected constructor definition has more then one argument to resolve. Redefine the rule to explicitly define the param to resolve
16:38:22.543 INFO  Detected constructor definition has more then one argument to resolve. Redefine the rule to explicitly define the param to resolve
16:38:22.543 INFO  Detected constructor definition has more then one argument to resolve. Redefine the rule to explicitly define the param to resolve
16:38:22.543 INFO  Detected constructor definition has more then one argument to resolve. Redefine the rule to explicitly define the param to resolve
16:38:22.543 INFO  Detected constructor definition has more then one argument to resolve. Redefine the rule to explicitly define the param to resolve
16:38:22.543 INFO  Detected constructor definition has more then one argument to resolve. Redefine the rule to explicitly define the param to resolve
16:38:22.543 INFO  Detected constructor definition has more then one argument to resolve. Redefine the rule to explicitly define the param to resolve
16:38:22.543 INFO  Detected constructor definition has more then one argument to resolve. Redefine the rule to explicitly define the param to resolve
16:38:22.543 INFO  Detected constructor definition has more then one argument to resolve. Redefine the rule to explicitly define the param to resolve
16:38:22.543 INFO  Detected constructor definition has more then one argument to resolve. Redefine the rule to explicitly define the param to resolve
16:38:22.543 INFO  Detected constructor definition has more then one argument to resolve. Redefine the rule to explicitly define the param to resolve
16:38:22.543 INFO  Detected constructor definition has more then one argument to resolve. Redefine the rule to explicitly define the param to resolve
16:38:22.543 INFO  Detected constructor definition has more then one argument to resolve. Redefine the rule to explicitly define the param to resolve
16:38:22.543 INFO  Detected constructor definition has more then one argument to resolve. Redefine the rule to explicitly define the param to resolve
16:38:22.544 INFO  Detected constructor definition has more then one argument to resolve. Redefine the rule to explicitly define the param to resolve
16:38:22.544 INFO  Detected constructor definition has more then one argument to resolve. Redefine the rule to explicitly define the param to resolve
16:38:22.544 INFO  Detected constructor definition has more then one argument to resolve. Redefine the rule to explicitly define the param to resolve
16:38:22.544 INFO  Detected constructor definition has more then one argument to resolve. Redefine the rule to explicitly define the param to resolve
16:38:22.544 INFO  Detected constructor definition has more then one argument to resolve. Redefine the rule to explicitly define the param to resolve
16:38:22.544 INFO  Detected constructor definition has more then one argument to resolve. Redefine the rule to explicitly define the param to resolve
16:38:22.544 INFO  Detected constructor definition has more then one argument to resolve. Redefine the rule to explicitly define the param to resolve
16:38:22.544 INFO  Detected constructor definition has more then one argument to resolve. Redefine the rule to explicitly define the param to resolve
16:38:22.544 INFO  Detected constructor definition has more then one argument to resolve. Redefine the rule to explicitly define the param to resolve
16:38:22.544 INFO  Detected constructor definition has more then one argument to resolve. Redefine the rule to explicitly define the param to resolve
16:38:22.544 INFO  Detected constructor definition has more then one argument to resolve. Redefine the rule to explicitly define the param to resolve
16:38:22.544 INFO  Detected constructor definition has more then one argument to resolve. Redefine the rule to explicitly define the param to resolve
16:38:22.544 INFO  Detected constructor definition has more then one argument to resolve. Redefine the rule to explicitly define the param to resolve
16:38:22.544 INFO  Detected constructor definition has more then one argument to resolve. Redefine the rule to explicitly define the param to resolve
16:38:22.544 INFO  Detected constructor definition has more then one argument to resolve. Redefine the rule to explicitly define the param to resolve
16:38:22.544 INFO  Detected constructor definition has more then one argument to resolve. Redefine the rule to explicitly define the param to resolve
16:38:22.544 INFO  Detected constructor definition has more then one argument to resolve. Redefine the rule to explicitly define the param to resolve
16:38:22.544 INFO  Detected constructor definition has more then one argument to resolve. Redefine the rule to explicitly define the param to resolve
16:38:22.544 INFO  Detected constructor definition has more then one argument to resolve. Redefine the rule to explicitly define the param to resolve
16:38:22.544 INFO  Detected constructor definition has more then one argument to resolve. Redefine the rule to explicitly define the param to resolve
16:38:22.544 INFO  Detected constructor definition has more then one argument to resolve. Redefine the rule to explicitly define the param to resolve
16:38:22.544 INFO  Detected constructor definition has more then one argument to resolve. Redefine the rule to explicitly define the param to resolve
16:38:22.544 INFO  Detected constructor definition has more then one argument to resolve. Redefine the rule to explicitly define the param to resolve
16:38:22.545 INFO  Detected constructor definition has more then one argument to resolve. Redefine the rule to explicitly define the param to resolve
16:38:22.545 INFO  Detected constructor definition has more then one argument to resolve. Redefine the rule to explicitly define the param to resolve
16:38:22.545 INFO  Detected constructor definition has more then one argument to resolve. Redefine the rule to explicitly define the param to resolve
16:38:22.545 INFO  Detected constructor definition has more then one argument to resolve. Redefine the rule to explicitly define the param to resolve
16:38:22.545 INFO  Detected constructor definition has more then one argument to resolve. Redefine the rule to explicitly define the param to resolve
16:38:22.545 INFO  Detected constructor definition has more then one argument to resolve. Redefine the rule to explicitly define the param to resolve
16:38:22.545 INFO  Detected constructor definition has more then one argument to resolve. Redefine the rule to explicitly define the param to resolve
16:38:22.545 INFO  Detected constructor definition has more then one argument to resolve. Redefine the rule to explicitly define the param to resolve
16:38:22.545 INFO  Detected constructor definition has more then one argument to resolve. Redefine the rule to explicitly define the param to resolve
16:38:22.545 INFO  Detected constructor definition has more then one argument to resolve. Redefine the rule to explicitly define the param to resolve
16:38:22.545 INFO  Detected constructor definition has more then one argument to resolve. Redefine the rule to explicitly define the param to resolve
16:38:22.545 INFO  Detected constructor definition has more then one argument to resolve. Redefine the rule to explicitly define the param to resolve
16:38:22.545 INFO  Detected constructor definition has more then one argument to resolve. Redefine the rule to explicitly define the param to resolve
16:38:22.545 INFO  Detected constructor definition has more then one argument to resolve. Redefine the rule to explicitly define the param to resolve
16:38:22.545 INFO  Detected constructor definition has more then one argument to resolve. Redefine the rule to explicitly define the param to resolve
16:38:22.545 INFO  Detected constructor definition has more then one argument to resolve. Redefine the rule to explicitly define the param to resolve
16:38:22.545 INFO  Detected constructor definition has more then one argument to resolve. Redefine the rule to explicitly define the param to resolve
16:38:22.545 INFO  Detected constructor definition has more then one argument to resolve. Redefine the rule to explicitly define the param to resolve
16:38:22.545 INFO  Detected constructor definition has more then one argument to resolve. Redefine the rule to explicitly define the param to resolve
16:38:22.545 INFO  Detected constructor definition has more then one argument to resolve. Redefine the rule to explicitly define the param to resolve
16:38:22.546 INFO  Detected constructor definition has more then one argument to resolve. Redefine the rule to explicitly define the param to resolve
16:38:22.546 INFO  Detected constructor definition has more then one argument to resolve. Redefine the rule to explicitly define the param to resolve
16:38:22.546 INFO  Detected constructor definition has more then one argument to resolve. Redefine the rule to explicitly define the param to resolve
16:38:22.546 INFO  Detected constructor definition has more then one argument to resolve. Redefine the rule to explicitly define the param to resolve
16:38:22.546 INFO  Detected constructor definition has more then one argument to resolve. Redefine the rule to explicitly define the param to resolve
16:38:22.546 INFO  Detected constructor definition has more then one argument to resolve. Redefine the rule to explicitly define the param to resolve
16:38:22.546 INFO  Detected constructor definition has more then one argument to resolve. Redefine the rule to explicitly define the param to resolve
16:38:22.546 INFO  Detected constructor definition has more then one argument to resolve. Redefine the rule to explicitly define the param to resolve
16:38:22.546 INFO  Detected constructor definition has more then one argument to resolve. Redefine the rule to explicitly define the param to resolve
16:38:22.546 INFO  Detected constructor definition has more then one argument to resolve. Redefine the rule to explicitly define the param to resolve
16:38:22.546 INFO  Detected constructor definition has more then one argument to resolve. Redefine the rule to explicitly define the param to resolve
16:38:22.546 INFO  Detected constructor definition has more then one argument to resolve. Redefine the rule to explicitly define the param to resolve
16:38:22.546 INFO  Detected constructor definition has more then one argument to resolve. Redefine the rule to explicitly define the param to resolve
16:38:22.546 INFO  Detected constructor definition has more then one argument to resolve. Redefine the rule to explicitly define the param to resolve
16:38:22.546 INFO  Detected constructor definition has more then one argument to resolve. Redefine the rule to explicitly define the param to resolve
16:38:22.546 INFO  Detected constructor definition has more then one argument to resolve. Redefine the rule to explicitly define the param to resolve
16:38:22.546 INFO  Detected constructor definition has more then one argument to resolve. Redefine the rule to explicitly define the param to resolve
16:38:22.546 INFO  Detected constructor definition has more then one argument to resolve. Redefine the rule to explicitly define the param to resolve
16:38:22.546 INFO  Detected constructor definition has more then one argument to resolve. Redefine the rule to explicitly define the param to resolve
16:38:22.547 INFO  Detected constructor definition has more then one argument to resolve. Redefine the rule to explicitly define the param to resolve
16:38:22.547 INFO  Detected constructor definition has more then one argument to resolve. Redefine the rule to explicitly define the param to resolve
16:38:22.547 INFO  Detected constructor definition has more then one argument to resolve. Redefine the rule to explicitly define the param to resolve
16:38:22.547 INFO  Detected constructor definition has more then one argument to resolve. Redefine the rule to explicitly define the param to resolve
16:38:22.547 INFO  Detected constructor definition has more then one argument to resolve. Redefine the rule to explicitly define the param to resolve
16:38:22.547 INFO  Detected constructor definition has more then one argument to resolve. Redefine the rule to explicitly define the param to resolve
16:38:22.547 INFO  Detected constructor definition has more then one argument to resolve. Redefine the rule to explicitly define the param to resolve
16:38:22.547 INFO  Detected constructor definition has more then one argument to resolve. Redefine the rule to explicitly define the param to resolve
16:38:22.547 INFO  Detected constructor definition has more then one argument to resolve. Redefine the rule to explicitly define the param to resolve
16:38:22.547 INFO  Detected constructor definition has more then one argument to resolve. Redefine the rule to explicitly define the param to resolve
16:38:22.547 INFO  Detected constructor definition has more then one argument to resolve. Redefine the rule to explicitly define the param to resolve
16:38:22.547 INFO  Detected constructor definition has more then one argument to resolve. Redefine the rule to explicitly define the param to resolve
16:38:22.547 INFO  Detected constructor definition has more then one argument to resolve. Redefine the rule to explicitly define the param to resolve
16:38:22.547 INFO  Detected constructor definition has more then one argument to resolve. Redefine the rule to explicitly define the param to resolve
16:38:22.547 INFO  Detected constructor definition has more then one argument to resolve. Redefine the rule to explicitly define the param to resolve
16:38:22.547 INFO  Detected constructor definition has more then one argument to resolve. Redefine the rule to explicitly define the param to resolve
16:38:22.547 INFO  Detected constructor definition has more then one argument to resolve. Redefine the rule to explicitly define the param to resolve
16:38:22.547 INFO  Detected constructor definition has more then one argument to resolve. Redefine the rule to explicitly define the param to resolve
16:38:22.547 INFO  Detected constructor definition has more then one argument to resolve. Redefine the rule to explicitly define the param to resolve
16:38:22.547 INFO  Detected constructor definition has more then one argument to resolve. Redefine the rule to explicitly define the param to resolve
16:38:22.548 INFO  Detected constructor definition has more then one argument to resolve. Redefine the rule to explicitly define the param to resolve
16:38:22.548 INFO  Detected constructor definition has more then one argument to resolve. Redefine the rule to explicitly define the param to resolve
16:38:22.548 INFO  Detected constructor definition has more then one argument to resolve. Redefine the rule to explicitly define the param to resolve
16:38:22.548 INFO  Detected constructor definition has more then one argument to resolve. Redefine the rule to explicitly define the param to resolve
16:38:22.548 INFO  Detected constructor definition has more then one argument to resolve. Redefine the rule to explicitly define the param to resolve
16:38:22.548 INFO  Detected constructor definition has more then one argument to resolve. Redefine the rule to explicitly define the param to resolve
16:38:22.548 INFO  Detected constructor definition has more then one argument to resolve. Redefine the rule to explicitly define the param to resolve
16:38:22.548 INFO  Detected constructor definition has more then one argument to resolve. Redefine the rule to explicitly define the param to resolve
16:38:22.548 INFO  Detected constructor definition has more then one argument to resolve. Redefine the rule to explicitly define the param to resolve
16:38:22.548 INFO  Detected constructor definition has more then one argument to resolve. Redefine the rule to explicitly define the param to resolve
16:38:22.548 INFO  Detected constructor definition has more then one argument to resolve. Redefine the rule to explicitly define the param to resolve
16:38:22.548 INFO  Detected constructor definition has more then one argument to resolve. Redefine the rule to explicitly define the param to resolve
16:38:22.548 INFO  Detected constructor definition has more then one argument to resolve. Redefine the rule to explicitly define the param to resolve
16:38:22.548 INFO  Detected constructor definition has more then one argument to resolve. Redefine the rule to explicitly define the param to resolve
16:38:22.548 INFO  Detected constructor definition has more then one argument to resolve. Redefine the rule to explicitly define the param to resolve
16:38:22.548 INFO  Detected constructor definition has more then one argument to resolve. Redefine the rule to explicitly define the param to resolve
16:38:22.548 INFO  Detected constructor definition has more then one argument to resolve. Redefine the rule to explicitly define the param to resolve
16:38:22.548 INFO  Detected constructor definition has more then one argument to resolve. Redefine the rule to explicitly define the param to resolve
16:38:22.548 INFO  Detected constructor definition has more then one argument to resolve. Redefine the rule to explicitly define the param to resolve
16:38:22.548 INFO  Detected constructor definition has more then one argument to resolve. Redefine the rule to explicitly define the param to resolve
16:38:22.549 INFO  Detected constructor definition has more then one argument to resolve. Redefine the rule to explicitly define the param to resolve
16:38:22.549 INFO  Detected constructor definition has more then one argument to resolve. Redefine the rule to explicitly define the param to resolve
16:38:22.549 INFO  Detected constructor definition has more then one argument to resolve. Redefine the rule to explicitly define the param to resolve
16:38:22.549 INFO  Detected constructor definition has more then one argument to resolve. Redefine the rule to explicitly define the param to resolve
16:38:22.549 INFO  Detected constructor definition has more then one argument to resolve. Redefine the rule to explicitly define the param to resolve
16:38:22.550 INFO  Detected constructor definition has more then one argument to resolve. Redefine the rule to explicitly define the param to resolve
16:38:22.551 INFO  Detected constructor definition has more then one argument to resolve. Redefine the rule to explicitly define the param to resolve
16:38:22.551 INFO  Detected constructor definition has more then one argument to resolve. Redefine the rule to explicitly define the param to resolve
16:38:22.551 INFO  Detected constructor definition has more then one argument to resolve. Redefine the rule to explicitly define the param to resolve
16:38:22.551 INFO  Detected constructor definition has more then one argument to resolve. Redefine the rule to explicitly define the param to resolve
16:38:22.552 INFO  Detected constructor definition has more then one argument to resolve. Redefine the rule to explicitly define the param to resolve
16:38:22.552 INFO  Detected constructor definition has more then one argument to resolve. Redefine the rule to explicitly define the param to resolve
16:38:22.552 INFO  Detected constructor definition has more then one argument to resolve. Redefine the rule to explicitly define the param to resolve
16:38:22.553 INFO  Detected constructor definition has more then one argument to resolve. Redefine the rule to explicitly define the param to resolve
16:38:22.555 INFO  Detected constructor definition has more then one argument to resolve. Redefine the rule to explicitly define the param to resolve
16:38:22.555 INFO  Detected constructor definition has more then one argument to resolve. Redefine the rule to explicitly define the param to resolve
16:38:22.555 INFO  Detected constructor definition has more then one argument to resolve. Redefine the rule to explicitly define the param to resolve
16:38:22.556 INFO  Detected constructor definition has more then one argument to resolve. Redefine the rule to explicitly define the param to resolve
16:38:22.561 INFO  Detected (SecretKey) PBKDF2
16:38:22.571 INFO  Detected constructor definition has more then one argument to resolve. Redefine the rule to explicitly define the param to resolve
16:38:22.571 INFO  Detected constructor definition has more then one argument to resolve. Redefine the rule to explicitly define the param to resolve
16:38:22.572 INFO  Detected constructor definition has more then one argument to resolve. Redefine the rule to explicitly define the param to resolve
16:38:22.572 INFO  Detected constructor definition has more then one argument to resolve. Redefine the rule to explicitly define the param to resolve
16:38:22.572 INFO  Detected constructor definition has more then one argument to resolve. Redefine the rule to explicitly define the param to resolve
16:38:22.572 INFO  Detected constructor definition has more then one argument to resolve. Redefine the rule to explicitly define the param to resolve
16:38:22.572 INFO  Detected constructor definition has more then one argument to resolve. Redefine the rule to explicitly define the param to resolve
16:38:22.573 INFO  Detected constructor definition has more then one argument to resolve. Redefine the rule to explicitly define the param to resolve
16:38:22.573 INFO  Detected constructor definition has more then one argument to resolve. Redefine the rule to explicitly define the param to resolve
16:38:22.573 INFO  Detected constructor definition has more then one argument to resolve. Redefine the rule to explicitly define the param to resolve
16:38:22.573 INFO  Detected constructor definition has more then one argument to resolve. Redefine the rule to explicitly define the param to resolve
16:38:22.574 INFO  Detected constructor definition has more then one argument to resolve. Redefine the rule to explicitly define the param to resolve
16:38:22.574 INFO  Detected constructor definition has more then one argument to resolve. Redefine the rule to explicitly define the param to resolve
16:38:22.590 INFO  Detected (Key) EC
16:38:22.590 INFO  Detected (Key) EC
16:38:22.655 INFO  Detected (Signature) ECDSA-SHA-256
16:38:22.740 INFO  Detected (Key) EC
16:38:22.740 INFO  Detected (Key) EC
16:38:22.813 INFO  Detected (KeyAgreement) ECDH
16:38:23.200 INFO  100% analyzed
16:38:23.200 INFO  Batch processing: Done.
16:38:23.201 INFO  Did not optimize analysis for any files, performed a full analysis for all 1 files.
16:38:23.202 INFO  No "Test" source files to scan.
16:38:23.203 INFO  No "Generated" source files to scan.
16:38:23.204 INFO  Sensor JavaSensor [java] (done) | time=2492ms
16:38:23.204 INFO  Sensor Python Sensor [python]
16:38:23.208 WARN  Your code is analyzed as compatible with all Python 3 versions by default. You can get a more precise analysis by setting the exact Python version in your configuration via the parameter "sonar.python.version"
16:38:23.370 INFO  Starting global symbols computation
16:38:23.373 INFO  1 source file to be analyzed
16:38:23.539 INFO  1/1 source file has been analyzed
16:38:23.540 INFO  Finished step global symbols computation in 168ms
16:38:23.564 INFO  Starting rules execution
16:38:23.564 INFO  1 source file to be analyzed
16:38:23.897 INFO  Detected (AuthenticatedEncryption) AES-GCM
16:38:23.902 INFO  Detected (BlockCipher) AES-CBC
16:38:23.905 INFO  Detected (PrivateKey) RSA
16:38:23.908 INFO  Detected (MessageDigest) SHA-256
16:38:23.910 INFO  Detected (MessageDigest) MD5
16:38:23.913 INFO  Detected (PasswordBasedKeyDerivationFunction) PBKDF2-SHA-256
16:38:23.915 INFO  Detected (PrivateKey) EC-secp256r1
16:38:23.917 INFO  Detected (PrivateKey) EC-secp256r1
16:38:23.918 INFO  Detected (PrivateKey) EC-secp256r1
16:38:23.964 INFO  1/1 source file has been analyzed
16:38:23.964 INFO  Finished step rules execution in 400ms
16:38:23.964 INFO  The Python analyzer was able to leverage cached data from previous analyses for 0 out of 1 files. These files were not parsed.
16:38:23.966 INFO  Sensor Python Sensor [python] (done) | time=762ms
16:38:23.966 INFO  Sensor Cobertura Sensor for Python coverage [python]
16:38:24.486 INFO  Sensor Cobertura Sensor for Python coverage [python] (done) | time=520ms
16:38:24.486 INFO  Sensor PythonXUnitSensor [python]
16:38:24.991 INFO  Sensor PythonXUnitSensor [python] (done) | time=504ms
16:38:24.991 INFO  Sensor Python Dependency Sensor [python]
16:38:24.997 INFO  Sensor Python Dependency Sensor [python] (done) | time=6ms
16:38:24.997 INFO  Sensor SurefireSensor [java]
16:38:24.997 INFO  parsing [/home/tako/naryun/cbom/cbom-lab/target/surefire-reports]
16:38:24.998 INFO  Sensor SurefireSensor [java] (done) | time=2ms
16:38:24.998 INFO  Sensor Code Quality and Security for Go [go]
16:38:25.023 INFO  1 folder (1 file) to be analyzed
16:38:25.135 INFO  1/1 folder (1 file) has been analyzed
16:38:25.135 INFO  Sensor Code Quality and Security for Go [go] (done) | time=137ms
16:38:25.135 INFO  Sensor JaCoCo XML Report Importer [jacoco]
16:38:25.136 INFO  'sonar.coverage.jacoco.xmlReportPaths' is not defined. Using default locations: target/site/jacoco/jacoco.xml,target/site/jacoco-it/jacoco.xml,build/reports/jacoco/test/jacocoTestReport.xml
16:38:25.136 INFO  No report imported, no coverage information will be imported by JaCoCo XML Report Importer
16:38:25.136 INFO  Sensor JaCoCo XML Report Importer [jacoco] (done) | time=1ms
16:38:25.136 INFO  Sensor IaC hadolint report Sensor [iac]
16:38:25.138 INFO  Sensor IaC hadolint report Sensor [iac] (done) | time=2ms
16:38:25.138 INFO  Sensor IaC Docker Sensor [iac]
16:38:25.140 INFO  There are no files to be analyzed for the Docker language
16:38:25.140 INFO  Sensor IaC Docker Sensor [iac] (done) | time=2ms
16:38:25.140 INFO  Sensor Cryptography for Go [crypto]
16:38:25.148 INFO  1 folder (1 file) to be analyzed
16:38:25.229 INFO  Detected (AuthenticatedEncryption) AES-128-GCM
16:38:25.235 INFO  Detected (PublicKeyEncryption) RSA-2048
16:38:25.239 INFO  Detected (PublicKeyEncryption) RSA-OAEP
16:38:25.241 INFO  Detected (MessageDigest) MD5
16:38:25.242 INFO  Detected (MessageDigest) SHA-256
16:38:25.244 INFO  Detected (Signature) ECDSA-secp256r1
16:38:25.246 INFO  Detected (MessageDigest) SHA-256
16:38:25.248 INFO  Detected (KeyAgreement) ECDH
16:38:25.253 INFO  1/1 folder (1 file) has been analyzed
16:38:25.253 INFO  Sensor Cryptography for Go [crypto] (done) | time=113ms
16:38:25.253 INFO  Sensor TextAndSecretsSensor [text]
16:38:25.256 INFO  Available processors: 80
16:38:25.256 INFO  Using 80 threads for analysis.
16:38:25.576 INFO  The property "sonar.tests" is not set. To improve the analysis accuracy, we categorize a file as a test file if any of the following is true:
  * The filename starts with "test"
  * The filename contains "test." or "tests."
  * Any directory in the file path is named: "doc", "docs", "test", "tests", "mock" or "mocks"
  * Any directory in the file path has a name ending in "test" or "tests"

16:38:25.600 INFO  Start fetching files for the text and secrets analysis
16:38:25.606 INFO  Using Git CLI to retrieve untracked files
16:38:25.608 WARN  Retrieving only language associated files, make sure to run the analysis inside a git repository to make use of inclusions specified via "sonar.text.inclusions"
16:38:25.609 INFO  Starting the text and secrets analysis
16:38:25.610 INFO  3 source files to be analyzed for the text and secrets analysis
16:38:25.625 INFO  3/3 source files have been analyzed for the text and secrets analysis
16:38:25.626 INFO  Sensor TextAndSecretsSensor [text] (done) | time=373ms
16:38:25.629 INFO  ------------- Run sensors on project
16:38:25.779 INFO  Sensor JavaProjectSensor [java]
16:38:25.781 INFO  Sensor JavaProjectSensor [java] (done) | time=2ms
16:38:25.781 INFO  Sensor Zero Coverage Sensor
16:38:25.789 INFO  Sensor Zero Coverage Sensor (done) | time=8ms
16:38:25.789 INFO  Sensor Java CPD Block Indexer
16:38:25.803 INFO  Sensor Java CPD Block Indexer (done) | time=14ms
16:38:25.804 INFO  ------------- Gather SCA dependencies on project
16:38:25.808 INFO  Dependency analysis skipped
16:38:25.810 INFO  SCM Publisher No SCM system was detected. You can use the 'sonar.scm.provider' property to explicitly specify it.
16:38:25.813 INFO  CPD Executor Calculating CPD for 3 files
16:38:25.822 INFO  CPD Executor CPD calculation finished (done) | time=9ms
16:38:25.997 INFO  Analysis report generated in 169ms, dir size=216.5 kB
16:38:26.017 INFO  Analysis report compressed in 20ms, zip size=37.8 kB
16:38:26.376 INFO  Analysis report uploaded in 359ms
16:38:26.377 INFO  ANALYSIS SUCCESSFUL, you can find the results at: http://127.0.0.1:9000/dashboard?id=cbom-lab
16:38:26.378 INFO  Note that you will be able to access the updated dashboard once the server has processed the submitted analysis report
16:38:26.378 INFO  More about the report processing at http://127.0.0.1:9000/api/ce/task?id=ae3aca5b-eb71-49fe-9788-f17746e002e4
16:38:26.381 INFO  Executing post-job 'Output generation'
16:38:26.713 INFO  CBOM was successfully generated '/home/tako/naryun/cbom/cbom-lab/results/sonar/cbom.json'.
16:38:26.714 INFO  ========== CBOM Statistics ==========
16:38:26.714 INFO  Detected Assets                  : 32
16:38:26.714 INFO   - MessageDigest                 : 7
16:38:26.714 INFO   - PasswordBasedKeyDerivationFunction: 1
16:38:26.714 INFO   - PrivateKey                    : 4
16:38:26.714 INFO   - PublicKeyEncryption           : 3
16:38:26.714 INFO   - AuthenticatedEncryption       : 2
16:38:26.714 INFO   - BlockCipher                   : 1
16:38:26.714 INFO   - Signature                     : 2
16:38:26.714 INFO   - SecretKey                     : 5
16:38:26.714 INFO   - Key                           : 5
16:38:26.714 INFO   - KeyAgreement                  : 2
16:38:26.714 INFO  =====================================
16:38:26.722 INFO  Analysis total time: 9.304 s
16:38:26.724 INFO  SonarScanner Engine completed successfully
16:38:26.854 INFO  EXECUTION SUCCESS
16:38:26.855 INFO  Total time: 22.728s
